mass,thrust,fuel_time,max_height,landing_velocity,failure
1.0441461226505295,14.787337912179035,5.086148828862709,81.71177672488602,-40.09761363214799,True
1.0646438967099443,15.655523155863582,5.358793468606864,106.98031851600719,-45.67083143888239,True
0.9589585415558258,14.71946816407693,5.003727815875258,110.52046401775462,-46.58187240411948,True
0.9649083919454889,15.520828697901164,5.139999821400628,136.45259298328205,-51.55777043020813,True
0.9804362155298578,14.86471489028717,4.863184811282614,99.2899453930161,-43.919993581850505,True
0.9695610838345828,14.280467641002591,4.590661133540509,78.13586489561538,-39.17653731986696,True
1.0566908293762118,14.603408895334267,5.269239086165894,79.34366249504825,-39.569292747140274,True
0.9250193115155994,14.831539525774364,4.712054241379037,114.7587463961163,-47.44563029701548,True
1.027135256412024,15.611237955787596,5.224579333807295,115.06218601769353,-47.73622526951024,True
1.0693350087550269,14.828380230017064,5.325090321295286,82.07233941258725,-40.09849195661488,True
0.9710631093116467,13.928109550429197,4.326665468718857,62.710258007651014,-35.21677190294026,True
1.073603140331427,16.664701622105138,5.3134455324975,129.3527889152659,-50.37213553185065,True
1.057866708543623,15.31135609455336,5.0763719166300785,89.4909837064883,-41.94159623990185,True
0.9825380993819457,16.361012416625705,4.709064848239316,131.01653269556292,-50.88652496569069,True
1.0409396864492912,13.90749244983112,4.478068910577634,48.96294141122268,-31.110673184200643,True
0.9586691378434803,14.746402246007056,4.9787523287727,109.21686501679751,-46.204699057878386,True
0.9449132045409163,15.190870825744204,4.946422716243547,125.81516011484449,-49.91346281153191,True
0.9768105712730027,15.657929768522246,5.327612077110796,145.4465115552838,-53.54338238755634,True
1.067515495305379,13.112552244388738,5.019422677470753,39.490908336953375,-27.731122806064942,True
0.9770846917722077,13.142269934861682,4.6736921771519855,55.13215008537589,-32.92068709561333,True
1.0020837815376233,14.338644942680514,4.5338796637369425,67.92703749424669,-36.42833046109275,True
0.9497811973690199,15.546823712744047,5.043931900872438,139.55291548630728,-52.224819409100405,True
1.043332611290284,14.327159944099098,5.001272103385649,70.00982126979768,-37.091335984659864,True
1.041572996963609,14.873037547807566,5.396124741812566,94.85426054788485,-43.06373950765511,True
0.9647850263348049,15.05185189158578,4.852445657936351,110.56835208849179,-46.669377542067245,True
0.8841474022910379,14.171672945627492,5.125603548078632,134.7456969686094,-51.359047526733406,True
0.9819136113866189,16.464203351143777,4.960167887710656,148.64904614336567,-53.993168689897765,True
1.0221266022474857,14.204935117371386,4.189302546762734,51.07222270864245,-31.882784912773268,True
0.9993402406518848,12.934883465086093,5.214813916734751,56.97849943750206,-33.58052920058097,True
1.004024035443366,14.017650338546355,4.872170612424751,70.93241902738089,-37.53680242488823,True
1.0174763864981422,14.166439818618809,5.197735778706583,78.92797298951078,-39.4338067037674,True
0.9744522003467397,15.17364920504373,5.050772926196584,118.93445528634193,-48.115523930073834,True
0.937233810731251,15.22503032999794,4.703368571649272,120.207769845807,-48.40593730076233,True
1.0369502472695546,15.586789262740583,4.947730744738293,98.01819205576668,-43.805187832202584,True
0.9557550402462747,16.879440954627675,4.99059010955523,176.67279528401752,-58.84577850053362,True
0.9399191207760317,15.028371481184182,5.055204203880533,130.97514349344556,-50.89107471974967,True
1.0250032361918835,15.844504307006387,5.153698162054233,120.32639110575988,-48.61987827699372,True
0.94470929484546,14.55499005203433,5.0091544566534605,112.08614901202519,-46.78243073851384,True
0.9590906470760849,15.289556904211462,5.523863211407052,153.46624763387575,-54.749440378579806,True
1.079028903166438,14.6513755470504,5.252161543287236,73.25849334437565,-37.907022814037326,True
1.0794281673587816,14.850692022458334,5.298795404029299,77.76604287030007,-38.91699625752881,True
1.059563312468918,15.166349541895274,5.247476554786441,90.56490188253709,-42.082187746032254,True
1.0379683115435043,15.98389809737607,5.022926194621814,111.87809181951654,-46.82095984823766,True
1.0578198993515155,14.946165658835893,5.21955569167978,85.73409617648552,-41.08911693404331,True
1.098130217931264,14.943404837849544,5.37464311950638,76.81655162114862,-38.84105986991653,True
1.0547065838041634,15.313498484491507,5.0378064042488475,88.8768898766531,-41.94552729764584,True
1.0125639197335559,15.87859143848926,5.315226566499286,134.32408995806597,-51.48160339693795,True
1.043647449602325,13.591955642657988,4.609329088566817,46.12578316883864,-30.18316670939262,True
0.9767529262401472,15.243911076556387,5.329703338701697,131.98049699130644,-50.901038975845026,True
1.0073160330385265,13.668909251939233,4.768716876089429,59.91171466072613,-34.43725984361516,True
1.0095397175023388,16.30921070448666,4.608680232693947,112.96936717487445,-47.01330520095802,True
0.9930958424282429,15.338746283148245,4.916270750075653,108.70238994214952,-46.17035095431141,True
0.9842578174218608,16.226586058142615,5.062213649750422,145.91240153676435,-53.2608213216988,True
1.0643930868218106,13.335163582068153,5.1004236896236606,46.04230094073129,-30.14513726481722,True
0.952351124665835,14.831119679347042,5.387146841612877,133.39395889005854,-51.28291763573465,True
1.0073886801534602,15.87035694462239,4.832835101425766,112.26852337662635,-46.70881338754645,True
0.9355335527334351,16.40413665959466,5.493202571366953,208.83256200075797,-63.95361137798458,True
0.8996142218218202,15.3504443166417,5.493841455288358,190.82560070198156,-61.14950172864728,True
1.0597592274212742,14.572371665499226,5.067687886460826,71.83457180401376,-37.781716545570795,True
1.0642934780706081,14.730075791192393,4.751746649356588,65.50551285473288,-36.081354204632504,True
0.9757296508104978,13.95785666059005,5.74724163596012,108.36035129847546,-46.25699067300443,True
1.002531619986608,16.462780049202237,5.517461555238529,170.44244607307402,-57.974296757988526,True
0.9855353213503727,15.651300240820605,5.057137454901888,127.81603141197003,-49.97032857432833,True
0.985587771474579,14.820710417085682,4.591333131319361,84.77744837589238,-40.69980662284976,True
0.9755984834695262,15.543936169469248,5.186152330221746,134.44514843576977,-51.54686292948152,True
1.0230038378287407,14.889546931279721,4.823024943483939,82.79524378060397,-40.26254867776758,True
0.9809419787293389,14.698656252521499,5.262201446012066,111.00343160981733,-46.64210246823642,True
1.0207506419563992,14.244584520134499,5.068850796061252,76.68370732555337,-38.70145347607338,True
1.0833854612421032,14.262081497413641,4.5211884659937835,46.59568646097247,-30.35413988026694,True
1.0194778384370333,15.380682546934688,4.646011225173336,87.7361944226676,-41.680269191202555,True
1.0062399759786915,16.04753750705482,4.771346892867865,114.95334890625738,-47.54599328916914,True
0.9714258334982199,14.663596948785527,5.492269645520912,122.99972380413396,-48.92243033988924,True
0.9992806067203271,14.207162566242223,4.805019921620654,75.12823119371416,-38.46515626223607,True
0.9164773845890459,15.952455908689847,4.3178744096860555,127.52508023327069,-49.85071076878002,True
1.0769836543257383,15.079038484619895,4.939522648104039,73.28701924958786,-38.1136751631331,True
0.9520972198702773,12.767731866554854,4.921593944706451,60.2947677490933,-34.17243773276903,True
0.9040698112625974,14.294733213475707,5.47694330079753,146.3088255305537,-53.81004685215443,True
0.9947725224639892,15.468567071877688,5.454369455071314,137.613938343954,-51.81580529808295,True
1.017711029642944,14.210266684558139,4.607371308342721,63.90909799716211,-35.62469814019489,True
1.0662252830491092,15.051188136639754,5.118025650813182,82.17798695041245,-40.115899597853115,True
1.0122395090948249,13.755756542568816,5.237524997768496,72.15480088140995,-37.5464998104495,True
1.0462744271371145,14.588553309926457,4.963654393000149,73.43726306788112,-38.19333230964734,True
1.0464916166836316,13.913095819739434,5.05282358218194,61.42519451015091,-34.71004982625126,True
1.0415989686870297,13.768325203463483,5.331680810566848,65.7291498761892,-35.71978574149693,True
0.9433180428429591,14.241358184777551,5.087821937062854,105.81633635066025,-45.629836710775294,True
1.0255469475649621,15.87263376402925,5.201144195737466,123.22368492275884,-49.21750266853824,True
0.9307480785722608,15.416938849339251,5.422067052676552,169.36525336519892,-57.85703794381546,True
1.0997197025935181,17.051823007118475,4.866028924293248,108.07533691887488,-46.15701906751184,True
1.0348824641674654,14.40223783284076,5.238837465474773,80.29035826824764,-39.751873277448404,True
0.9687602560794062,16.019188418314634,4.866673772366635,136.10209387510176,-51.900269291827975,True
1.0187927259286897,16.858208837107025,5.322060302215658,162.63889727733692,-56.66026027128545,True
0.9494718279924532,16.117959262687382,4.8135819091499545,145.83987738771617,-53.5363021197115,True
0.9222656935817043,16.135705918049755,5.130355055292014,181.776754649784,-59.4995220227599,True
1.0438390431891866,15.12080025774302,4.931621908068861,84.58907138914473,-40.61999558986706,True
0.9509573047486632,15.231492916059459,5.1761086732937756,137.01803873464078,-52.08954659835897,True
0.99094927646077,14.07889918293021,4.746564869868937,71.85021436946647,-37.48143569567414,True
1.010277543193648,12.327945731435756,4.916732824370621,36.46175406761834,-26.906458360103176,True
0.9908789936371808,15.204386849824385,4.984208963197292,108.20997431291805,-45.90328651400599,True
0.9485982171314524,14.04047979236508,4.677646454358288,83.17993090060601,-40.30592467712042,True
1.0030351995065327,14.574916335869512,4.817713884041575,82.24419115291647,-40.37855975728074,True
1.0074012493597078,14.173922929794283,4.508112247997631,63.2441681168603,-35.06346044309173,True
1.0435654512169044,15.324071973324298,5.1131510727361045,96.7595853969029,-43.56713875788293,True
1.1222444838527101,14.80039389952375,5.238261713177733,62.589738972006195,-35.23840697258292,True
0.9011840216418026,16.25738712489369,4.5825825118965335,160.1254378337386,-55.827360269839815,True
0.9600739427592345,14.27681141314521,4.648661485310822,82.93375246885137,-40.233520751308234,True
1.0111470997774181,15.180574625018197,4.712356537540896,89.83558807911173,-41.99270141242617,True
1.0505384518505816,14.80889648866595,4.617991359043988,66.59431680853581,-35.98485820493434,True
1.0173167975737665,14.705777639372682,5.1198066815202115,90.77907767318734,-42.293404465362556,True
1.0561496327081223,14.9229943403107,4.792452842539583,71.67609951283129,-37.63531778721963,True
0.9260090186426327,16.52049665339939,5.075059392149506,189.93313697726424,-61.06826959445872,True
0.9841167384617313,15.84308723929667,4.775744852960133,118.89258698005234,-48.29381516346074,True
1.0730801709282647,14.54369397973193,4.8978844684124505,62.087161171873525,-35.122711289740266,True
0.9569875171266513,14.389244539264094,5.3115476841716935,114.63256664943984,-47.57801051361442,True
0.8550482253375555,14.217654074117107,4.653350925221229,127.64203476538573,-49.86938270837585,True
0.9591614324424325,15.115646702326844,4.831443865126231,112.40539967762966,-47.173729032218716,True
1.0218660909150197,13.483827249633746,5.125299057271568,60.38838107696511,-34.55871699380117,True
0.9964597306313843,14.784475306429975,4.904444243993649,93.14893170629543,-42.80533865874093,True
0.9357563060256132,15.382066973664577,5.056596456377885,144.4394932622296,-53.01512874272303,True
0.9639236216557946,14.274546137623497,5.000520906685627,96.22378393354242,-43.42609138557993,True
0.933470941280786,15.040650614200326,4.547979967899123,107.15741147185608,-45.87913721695074,True
0.9393493797962216,15.265400178900789,5.419724834469226,158.46705611958558,-55.638856171494275,True
0.9560502626954002,13.237804772137903,4.970199069465798,71.2154385952836,-37.206759323435286,True
1.0052741285384177,15.206428453830831,5.478432106489931,123.9987216886695,-49.23843289280877,True
0.8805987551830483,14.54113637252114,5.101423455579312,149.62331072610397,-54.26116627440912,True
1.0682869685484964,16.84748012037792,5.3949983094379395,139.71123423785713,-52.178994269814645,True
0.994824399188648,15.198110858187698,5.306682897891242,121.84991653756552,-48.74008999335119,True
0.9446670572368455,14.081095429453153,5.368664577963209,112.89373141624282,-47.03823865769359,True
0.9513232081427171,13.182949085457556,4.933164379310847,70.04727516863836,-36.86293885141371,True
0.9682631913419084,14.950435144803924,5.536135812858575,136.48967234673367,-51.64541221063293,True
1.0003123227856336,16.306075476565486,4.858400989117386,129.48604613742214,-50.59817689208418,True
1.0075670839168656,14.394935155337393,5.1088065152868465,86.46127526999398,-41.19984843030425,True
0.9903082134493341,15.314605993955785,5.258939369345961,125.19442023182013,-49.492232273917836,True
0.9622292986338012,15.740273099803613,5.951674043949741,196.542729566081,-62.24471287315563,True
0.9994518629032723,15.687849136149207,5.328179580185568,134.79388718667235,-51.401976748021575,True
0.8963005820234932,14.995952865371105,4.842175602558746,138.82877097453687,-52.27093231204493,True
0.9392321448634935,14.341750054594836,5.08080716235031,110.5208704365986,-46.71176363970257,True
0.9661894589657091,14.740328265472728,4.596107740574882,89.60969298521708,-42.1462245158529,True
0.9328885979736719,13.930181299800163,5.440976516761645,115.79515743895004,-47.62041307406303,True
0.9890642394903136,14.057247746836799,4.061965634855258,53.6138355186643,-32.47053599518346,True
0.9330969456016803,15.989725480741958,4.94825513916543,156.78547924730572,-55.45886516303965,True
1.0856516393740532,15.335126769387744,5.6587097794726215,100.93982920283109,-44.563438752961666,True
0.9271191472091994,15.287627786949201,5.227934902021093,154.72819507211307,-55.18521047223975,True
1.0755619549731525,14.28267886352593,5.146933709496542,62.2800347817689,-35.10725345868893,True
0.8997384878448031,16.19729283068735,4.642457636327515,162.53321187336707,-56.57266340752136,True
1.1002554505790816,14.767563247012509,5.399251831994861,72.05393917388828,-37.39352103232338,True
1.0291998879180986,15.131224943946693,4.725674458505741,82.70997579357038,-40.528331411879925,True
1.0395794964474998,16.16486078256956,4.728157730050808,102.63212219961278,-44.84124326221109,True
0.9317343396102503,14.277309888761357,5.398726049582457,125.56507894486745,-49.68880280438995,True
0.9838664142167947,14.364675076756054,4.715704103704099,80.43034023374821,-39.53991165239401,True
0.9871278373629324,16.03358594350638,4.560957265317305,112.6873585553569,-46.92774487223344,True
0.9949616809380437,15.813915974702661,4.71078543916426,111.20229893983115,-46.63802378493751,True
1.063630138842277,15.343659952347192,5.0567531048562095,88.27184104331239,-41.69618709780459,True
1.034565903091822,12.822256765857272,4.849258929305119,38.396600504928024,-27.689317431100573,True
0.9917139307223567,16.279119187678937,5.545010257995664,170.22341135733438,-58.007994406563846,True
1.0499550259649817,14.390010900269441,5.010258864017622,69.39511876609629,-36.73593543602281,True
1.0591571637149664,14.420083333147904,4.627945145162777,57.087116376597294,-33.32024906588021,True
0.9716026548452362,14.799886953778103,4.439600826794413,83.36737572047863,-40.61610622968541,True
0.9701377224743493,13.802134694585165,5.270142392871205,89.97114941648162,-41.826480215625566,True
1.1080847626129215,16.218465389266964,5.090074654305743,93.65210859028535,-43.07392934181567,True
0.9880076116637918,15.172216408678654,5.182513357195742,117.38510844272312,-48.16734462575145,True
0.9678514572368309,15.69938090603059,4.871919139464858,127.2579296143601,-50.00979654372504,True
0.9922746167257723,14.225406795930356,5.046259750538269,84.34542724197593,-40.90789644495344,True
1.0537231074211044,15.986617345006998,5.357193664715965,120.89558162828385,-48.546606761535855,True
1.0359190421419024,16.423686690731056,5.001659441605366,124.55933517302218,-49.42819731450934,True
0.9937208725140839,13.725476742777602,4.655811489631766,62.24128581354497,-35.144634897416424,True
1.0305794400158843,13.875005844291653,5.2168332508562285,69.09782785637438,-36.737146118179524,True
1.0125142169419374,14.19479270652972,4.895314169552094,72.21706226173218,-37.743677647708836,True
0.992889191643554,15.924749129495599,5.2898588710904955,143.03314047359592,-52.82487087575167,True
0.984998564262724,15.180998186082483,5.007641528169594,112.23226074783442,-46.755373009660275,True
1.0074020415543394,14.933746432229189,5.258544982532468,106.41722507575274,-45.529202311487865,True
0.9791922835615653,15.367265777802425,5.152106313216657,127.26394575528144,-49.84614484623899,True
1.003531877769432,16.932142946114958,5.389405628552574,177.1073038565255,-58.981223748056856,True
0.9975232436091823,13.25426622278351,5.288622583704728,66.15028209202295,-36.01647080839273,True
0.9274694223744657,14.690065472648078,4.608557499146838,105.23819587815764,-45.54076521573889,True
0.9735356751329577,11.923616281379667,4.437910418857254,30.1358522166089,-24.46803665175856,True
0.9870800342873121,15.506619325848122,4.97691381850865,118.09533111463941,-48.00106676658106,True
1.092985745999772,16.08701021266163,5.180546644314524,99.5659969721399,-44.12727809145647,True
0.9919989010753419,14.693337095112511,4.782397856828147,87.00140332717906,-41.22762884410797,True
1.0136620278140438,15.652780517625116,5.133697491462656,117.56207436720175,-48.004657771675305,True
1.10756613226279,13.464050530606356,5.12105717374201,38.56214169744396,-27.646383763830563,True
0.9210384956308316,15.47865512283862,4.978104281549098,149.80711810367873,-54.29272541503224,True
0.9232798966195145,17.454673590554577,4.80960733706863,206.14398372154392,-63.79889728673262,True
0.9610837211018186,14.618030478826633,4.694187514170344,92.475075453796,-42.7997587911074,True
0.9833465281973551,15.417476880090438,5.7437521637716475,155.05364834425447,-55.03616692948336,True
0.9883943334198286,14.410075155336013,4.363782507953445,68.61327368749764,-36.89417949422023,True
0.9744563182029365,15.17598814492607,4.628347192710859,98.92881660892687,-43.8303283942719,True
0.9383166497195816,16.107756986162347,5.780138198482674,216.53254827536998,-65.24140854320129,True
1.0486994101430478,15.599242961838014,4.69009420165138,84.82642209855715,-40.94122050291997,True
0.9772987661812333,14.89765811679159,4.831207774376535,99.30752012850367,-44.27851075911691,True
1.059216756400233,14.88109144302993,5.204022230610741,83.6686700994772,-40.52848059194343,True
0.9491482238653829,13.798372459910444,5.144321098218183,92.91089762481278,-42.85116878716579,True
1.0979844921736779,16.01814698072787,5.132918669656557,94.2427169031351,-43.078785901346066,True
0.9167113858546415,15.749139426068409,5.448619963945757,191.68620383581077,-61.36677517120417,True
0.9992754206502046,13.744562272135097,4.712585609244084,62.3939700101026,-35.21848953253432,True
0.9500813588495347,15.175885443355979,5.052487278274261,130.51107034653006,-50.480933706228505,True
1.0017781713230451,14.073134915016567,4.9838909364661275,75.86622052690414,-38.65022555574244,True
0.9510244042397168,14.544453491139418,4.736291222803019,96.43921685363554,-43.604565969577116,True
0.8927325230422912,15.81161069355399,5.031125485200892,181.90867147150556,-59.669045989165724,True
0.9609654775471401,15.989631898862596,5.168102284031033,156.60731868916054,-55.23101105395005,True
1.079805354941644,15.711138923030331,5.17546555552671,95.05090948213143,-43.04113961324264,True
0.9499988616965513,14.729374602780611,5.320830831315974,128.80683981232303,-50.46626468753047,True
1.0254222455254243,15.460557013870824,4.987996335828206,101.1950575226363,-44.78620386036011,True
1.0002847856875523,14.227411368065738,4.697789646104753,70.67793515300033,-37.136204435083734,True
0.9772661645043196,15.752776883514969,4.584776462264379,109.68418631980292,-46.51454761709894,True
1.1021678457497042,14.981734077893762,4.861576660963126,62.9295093347779,-34.92794870872192,True
0.9842737754600368,14.525177635541976,4.594201259678856,78.74129359456815,-39.53613381739068,True
1.0084718782286481,14.271197268162055,4.786788181832351,72.14715866688007,-37.53121631671161,True
1.0042831406744464,15.678439783855195,4.645454739492904,99.81581812940249,-44.14518452883118,True
1.0787500822404397,14.863113602857835,4.803555354436048,65.54949870617884,-35.69077302132303,True
0.9250704521240529,14.510407806315758,5.535033728487863,144.69815430064364,-53.22718372120589,True
1.1122085475600083,14.506580742153304,4.962996502920892,53.7322531151671,-32.394299244808025,True
1.0759723696615047,13.756664766893644,5.471685870363247,58.65363559876846,-34.1571699211823,True
1.0198833316638762,15.166525468116424,5.125302386959332,101.73728258095241,-44.5686556988662,True
1.0309078567258234,15.28732621218283,4.813272580946932,89.23326257457133,-41.87538008682217,True
0.9885966386864204,13.518323079117485,4.96301132379629,67.33321806361631,-36.10522222042097,True
1.0075042765493505,13.923949272497149,4.5047954136751995,58.48225124250493,-33.74641536325186,True
1.0209995808983703,13.351846043949857,4.900670111811139,53.35922678014777,-32.38671298045182,True
0.9545695939569999,16.204615412181006,4.606749262704484,134.06249249051314,-51.04486973850643,True
1.0759700444785727,15.618335968588426,5.179565704307321,94.13729578292627,-43.219951569866744,True
1.0112060615651692,16.10399410569217,4.869532611748689,119.18595472623814,-48.51389507217407,True
1.0070803790994072,16.620269744043792,4.908916349517734,137.9567387748629,-52.21457456839946,True
0.956665364495732,15.439243180738455,4.874619615529288,124.98973918235845,-49.43184192313624,True
1.058487123166157,14.939918520496498,5.269518152718692,86.98493802812186,-41.442140597362446,True
0.9977028727731083,15.195215580021872,4.733049277798299,94.93433063931305,-42.924043872137396,True
0.9737413250118171,14.355269224300361,4.713247727922896,83.62273008775256,-40.336172613104736,True
0.9456988306588997,14.196421952550056,5.1027790378949,105.55716341761634,-45.31542671365726,True
0.9919235579871785,14.579512128784586,5.325898406423668,104.81784379938564,-45.46101517768491,True
0.9415145398387395,14.751869332462409,5.0993836045669605,121.68346428361707,-49.09351089083099,True
1.0172915693772218,13.339807840273084,5.656055937407397,71.72807619401205,-37.580044252562935,True
1.0387187836340996,13.76357583299743,4.719723609077495,52.428697338637086,-32.216975965768654,True
0.9803486710839762,13.729692105132628,4.350032755769423,57.97361005273943,-33.53540857601491,True
1.0118053383084114,13.687783435177442,5.146169098266814,67.9944066845981,-36.76888864074768,True
1.0610064863010658,15.637315625026963,4.9540140460877,92.55140913831772,-42.55754793267311,True
0.9913581773345235,14.665609235840405,5.141469129669575,99.66138442008854,-43.98622414998296,True
0.9947291607048591,14.807236410276827,5.256912631256064,108.17427974036818,-46.18330842039659,True
1.0002756560545256,15.382788419142187,4.542394063588405,90.36381010957629,-41.86160100833478,True
0.9779706065058382,15.822833512719066,4.913989451986822,128.69646310970757,-50.38569945443723,True
0.9824173339684481,15.455648377810835,5.175818169149222,128.40845978444239,-50.1367297319751,True
0.9615623060381038,16.637720062891223,5.076646146026401,171.87174197921706,-57.92472109272879,True
1.021474106818949,15.039575281250615,4.947198688096031,90.34754046281998,-41.89615344185455,True
0.9964219263246586,15.197283087595626,5.221475173386575,116.59978525254147,-47.94825941395647,True
1.0299414823936812,14.394750706006736,5.298994242071192,83.36695286795907,-40.21221515371392,True
1.051088101085593,13.105774043902784,4.38464569482799,32.71380994134232,-25.579419276639335,True
0.9474666420944516,15.078990268185796,5.472734687153123,149.80751517546975,-54.221659485753804,True
0.9581628312441863,15.863884320180672,4.633161508900413,123.10097649579569,-49.07047700076439,True
1.034594114696364,14.25771370453527,5.178632803403314,75.42073502848815,-38.70143967651045,True
0.9872815555490949,14.489204569116733,4.900819810128169,89.18257687257233,-41.640999621702555,True
1.0040356807468216,15.960365472217259,5.376479450431435,143.79028156234233,-52.971947479449774,True
1.0041786481838555,14.951012828036061,5.2163194955434875,106.23110765226346,-45.439811653782535,True
0.9525990885400745,14.076656173682773,5.176798488047427,101.16077629076732,-44.31255716923114,True
1.0253023554155636,14.042061244783948,5.066596798543669,70.54867599338749,-37.08178666811205,True
1.0124460079507414,15.656303024828356,4.838804621757782,104.82134353555386,-45.17287624316272,True
0.9495762171240396,14.868827277870782,4.702973597820206,105.31313883425044,-45.30468483956719,True
0.9917411369572359,14.854662036824353,4.585086205395821,83.49304180884224,-40.48101496109159,True
0.9945487740623098,13.620285616298874,4.812292772886122,63.7894930107162,-35.60354183661701,True
1.0373779094945965,15.477007604084095,5.2736394708508065,109.13818260746193,-46.495427169131446,True
1.0586562638716874,16.032477481181264,4.699422955645819,90.95270421314233,-42.12786970291526,True
0.9995818111261331,14.63758647067752,5.362705621934538,105.20316667229116,-45.510964340038825,True
0.9159648967507442,15.40932555120088,4.692257580598934,132.83576029080797,-50.914153224312976,True
1.036305790273447,14.593120551997764,4.9506834058588325,76.65424658441106,-38.972163832211564,True
1.109903633576386,15.593862741030955,5.135329489289436,80.52674004594725,-39.968314573761,True
1.035895233712321,15.493847771642214,5.307962235669696,112.30751721217314,-47.019742325059404,True
0.9863595185994759,14.615691011107009,4.890021695393639,90.80858921829262,-42.16971573501655,True
1.0200518452525134,12.872746687477525,5.144374582529631,47.934910360038494,-30.656052997521396,True
1.040012654962487,14.200543747734644,5.0637714962031035,69.58509105585262,-36.80206551251877,True
1.0056502213938632,15.344614596819829,4.925066341504581,103.8222232169999,-45.13391380442309,True
1.0657467427628282,15.883977378745275,4.688393894623257,85.48254651681704,-40.80381224778701,True
0.9433832890582206,14.395264112336127,5.132013414941278,112.4052933612662,-46.98317553004286,True
0.979798504860977,16.344530003176235,5.008358918894149,148.99754120011474,-54.07931550411321,True
1.0229559734489375,16.493785034659965,4.904136912963207,127.13463243975434,-50.17042788676909,True
1.0349159847601568,15.698337235189873,5.034432697329439,105.657290081212,-45.532530173356214,True
0.9726431766054667,13.864012303960251,5.171346723343861,87.30092206237747,-41.14693275128093,True
0.9773651404435334,15.711359756912106,4.496037742089548,103.95181370290017,-45.381509521385325,True
0.9666711605372723,14.461598053217367,4.83612342981344,92.37415474868274,-42.71050914168027,True
0.9627694071075306,14.406761045581655,4.707744498067102,88.68926992487141,-41.73659382992342,True
1.025950422041813,15.452973954010055,4.730442694749969,90.97339093563824,-42.25099674782892,True
0.9981248153365223,15.428558121045764,4.763328991542022,102.51648973691759,-44.99528942281785,True
1.0648631589360487,15.456038008484548,5.32952349006291,99.61964840686224,-43.99101458916909,True
0.9453184389629503,15.65693981638983,5.0999725910013245,148.26808764765346,-53.8516933913327,True
0.992140146314358,14.94306350363556,4.670010041396946,89.05434141819357,-42.02621201678079,True
1.0367915872680369,13.551150817135774,5.055747361410708,56.49224336863649,-33.403599202689634,True
1.0172132698788723,17.08270578229646,5.128466130024846,158.5436446327172,-55.75779285876519,True
0.9450895142521617,14.609079959452965,4.8923908189495675,106.84166897075012,-45.900389768578165,True
1.057607046737812,14.287193532395053,4.613802729099975,55.070323351725065,-32.83073820689637,True
1.0047938381198402,13.785147256228589,4.673417012607452,60.38941403002603,-34.599919756206894,True
1.0958524048293672,15.151686700688831,4.524151394269311,58.59847756573855,-33.71840902030401,True
0.9933948359321566,15.035699482280261,5.641981274701724,131.15453733155937,-50.842447062447526,True
1.0579003625119094,14.879680727760038,4.481400140150792,61.774297057755916,-34.806172294022296,True
0.9820814039357525,16.498380990890674,4.623737595217685,129.4043074890559,-50.393777435565276,True
0.9881950066168824,15.658574916061253,4.992954049627734,121.86648101859946,-48.79233748545299,True
1.0247013689720113,13.982313493877598,4.451782024193525,54.01534181156726,-32.77234364930011,True
0.9148888823880148,17.07388262800332,4.652344237757781,186.00232397363735,-60.41843741845809,True
0.8990474088767437,13.48474562935606,5.034478828057372,101.16592389579897,-44.42792328926943,True
0.9661499760630535,14.884251494846788,5.060960300641875,114.28466424647878,-47.48924625635089,True
0.9350220407415543,14.269778427802946,5.122915533220439,112.4683367521843,-46.971607935378984,True
0.8872195471145528,15.370479348543576,5.2146341352400745,182.88285456224423,-60.12129630642933,True
1.0371262537095416,15.636137454555657,4.98790140215995,101.17300470904233,-44.790465273615,True
0.9604448354732836,14.58709797115989,4.793338767803127,95.91843958412812,-43.34679063002424,True
0.9828160248692921,16.050454691845307,5.137219111698856,143.9659598274895,-53.23489836208501,True
1.00695935819558,15.199068414086025,5.417151015222777,120.7460246766016,-48.7010708536988,True
1.0252260346709465,16.46100388593732,5.185292139562271,138.21372388311966,-51.88692845854518,True
1.0141450117865536,15.929076020877172,4.740872136065819,106.51416141916518,-45.56471687253995,True
1.0101043620314163,14.528749429382618,5.1842492110575105,90.66191317684337,-41.945246133961525,True
1.0234734160997654,16.05517280412051,5.167762402066287,127.05937467826266,-49.881877785456275,True
0.9750138678821612,14.3547556451887,4.628872408629858,79.71153383536736,-39.44983143325434,True
0.9643652150999587,15.626504425270532,4.930085684695195,129.39267600637174,-50.2635568409874,True
0.884149967603846,15.526491847011364,5.169985834958943,187.59129507820617,-60.738186605471114,True
1.0319154620489424,14.48296200490136,5.348348705381015,86.50796366752367,-41.16110226649528,True
0.9657215889293,13.005667279819288,4.8060283355641085,59.0525513748518,-34.2550702647408,True
1.0991754566433407,16.477711172954336,4.562818391317265,83.76707940077542,-40.42301758713749,True
1.0368928364586039,15.418838442465946,5.1525793828505035,103.70692593290534,-45.299786553003706,True
1.0475042916278754,15.020552523044957,4.925555244877458,81.1134575242256,-39.87311420542622,True
1.0352870063940318,15.018736628197837,5.071899637848403,90.32901782413335,-42.26364717102849,True
1.026534444285369,15.974776484054129,5.057083066619344,118.6635429635903,-48.164557834644285,True
1.0237994048958365,17.1852766718814,5.044555304491196,152.20315626821787,-54.53378585766914,True
1.0284536821424908,15.902748441676131,4.875926389933502,106.96821580584512,-45.87639984723314,True
1.0087483164075053,15.367557333657713,5.271974501191444,118.31172711040428,-48.2598000698826,True
0.9691776923497097,15.285966018443883,4.745340107415657,108.1400061044956,-46.23603217057225,True
0.9410657618159247,15.364029175094169,5.0795905536467405,141.03536635174723,-52.60487276763753,True
1.0211417362099555,13.99621397120893,5.1170522469346915,72.19607155244836,-37.81235401033733,True
1.0645764887643585,15.585032299854788,4.941340357107923,88.30187708624847,-41.820208757908496,True
0.9937295920850333,13.689412501217939,5.237974708318175,76.75087144215193,-39.02059022270488,True
1.0075708501031297,15.441878581222953,4.860458439595075,103.45102086505715,-45.07584050429526,True
0.9341221900415378,14.52838226991082,5.689044841325667,147.91370818481442,-54.08352296602189,True
0.9773011364519715,15.865738086777272,5.070979604365108,138.26142050957208,-52.0928922536898,True
0.9385574429923569,15.38067734085139,5.371493640962821,160.2052595664944,-56.20461311201663,True
0.9420301640281077,14.649198896467812,5.266415590713701,127.81018931950933,-50.01645639489013,True
1.0049367291467983,13.989468154239795,5.427062776575267,86.63443185363454,-41.36143862927311,True
0.9971207247537222,16.476192837563705,5.026424384609686,144.19933532130665,-53.404464946448854,True
1.0393828387744,14.913636257618908,5.338140618866679,95.0052639693625,-43.407759423424764,True
1.0383101531361758,16.73982724523085,5.4367992407923245,154.06413945895187,-54.86959768656763,True
0.9563013876448605,13.768918014514721,5.086399321665092,87.57727055676433,-41.346716638220435,True
0.9032205755368002,14.747065778938143,4.790430370064318,124.95795489822414,-49.64992513036336,True
0.9525766465663881,12.749315617270705,5.548927805454884,75.10169282457518,-38.5336264948802,True
0.9644708886419501,15.756244043015812,5.005703277679148,138.5942262291065,-52.3873091137107,True
1.0276022045741637,15.838180664834626,5.023574396222415,112.24729451604662,-46.752588978509884,True
1.0306209297087128,14.394899566719664,5.081101741375725,76.97773226305497,-38.63922597607304,True
0.9976715879003484,14.345630524627964,4.765031919031373,77.15451465978019,-38.89026710058808,True
1.0370073348151045,14.611569932157963,5.10204044334414,81.52510588018859,-39.76032169162739,True
1.128113464955335,14.76011729796191,5.104468099210187,57.90801356837745,-33.66094451898202,True
0.9940767301468453,14.440501056255345,4.996973178093745,87.30353802278869,-41.16327146745407,True
0.9883428602626285,16.080918177443984,4.980023960972854,133.94331538446698,-51.082066600092254,True
0.9579680632755322,14.531149876446872,4.9333421882367725,101.51384273071993,-44.59683312870769,True
1.015939695338553,13.103680026255395,4.885964441952493,48.74411732307516,-30.975366711176118,True
1.0568698217108456,14.74513984703723,5.217975335665076,81.17850682707817,-40.05902952019009,True
0.9750677541903237,14.487585158376913,5.087103976428866,99.4346605158826,-44.396551108042004,True
0.9804438138935478,13.692193429854246,5.279363444316485,83.08285158445202,-40.270402239086785,True
0.973921420903326,15.189099803160163,4.843556583002959,108.18458911783111,-46.00428978908848,True
0.9424602022340366,13.073948482631732,5.33833969727689,82.20948966968,-40.07050210822859,True
1.006710323791191,15.38087509565055,5.267431757766054,119.61600604495467,-48.51673225867468,True
1.0084975987025404,14.96694580140371,4.927125607191673,93.24377508118272,-42.78636998376346,True
0.9979326755051946,14.436651102354718,4.800117688501429,80.76393389712781,-39.70919286376258,True
1.0919520267413318,13.854083812166767,5.1784154050715685,50.317119953475405,-31.634773950672688,True
1.0200082519660043,13.536627001070023,4.524198345497792,48.4679410121337,-30.84951512509396,True
0.9441799467548191,15.881702445121748,4.875489561189046,144.30912296012858,-53.44740829119183,True
1.0316158981962265,14.70052517674284,5.082646315016217,83.8779419207225,-40.63050678549281,True
0.9830269875244575,13.321289867054974,4.955054182172514,64.60315312154573,-35.73901906857726,True
0.9835558015802509,14.988212904228527,4.678639228511997,93.14353149836677,-42.66412683449915,True
0.9913257370572539,14.72681144778139,5.027117336907975,97.4311701068809,-43.67984899865077,True
0.9857352948048071,16.412973264659055,4.700359000300765,130.98142571607872,-50.89268408489843,True
1.013496614417886,14.58805102225636,5.07822569363385,87.46898643154421,-41.36870326263063,True
1.1057705620027947,15.9794020058186,4.882571042359324,82.07440230729678,-40.04349166339338,True
0.981582317472774,14.781224583754877,4.958463969346234,100.71143540414296,-44.389157409827455,True
1.0044526330940748,13.81837222406271,4.753379776936803,63.7691203987861,-35.499339214153544,True
1.0117156740872215,15.471545825414559,5.232133068947495,117.78072446758102,-48.2259775734088,True
0.974366751647977,16.217612383990268,4.956182211320527,144.945606755658,-53.137705982316604,True
0.9799278971990335,15.906889215957976,4.778598499244264,122.43304811777499,-49.122473191352924,True
1.0496752048755975,15.3139621719198,4.9637794151582435,88.84735417264096,-41.83080625936226,True
0.9744857407949592,15.99728662351927,5.520445875343131,170.2593395102995,-58.0024669984154,True
0.9555977080730456,15.17032522842648,5.1004415776916305,130.16397005346258,-50.6776095559195,True
1.0891463380396618,15.081922739979731,5.322760690681538,81.56256211462632,-40.2025281398722,True
0.9397383444386531,13.527389445636052,4.51649961029666,69.64255677187512,-37.017947324573846,True
1.044168649357758,15.212310184083428,4.94079030325892,86.58389714858143,-41.189816908452755,True
0.9899294145628738,16.507952873426696,4.700023593440727,131.66916525356203,-50.772028025690844,True
0.9392375889019164,13.36398243736882,4.8441944050159815,75.3770447210169,-38.41106636499633,True
0.9811610978994795,13.687828557058818,4.77003499276241,67.83676500010843,-36.532411864382304,True
0.9887180093423548,14.672917002863969,5.386817455188953,110.95366895815569,-46.90163352362452,True
0.9184935651327688,13.644277384078942,5.215078878462561,105.28353053973304,-45.61693291703149,True
1.0213924974730144,15.684280212568565,4.773383322057366,100.00660461179092,-44.50274788062615,True
1.016357525014907,13.272457593131637,4.860599499371793,51.92215594325136,-32.14964884828193,True
0.9825831369260497,15.68059642277678,5.10885798494578,132.64501531381904,-51.229497359686306,True
1.023671298980062,16.004341546938818,5.267183791919798,130.36866224443912,-50.554430780183665,True
1.0102049739332892,15.656902473041372,5.312297936255082,128.62422299583142,-50.00725034554627,True
1.0646836472879502,15.020435061800129,5.190535813414536,83.56802414262978,-40.43499504766568,True
0.9461017651952692,15.534271018942913,5.544238005301115,170.3714226067634,-57.98522344511324,True
0.9853698324560372,13.844698827213458,5.128031585714132,80.53938902034518,-39.965679370761436,True
1.0500555910598632,15.259711872717697,4.866530180211339,83.98253023194869,-40.625781299078,True
1.0270665371788028,14.381605490307512,4.755562293070484,68.94109822339068,-36.7735031903038,True
0.8849207521123416,15.890771720301972,4.67614006321323,164.72219694937246,-56.86477339452223,True
0.9165385596029945,15.710229110890177,4.637073442746909,138.48453571979204,-52.23965332417375,True
1.0000380962843705,14.18961613849994,5.202394574612146,87.28970182863357,-41.2653531659326,True
1.0819908770919482,15.351658739275477,5.477247853161265,95.77953490939834,-43.11760815131132,True
0.9784133017374007,15.393115876558607,5.03142234421201,121.11866739562743,-48.57019506385089,True
1.0324468756773437,14.525926449521412,5.548418860630909,94.08539768877397,-43.06823121369731,True
1.004130082371208,15.022455427863799,5.008256805780122,100.16123102687399,-44.130633456370376,True
1.0289447361852533,15.511539917321617,5.182068861586012,109.39362894801245,-46.19599926548602,True
1.0535367845202204,14.54329208582042,4.525309861501009,58.1804747972031,-33.81913257898725,True
1.0472097951002033,14.114142237373423,5.243669664513819,69.44920896042413,-37.15125892164695,True
1.0454510379136117,15.22784336114424,4.808861727813405,83.05110531266534,-40.208811393194736,True
0.9692529010044293,16.483390085266358,5.249180221580001,171.92461590010436,-57.867009092291546,True
0.9924386691978229,14.847423122059181,5.384933226240084,114.5246026130847,-47.23355835057288,True
1.0259254870255912,14.647823469529524,5.091441691924561,84.56586999664148,-40.48939333402226,True
1.0241220545760652,14.20739020447253,5.1299734658814975,76.1928117196136,-38.42733261284819,True
1.0297357807493164,16.15007508201473,5.035550917432218,119.7445949708596,-48.32727568092618,True
0.9115628143995185,15.87518945529663,5.191881434698038,182.54345850055438,-60.023657207463366,True
1.0598531956201136,14.853780766802394,5.561930657555233,94.19519468387634,-43.160326376291614,True
0.9148344778161974,14.21262295424288,5.003448299073915,115.62417441903199,-47.60305515247119,True
0.962455256816165,14.203364243843055,5.049450575321992,94.90240990592547,-43.19498813744048,True
1.0097658250115402,14.144570967560215,4.466457863732261,60.692644682563405,-34.57451923770941,True
0.998529432194045,14.506733918548003,5.1266190462099415,92.66282102206965,-42.40979286691691,True
1.0709360796123006,14.439230993770142,4.765664388810642,58.152424342689194,-33.87299716342779,True
0.941460726275481,14.261913521315394,4.940649854367321,101.00173558961971,-44.69589600201559,True
0.9817953328179757,16.11512720456781,5.1432145109597895,146.53430682801923,-53.78922201189758,True
0.9015357754226128,16.58526459754038,4.515190079791185,166.6846944741704,-57.068608884132644,True
1.006580018976164,13.910678456783561,5.1396846211448635,74.9097852294782,-38.209816972451456,True
0.9895956733002664,14.428649493253008,5.075342097387111,92.2089734779334,-42.37922418349584,True
0.9380001088146452,14.052093686487371,5.2109605873086595,108.82675244923765,-46.42773102791892,True
1.0654591269069653,15.318484727254022,4.808450701533407,78.72949552646286,-39.16082541990153,True
1.0539996618872938,14.660201639363006,5.333770765418021,83.17852814143045,-40.363239154810095,True
1.0036043141661422,13.96937678689267,5.09146927898123,75.82770695969423,-38.393541292044034,True
1.056924566991519,16.652612004513614,4.7868844529553805,110.01043619989204,-46.507023718330124,True
0.9953782983383802,15.487701149585536,4.589166828380957,96.4846193980216,-43.69328002049817,True
1.035687439042676,14.020552758895782,4.8375634442684605,60.498131254102404,-34.40543382256417,True
1.0431549874279218,16.50670623858581,5.261221256811701,136.24360338375917,-51.51170580701969,True
0.9465698517354834,13.853147810076266,5.133653541624261,95.46197009090528,-43.33021664884208,True
1.0216230603647902,15.614451535908591,4.356296278646508,82.55634387098532,-40.17005211315825,True
1.0084194552913013,17.41784128854094,4.900097082325971,160.9722742758141,-56.25603611586968,True
0.9487951734947122,14.868807132927408,5.037610048308392,119.39545712968811,-48.39018340005616,True
0.9361267655330615,14.71171151999023,5.572837452674042,148.34465875494408,-53.7476321854341,True
1.0248949355128902,15.167596523418851,5.386340841253329,109.73817133636547,-46.63347072140727,True
0.9859042915124472,17.225490096179698,4.946431073350304,167.17991720226127,-57.23125319649421,True
0.9267552223947201,16.476223268170042,5.054347980457428,187.80561670149916,-60.894669782546835,True
1.028974024561016,14.556612249685054,4.591202909862043,66.16863792137464,-35.968066376560806,True
1.0467417964780121,15.304532865591954,4.211983478014608,64.76238941385938,-35.46975847289065,True
0.9414469447664111,15.922912199107598,4.880921517088558,147.02029984214366,-53.484154838134906,True
0.9999227832822405,14.571015017453771,5.300939799710394,101.23646371835677,-44.66404976793204,True
1.0759212623827452,13.868407110687027,5.054307771752932,52.62738653967799,-32.362033164149025,True
0.9544299459637369,16.084348498056386,4.775290863074633,139.36731344313762,-52.52491614710079,True
1.0853587682341064,15.509761082859216,5.273733555257236,91.65901054374795,-42.47357674014819,True
0.9838094001207902,15.318864803390248,5.5380117143920655,140.83278197943912,-52.3926269455472,True
0.9964911672049535,16.106866244909668,4.553296561918837,110.76040630923356,-46.80102487028744,True
0.9302668339589971,13.854715873159359,4.984229940703885,96.46784651588673,-43.744146006721806,True
0.9320920078258612,14.768288490306093,4.840164806985136,114.6274679579831,-47.25194111889198,True
0.9672018823083941,17.63818754066383,5.013308598446481,199.7388956019622,-62.41416487562584,True
1.0442831566465733,15.567650086891618,4.863161102838336,92.99490625309602,-42.711255024503316,True
1.1170292692979475,15.628013389916003,5.837549446796895,102.02496152936801,-44.703446939005936,True
1.130296027689168,15.10584242519163,4.9641740946081025,60.53243475337118,-34.22049485471191,True
0.9938375553718894,13.158872566537324,5.0900639745047584,60.21675834732694,-34.4976223474389,True
0.982178564469838,14.18200440799727,5.050299483572909,88.61637867103511,-41.62689624702813,True
0.950787695139051,15.913453805673301,4.624060850380729,127.7762457046518,-50.19286237416929,True
1.0557347089665892,14.458173254890271,5.061056698261421,70.53375220251932,-37.08504869890291,True
0.9636975459420698,14.830068548430578,4.558393252576297,92.59037753065418,-42.51740303946107,True
0.9881402645339603,15.291394468159911,5.540965943743629,137.62993459573008,-51.944677567378264,True
1.0248478637109706,14.023106200019843,5.2709783965586245,75.87633578159712,-38.823016236699054,True
1.0225669081820266,13.717555076083714,4.8269597136475415,57.97951437397397,-33.52860372048243,True
0.9694746722397316,14.98742826240069,4.949927787769075,109.0685397234422,-46.10131967786125,True
0.9952431431426615,14.629217304044902,5.307865938218364,104.84410614811746,-45.456106327454656,True
0.9708084136750529,15.227807396097852,5.081842024561207,122.182305563435,-49.0044412331671,True
0.9583760843401263,13.568192444766735,4.504536006823652,64.94799107656418,-35.645455563589756,True
0.9487394751076184,14.465283824757021,5.050482382618513,109.89561652148792,-46.337589949490614,True
0.9264210587193542,15.688931926360306,5.325629581541762,176.0289083012026,-59.00030025935829,True
1.0180957882473078,17.945805772883258,4.299866973769521,129.85341053742468,-50.26311245965472,True
0.9879672556840824,15.119311388448173,5.041392594649137,109.27749173804409,-46.32355761905714,True
0.9432235457900977,15.670842348423825,4.7493193424636555,129.9998202778578,-50.57486366763575,True
0.9386056456203264,15.48758511574083,5.380241752625108,164.08293627625068,-56.575094309607664,True
0.9378228206159517,15.293458690914319,4.864119787013244,129.66465289861858,-50.56670433504516,True
0.969392418848337,15.682028632773886,4.833302634978124,123.49104779034839,-49.0707121098471,True
1.0562835831868884,14.04114408207743,5.248314881710305,65.04404873824231,-35.6694169470573,True
0.9659358850591624,14.642833870011268,4.730742376412537,93.25336778496094,-42.770708528290704,True
1.0278818462743684,15.24989661417724,5.025157006951477,96.93053218989176,-43.77801329609964,True
1.0780272106480997,14.033627434909745,5.084337053151291,55.363240716464794,-33.180318765333816,True
1.0084237709294983,15.433328097890874,4.941805489986505,105.01740910530823,-45.39668397994128,True
0.9617576708004197,13.083560704056481,4.608855607220828,56.8780807393142,-33.37082177089902,True
0.9955253751832934,15.812176459157074,4.738514734549736,110.93174428073,-46.68907183382453,True
0.9978328252672855,14.849590011349632,4.960808326283603,96.17782964488089,-43.310792188200786,True
1.0863814672627985,15.69411082481971,4.4317714841311275,67.59964532205781,-36.266799925963745,True
0.9133804327340945,15.996912480093036,5.025640629912281,175.38363493508058,-58.70447924075673,True
1.0557807934367431,16.409706989934097,4.921014385350949,111.27697594890223,-46.66952786001824,True
0.9128478408047722,15.268684331344238,5.171676952750498,159.44104377319144,-55.758070713435544,True
1.0405831898238047,13.266758263805032,5.1948643974419335,51.64886706556437,-31.80338513399662,True
0.9795342174026928,13.23866140783444,4.663255875592068,56.38501349543216,-33.10676945565285,True
1.0912931703394948,13.735322652877304,4.8441867048416105,41.89641149164361,-28.718036449567524,True
1.0336849777101225,15.72024385994985,4.721661138409762,94.40619342828867,-43.029671314342266,True
1.0286744210109908,13.591362935997578,4.842076402163675,53.900229029886994,-32.54786487075931,True
0.9529100818189797,14.765789789262154,4.924410731822698,110.025639937137,-46.41292244165662,True
1.090264424226961,14.577803518169889,5.335913270324716,69.4604289383809,-36.86624914383027,True
1.140753407783883,15.360858595978982,4.821218858880836,59.016131268291154,-34.263639701578605,True
1.1005724713462064,15.71524273245453,5.2659810829524965,91.36764346548847,-42.530988972317544,True
0.9498448457086587,15.094917512236044,5.078081070753337,128.13627932585703,-49.91439007408607,True
0.9905062826015721,15.801755973750764,5.4157681147800725,148.36943317189198,-53.82849867123701,True
0.9405722970519497,13.899360655153586,4.893982289499002,89.83644232297799,-41.87647110193341,True
0.9695239696189011,16.020801966415604,4.755964212417364,130.29413332763596,-50.66537958984384,True
1.0141760009942529,15.131437273978113,5.043205149539973,99.10111426299366,-44.33634189068081,True
1.0364818853587447,15.75962175379996,4.517851722609053,86.55562734421068,-41.180124511622786,True
1.0266540600035379,14.482811207797479,5.047293589161931,78.78992023882623,-39.12312205498396,True
0.9139603260413117,12.949230350059157,5.16972554964389,85.10359264757781,-41.102031949730396,True
0.9981822465681652,15.665609276803183,5.329534431044754,134.7207954157779,-51.414365183766414,True
1.025878610707281,14.856571931011025,5.121825555307419,91.4587912394381,-42.15771460605186,True
1.0474328205074104,16.20183355088454,4.957134099262831,111.52258596322825,-46.75581889056217,True
1.021408386375573,15.421860705881983,5.58231828927801,127.63414985558488,-49.84470817929871,True
1.0244328898167065,17.9519138035225,4.997197073974627,172.24294307128852,-58.05971119513009,True
0.9880934521511313,16.270884933850553,4.682422405875029,123.42193498483847,-49.15433755930521,True
1.0135934097720518,14.751454440144954,4.989670037977878,87.9702697057055,-41.51839447599888,True
1.129230246733075,13.41512008821051,4.596722492614446,26.52299573069721,-22.85155092192454,True
1.0603464330775085,14.128596106421988,4.6298529180655725,51.61135144722106,-31.726530888194784,True
1.0182370166094525,14.06240103488782,5.072494247037447,73.24666563087627,-37.966756079810544,True
1.0364361045188497,14.478979383067614,4.602237404744945,64.04906341832722,-35.59214804224952,True
1.003793044891514,14.874666125739003,4.8150088202153265,88.98290421290663,-41.926473630019075,True
1.0035494690451052,15.317767442961667,4.64942282999497,91.73989367131627,-42.329807414017075,True
1.0475216941617436,16.374134272980605,5.042087011214437,118.27758062422123,-48.10139443195974,True
0.9700525605271303,14.129199749184874,4.78645048603588,81.34085778318767,-39.95809888186505,True
0.9935269294734544,13.611491014454046,5.159633675240028,73.45408553612971,-38.14059935056049,True
0.9314948838154032,15.83099329661274,5.135401240515233,165.07955918473021,-56.68143556145973,True
1.0388130508519324,16.332271860886845,4.60869341558297,102.436943533885,-44.612462420604864,True
1.0534801689093523,14.509533565621004,5.276256935969938,78.14637517093274,-39.32784551394081,True
1.030154039353276,16.041127062667847,4.94853064742774,112.04478503661801,-47.017174067292935,True
0.988285711677649,15.770265861264944,4.632650732987686,108.10607462833296,-45.97155245174608,True
0.9977919966078224,13.291620337357843,5.111874331555542,63.2263628536541,-35.38267889689683,True
1.0073452790295028,14.363351639836873,5.528206412120728,99.5867267419697,-43.98016948264722,True
1.0547448824763057,14.523244841747402,4.941074225268542,68.08703258834474,-36.31777919363041,True
1.0518223238001643,16.988603184224253,4.505552913551307,108.07975018905815,-46.192264386719586,True
0.9282644111949705,15.508606106026363,5.276848276881181,164.97888257807145,-57.13087136030244,True
0.9560884660169127,14.496599885126878,5.472625558736388,125.12499213725428,-49.53227625328928,True
1.0217225259246083,14.302857469897244,4.67593056151232,66.02105949101563,-36.22978640205361,True
0.9330754353640813,13.430077245625478,4.761286908406131,77.4705231184643,-38.82194094735908,True
1.0459318362267889,16.066135298585603,5.01063750752405,110.82489972963135,-46.52549542043862,True
0.9862319552265912,15.395625525371486,4.419803326037705,91.3949701980383,-42.36704222720859,True
1.0353592081810836,15.619446233787826,5.624505223517086,129.50478969960753,-50.63250603425507,True
1.0017104889545185,13.714422878857423,4.9847611336708395,67.70797718147206,-36.51197716615151,True
0.9950625226675727,15.735795880200321,5.012379753797606,123.41285347032623,-49.141423487441735,True
0.9456473306395613,14.761925221994073,5.107215507379428,122.40254603790446,-49.098482850374175,True
0.972627554744836,14.272871982523558,4.922510715735533,89.15051890850462,-41.647475978079896,True
0.9942352183573904,15.513100079503197,4.845391102484865,108.3704801531011,-45.96921600884882,True
0.9925765258645476,13.799911015799559,4.717566162922895,65.4446017324144,-35.9841777626634,True
1.0362118569366363,15.179038254643409,4.646533365750723,78.11397446374974,-39.3035762035327,True
0.9678634434883957,14.734549337551835,5.121948316375663,111.41558625760429,-46.67498402636958,True
0.9985195420160762,16.072525346681257,5.405786463066655,153.18807141260444,-55.01036348183793,True
1.075223467861067,15.891891438104851,5.284986639899748,105.17287513252414,-45.271563355394484,True
1.0410777644614748,15.090866107017304,4.913265762624976,84.82117419629184,-40.572139340970764,True
1.0052426936445082,15.28092499244995,4.9422253947516275,102.35062497153037,-44.92641346701339,True
0.9270971918532503,15.598604886018993,5.485485381736729,181.98436985507325,-59.51634534006385,True
0.9313154134116509,14.990899435984963,4.760388051562278,118.83190558192595,-48.30489852384914,True
1.0318692076980156,14.182300507726719,4.499450352080409,55.81123071425485,-33.307734794047924,True
1.0369902024508937,14.517087596282908,5.07544420262162,77.74986007722215,-38.96631268206941,True
0.9027480834253221,13.779423281624396,5.255752773310728,119.18574895455373,-48.59352485120112,True
1.0349893817538702,15.925408433330322,4.253594116072495,80.87264220893705,-39.78378858821049,True
0.9718942387110496,15.397903274328323,5.119481503611582,129.21538374234098,-50.35208108828848,True
0.9797317335085367,14.576924091544125,4.661498266310813,84.90807897654784,-40.924119586063284,True
1.0444451270144122,14.275138862747978,4.574439455697553,56.865775117114765,-33.26668482009343,True
1.0366181704912074,15.236321865496434,4.913247095051865,89.72764768783898,-42.02138430548707,True
0.9950642454571507,13.587019117990744,4.653551077774824,59.10336280633354,-33.924254417644704,True
1.0344107495422081,13.931322877365758,4.468997477269789,50.84883226816138,-31.60852681065958,True
0.981824296755449,14.980413493946946,5.03247483577004,108.04224066803671,-46.06394566952583,True
0.9605090649584083,17.4411034225435,4.986704842229032,193.15596688428832,-61.75456392851823,True
1.0629973340448964,15.452394093457803,4.484605820412264,70.91827916257775,-37.09968549998245,True
1.0662884972003277,15.185299197744643,4.577910261874053,68.06322356536224,-36.51417175648867,True
0.9678220051324992,13.829218228536265,5.139496522539737,86.51696029087309,-41.18859893113674,True
0.9733116054157865,14.0669666356401,5.158549442576308,92.47734830216406,-42.56603481730759,True
1.044566135967419,16.356312217361847,4.206157422409791,84.31110256643794,-40.87098331904559,True
0.9653264218056417,14.538107756217665,4.620937708421936,87.1436229290113,-41.313094181455995,True
1.0400406289787105,15.070654316456425,4.975209427879106,86.42171213358355,-41.343761613623904,True
0.948777587436779,15.591809325300941,5.126941436749534,147.1462183591601,-53.68807961005612,True
0.9856679706930397,14.57995372937267,5.1232435335332935,99.62123594244893,-43.99394501106752,True
1.048929322191494,14.492304669707963,5.180890396881632,76.28830550844333,-38.51782687651994,True
0.9515468712468924,13.275220160371035,4.783883659333358,67.84857572831307,-36.5297427732626,True
0.9706037427742413,13.784193561339443,5.05336624918699,82.68463199299005,-40.38648559730778,True
1.018812571307575,15.586821023157022,4.881841780637582,102.76787903816137,-44.71686395397849,True
0.9100905497651862,14.561461190249924,4.831858417914433,118.74183827169342,-48.458433950601176,True
1.0036429095812152,15.66849710483871,4.546534305728606,95.5718322881091,-43.25360458826079,True
1.0580618942584366,13.415210809294926,5.089205018866304,48.22587715441577,-30.984387663499234,True
1.0432399745157377,15.811325818984802,4.505232866658164,85.49690151872971,-40.91228389079376,True
0.9975185213522225,14.960345250819811,4.648846755749265,85.74324498264819,-41.1143395869483,True
1.0010313805190265,13.529336748659015,5.205945612058001,70.35584313463424,-36.95416453594911,True
1.0745905216602278,16.1291906504543,4.950222027965704,99.44477847978123,-44.14342203289251,True
1.0685290106493852,13.593339820650614,5.315456915964423,54.03685290260578,-32.492234611151616,True
0.9952704965356556,16.077301277479584,4.899054241070192,125.40583838360597,-49.357868731803336,True
0.968518298123524,14.967685021519692,4.833351350819107,104.57847238455177,-45.21958223374003,True
1.0428646984608396,14.106333937644326,5.344094492692005,73.34148549539334,-37.99559883076738,True
1.0565281016309118,16.848404402283172,4.879933576461185,119.76589591597917,-48.40892834099922,True
1.06893669554455,15.405229617300762,5.084374809266275,87.91981375843177,-41.76766471910016,True
1.029180331117016,16.214732557171263,4.951299223001118,119.34977945471907,-48.264517293263495,True
0.9821941225537202,15.432592128029825,5.036062615517417,120.54777287023423,-48.673058942300116,True
0.9165038089451932,14.783556107055919,4.933578633154341,127.32287028988638,-50.13711145311744,True
1.0969134491220252,14.129257045541708,5.263382064824977,56.6346942967112,-33.264611145269114,True
1.0801416643743558,14.818800433970969,5.020428489243678,69.71571512322673,-37.155974698191955,True
0.9616504796905267,15.163419901025877,4.900341649907244,117.32905961679805,-48.00630734240032,True
1.0095344737526368,15.816615293636287,5.076212039766644,121.65512505277688,-49.098594160936834,True
0.9889610345031887,14.606858852148214,4.535609416326186,77.29925117626043,-38.74493996168255,True
1.0033111123492802,15.513544348997595,5.303801549391094,127.50354286958894,-50.20194471833231,True
0.9799812870463285,16.678494820200246,4.548045234710861,129.46557079089516,-50.58315253734012,True
1.034576187895848,15.158207827400355,4.800876308387711,85.0485034609141,-40.77368677897625,True
0.9432969155830573,13.040933449238779,4.864242457992618,67.92500914242476,-36.73476052683249,True
0.9803070490894435,15.048504189497088,5.074792259637877,112.76044923449322,-47.27888493373395,True
1.0436758265160766,14.905303275695921,5.4860764968216875,98.4613241427738,-44.07650253217555,True
0.901323867931633,14.87365252994688,5.3093769894761,161.1023866637339,-56.41176402162946,True
1.0154265743082442,13.404332087455945,4.558321444573003,48.27466087528299,-31.000322999927015,True
0.9726105766047185,15.276467558148038,4.734243644277561,106.50823423256517,-45.56584586046378,True
1.0807678199484627,14.468110234577752,4.580150682060071,51.644744766787184,-31.61534722848126,True
1.016454894955124,14.894468909305278,4.610019563836978,78.21587254199278,-39.28142444739289,True
0.9606481424638614,15.948003781726463,4.822969777356027,135.17119526000542,-51.42821633448177,True
1.0726017777564545,14.18847445589915,5.39292108306373,67.20287543089533,-36.478305916744226,True
1.0010888822898656,14.897605757042736,4.926299927502888,94.25221305395041,-43.07606177149497,True
1.0065628625399201,14.797738352843906,4.965246080302099,91.62686875501916,-42.25171984823734,True
1.0443644287188434,14.83422763782963,5.068665629147765,82.74375405070299,-40.37423232109783,True
0.9697112310010307,14.5562589231388,4.718141995223066,89.78206707795096,-42.0036240657243,True
1.0723643197407065,14.61006660511086,4.9787613681831875,66.21533792729113,-35.86518351925629,True
1.0288532578712442,16.675062343776922,5.074039484554542,137.45808119680495,-51.739130860118266,True
0.9679367966519157,14.577127545889342,5.737736871848568,133.23882837938007,-51.2355036337176,True
0.9783779338990217,15.270719189621712,5.277178172622255,129.57110407882698,-50.20203609024637,True
0.9371806622784059,15.104958534357122,5.4937942849859285,156.74109836682325,-55.56104806903208,True
1.01538621148082,15.072849705340328,5.008688422898247,97.14210615642273,-43.73652820462298,True
0.9911111414430898,15.48023706851711,5.158536139995328,125.0489632513715,-49.74432145350279,True
1.0156351928299858,14.367040892994286,5.078467040275573,81.3114851576223,-40.180575615000585,True
0.9149147008962644,16.40141683933372,4.463415821228595,150.1813509049605,-54.21727390711952,True
0.973804467012041,14.079945704313674,4.261283954588866,63.345269367728946,-35.437094163418244,True
0.9508944222243427,14.835467494850738,4.662556655935117,101.73648963253362,-44.88301421804221,True
1.0246493740914642,13.813437551041853,5.373042682595765,73.55853470632258,-38.054865670619584,True
0.9699095131556533,15.897039705433647,4.881473565806018,131.98576856083457,-50.65137448719043,True
1.0235169119303642,14.078817637431968,5.233541876358498,76.24070768563531,-38.63749311881362,True
0.9733463272441033,15.755699930686824,5.391393259261365,153.42316621350005,-54.83440703397583,True
1.0813046779014492,15.264898053542899,4.615038652821799,67.01158570953493,-36.37943431964715,True
1.0025799358310452,15.17618885741136,5.442769895854783,122.07823039356501,-48.95660870288331,True
1.0457922933323796,16.11624114690057,4.651270278706381,97.17586640519215,-43.81888479498661,True
0.9943317745783604,14.395489628692854,4.938087440514301,84.39204635805999,-40.66061930761651,True
1.0461429260971642,16.46699459909391,4.676065741036702,105.10691469137112,-45.21033290987995,True
0.9613500108357015,14.616025187353012,5.071115720732137,108.71141927869127,-46.06740571559229,True
0.9979012177337035,15.431709652496338,4.951443100537723,111.41587466568006,-46.775672155222274,True
0.9767478916807789,14.806623348060917,5.239109782616296,113.91556708030666,-47.45420143994425,True
1.0934312210118073,15.617238353515477,5.299903558199802,91.46521920469583,-42.51176222567569,True
0.9405695580168173,13.997286952879618,5.474056414237172,116.36952378877668,-47.64257420829117,True
1.1035126297259514,15.107114576613355,5.2255300691728195,74.62357147893289,-38.48987308958875,True
0.9312852940493954,15.018219230413814,5.244447460605504,143.0966227268763,-53.167237878853875,True
1.0367999479887122,15.436066741766172,4.865544503526874,92.52401654533975,-42.805906222042275,True
0.9689077079941694,15.405472925833386,4.94660868986153,120.9262237998924,-48.82581553155088,True
1.0127432417716609,14.139429421535697,5.094189104206166,76.84046987291458,-38.6682762173726,True
0.9914573835205046,16.306220099501136,4.627754553332039,120.29370356621138,-48.60026081353917,True
0.9584766353071124,14.942461061847682,5.33698407242596,131.4509562226574,-50.991558765357674,True
1.0040528100686672,15.730498681700332,4.959861742499774,116.92621514610978,-47.723483534957104,True
0.9791447329233823,13.739118019047849,5.0582976651768305,78.53306692323252,-39.29105461942169,True
1.028568936550448,14.5853350163055,4.544528639380166,65.39287733235074,-36.03249364363938,True
0.949725835334454,16.078610014550968,4.8908889248863145,147.50657910915578,-53.89378147565873,True
1.0236236799432286,16.63534935426451,5.258804174341317,149.8770708996908,-54.15041699596876,True
1.0432057861258335,15.424329797437313,5.125849301050049,99.44871330937798,-44.02712244050421,True
0.9945878505039113,14.911913353323888,5.248865958892364,109.17119500187214,-46.36394537002368,True
0.933859179852847,13.937738009907779,4.898798128393311,93.4210306208787,-42.626078483407234,True
1.086615432759674,15.797288399321223,5.038684971644157,89.34846483106084,-41.850259630088736,True
1.0233494338816778,15.30652447500382,4.968871420899914,98.10361138318248,-43.9145977788912,True
0.9639464437026926,12.646743305156065,5.199349354814565,59.84622653537816,-34.29176250619932,True
1.0246927434458055,13.267210342154051,5.078248953092352,53.85604049334511,-32.5582447920132,True
0.9162167416175981,15.350266109811765,4.885146245404833,142.3728803862906,-52.79305605294667,True
1.058818380018233,14.167809390104653,4.231957743360571,43.987505796460475,-29.459710740695797,True
1.1062243351258818,13.960429631717801,5.051161764270708,47.01164581813465,-30.30506004518399,True
1.0412044651081425,14.895950845304148,4.496598672566844,66.39634295455707,-36.173426484495515,True
0.9498468405938341,15.343203503775015,5.206737859481216,143.94741055239396,-53.025439907934285,True
0.9005462510909136,16.430437167199184,5.249584439635527,216.19772102423102,-65.09792013647103,True
1.068201001964733,14.18258295982897,4.3146513596484155,44.39841912478978,-29.553731317624425,True
0.9926263758267803,15.435808700517477,5.0898580470691535,118.34290082354593,-48.222592611122884,True
0.9804285109498145,13.973391360795537,5.082472135485964,83.93592190272214,-40.618613455851865,True
1.0582492054634438,14.504846427485242,5.112829786914017,72.19654836557667,-37.81225035530943,True
0.9704811234645347,15.188892428816088,4.630311660847631,100.7481848068366,-44.452865724149696,True
1.0381159742700623,14.852352300211777,5.143057560782503,86.97623690889982,-41.09581577597985,True
1.0011861275156337,13.633833279690005,4.622253710101781,57.14507358781647,-33.30628347281535,True
1.0123478898280456,15.513455614578854,5.207050031279826,118.70921976796586,-48.05877325572036,True
1.0814633191583851,15.741239319787507,5.130153964385878,93.37546571558697,-42.75917510582434,True
0.9755541387096313,17.359277951902005,4.901013868784139,177.43302603793765,-59.06834214800948,True
0.9709844622501204,15.221913738968121,5.127438841061383,124.33197414562729,-49.24706209811901,True
0.9898882140701034,15.17373637943969,4.715908926107009,97.28543573156003,-43.92749787493858,True
0.9398556639700769,15.303261633581322,4.83241545182582,126.35248546595284,-50.03105616679411,True
1.0468212175172984,13.635837288365641,5.34920057676767,61.112898889603976,-34.787685642785675,True
1.0401769711267637,13.704352264865046,5.337386273995248,64.67920341546426,-35.461643685452415,True
0.9995321473452371,14.917389922292744,4.670736367025293,85.93805350241236,-41.19895005131352,True
0.9537945378275142,12.702985040871308,4.814266830999833,56.02226793844366,-33.015423388326866,True
0.8627406489049635,13.869280516383412,4.83336188561996,120.76450338530263,-48.581176657217675,True
0.9583159795041071,14.502425667204047,5.018617948476971,104.71277421446571,-45.22113824486365,True
0.9884437667154043,16.008811798121613,4.95977074776761,131.78894003490214,-50.96461860867493,True
0.9050429817977196,15.259352171584533,5.387541876541865,176.67452282445475,-59.04704595825773,True
1.1247250110613025,13.4820728755415,5.4601739160805955,40.237049136111736,-28.247528519217223,True
1.0207758679983716,14.959726397083076,5.540977868355771,111.48165689543231,-46.6838578371941,True
1.0272210080549973,15.583440852155864,5.647829868363725,132.3149911046537,-51.136259982262025,True
0.9925000247051943,15.714175959191309,4.526071474011086,100.62320143782831,-44.20870268557854,True
1.0368768432023066,16.045509731439925,4.943310844324371,109.47946588455568,-46.51501104961576,True
0.9849560622735627,16.198052713815663,4.791845699212489,128.1453429694911,-50.06330569431266,True
0.9919014800100371,15.569903385346077,4.730654992049561,106.26788748880888,-45.611626192607815,True
1.0702492746588266,15.4870937876487,5.422630242954227,102.09978671864717,-44.7415119398779,True
1.0548998710994746,15.232554542559422,5.1262274604523235,90.37622787881239,-41.88347442423754,True
0.9994526333990904,15.842380651662367,4.523258037449064,101.04082747263398,-44.61669069164039,True
1.101123700556212,14.21215452045763,5.778050710948219,68.5384134213174,-36.48315853517094,True
0.9958987850175142,14.795582385060559,4.455375755725195,77.3835435837798,-39.09369539152357,True
0.9747106856990606,14.300619455988798,4.893832699164886,87.29139730617322,-41.41438773206702,True
1.0063478704211588,15.433547934194104,5.026344634680457,110.16209369762839,-46.648711458387176,True
1.0150440024912564,14.74115284134002,4.66056417900373,77.05836959695554,-38.67243360065829,True
0.9403796871683706,16.013438956581254,5.165038892517729,169.41645277789064,-57.61978555986128,True
1.0243741306285665,15.05223672498188,4.814712797032288,86.04440164234853,-41.05820584693845,True
1.105733930613752,16.06352025211063,5.2469019803381105,96.27931175031853,-43.41276470867603,True
1.0475033336397543,12.88881893591735,5.119686944910446,41.49019431052578,-28.35623863832675,True
1.0332034537076993,14.280176073497577,4.248728446848202,51.04190645102998,-31.511634688044207,True
1.0240201250903456,15.9381691840464,4.534911497211851,94.50622720026094,-42.97837834338162,True
0.9501076185698365,15.020323749656072,5.254620001658449,135.7842354883481,-51.589896087089635,True
0.9501770882579536,16.055874981243775,5.121229854600285,161.90585968473948,-56.20247862146984,True
1.008155633438932,15.250902492736667,4.692197583313738,90.56848347118043,-42.20611877514247,True
0.9785901060714003,14.06614622847458,4.799214310974598,77.03860093830365,-38.91532952685327,True
0.9276673959299914,16.793442835758967,4.973634465132259,191.29352419320358,-61.050146960118326,True
0.9824703223263873,14.336551764782419,4.392464151335985,68.86206403244758,-36.83665571504106,True
1.0225340956897668,14.254359386403292,5.681460357797077,95.34434321716417,-43.165695078054696,True
1.0290151109476597,15.819689233177833,4.705881856590299,98.36210504842722,-43.7142960300144,True
0.9583619266537095,14.088599363577993,5.0092367581906805,93.45591964803032,-42.990921851875164,True
0.9977042192242124,13.706791291862839,5.501207863838297,84.7314488249424,-40.98176023501152,True
1.020738381005837,14.232341312954638,4.94476948158737,71.9735730424748,-37.41974768297261,True
0.9365868784007553,15.820164790419618,5.096605846063417,158.57137222406067,-55.608898036295415,True
0.961378263671842,17.139573662848417,4.712910100910129,164.38956670160235,-56.58039732774354,True
0.999340490043074,15.004885649883253,4.835509152581995,93.69596026353989,-42.93627794729203,True
0.9545394085962896,14.275851522227633,4.722446175391931,88.5020607490135,-41.77519365999723,True
0.9836031284796893,16.234605170647967,5.383907440855557,164.24159346249255,-56.55020690784423,True
1.1247891705559503,14.384714895487171,4.799806479231032,44.737489399100134,-29.846712413135496,True
0.9246387632168671,14.555860319164767,4.7770604144152085,109.66508818942674,-46.57187780480249,True
1.0712328841618237,15.416586102705313,4.741606989245315,75.82476140813858,-38.56964969388293,True
1.0170832689338207,16.141100814507634,5.114743062189088,130.0090395317453,-50.704553994479035,True
0.9387990763272412,15.070519753318353,5.1744449150841,138.1213389338444,-51.90252085504731,True
1.0339294933682515,14.64528409240199,4.400664535148335,62.25953565486679,-35.06715817741269,True
1.002144998115874,17.321285333146953,5.020348161950202,167.91910270256656,-57.412235794871314,True
1.0602668634195014,14.32930804143576,5.090443296840663,66.38006220655195,-36.041455372837575,True
1.0330246824587024,14.440266812264738,5.421530511400611,88.21951412206086,-41.536482352067175,True
1.0098161917163664,14.611680126986556,4.6328707403325495,74.30665383811119,-38.17365849711843,True
0.9846778416497284,15.551139358761755,4.663632254547769,106.39074526200923,-45.45431669626618,True
1.058445878451007,14.532883362784492,5.192460554653721,74.18885474827312,-37.98342946561006,True
0.9803980089480404,15.817256552115309,4.981669556928669,129.9983415086552,-50.2959730989248,True
0.9299908251621012,14.948200105509747,5.413623665772625,152.41552030469643,-54.64446849924243,True
0.9052063688243429,14.680940141037302,5.33039019796835,151.62236760322423,-54.49590770679275,True
0.9382000216627485,14.438006884463633,5.083797546603943,113.81874389569003,-47.083845863800896,True
1.0401482521697565,14.974867976209918,4.980113870175695,84.14645418795982,-40.83070379524148,True
0.981838851515864,15.447118869527124,4.952770901738586,118.73785448208957,-48.375272944418136,True
0.9613996367867123,14.96486707539754,4.991004701271764,114.16133434680813,-47.2489544982842,True
0.9783215134611589,15.232519013552457,5.0182436483780375,116.57625608455906,-47.92022616644379,True
1.0414721757992906,14.22483870938277,5.426411705729625,79.57663474095038,-39.357745414237044,True
1.0316659977865053,14.284015352124008,4.388889096174286,55.1364931977759,-32.76494268378243,True
1.0081002135156545,14.995235763950046,4.8741633185594315,92.19649831163834,-42.38123903283651,True
0.9700102263834796,15.119579811704057,5.061436953476308,119.3746939539662,-48.52664009794326,True
0.980472364170554,15.047779026129527,4.81915330470787,101.89275689933683,-44.75622681566276,True
0.9933834975311673,14.409683971425968,4.914171301409033,85.06687452736455,-41.011979478893906,True
0.9552679179725672,15.072878835592574,4.8676467522976266,115.25352124156528,-47.76190622275292,True
0.9944741261316997,15.025413970367774,5.390989813738669,118.99192997310858,-48.39441911589179,True
0.9526610439354835,14.878840205103563,4.873060996768451,111.01090190231938,-46.58637406468474,True
1.018290324001602,14.347799476120507,4.7837424600142215,70.82024839396429,-37.334581364477266,True
1.0239084576021147,15.519251352493217,5.2341561627009074,113.85115817086088,-47.465912150752544,True
1.0558605450082996,14.988159800699972,4.8395425277033794,74.63333509856088,-38.08224236987811,True
1.013023861541889,14.24974714202553,4.949504425802996,74.77548628837808,-38.28059537209175,True
1.0114381144988576,14.875016914234383,4.667977582206998,81.08338805914526,-39.769045334942206,True
0.9582137338938973,14.417244051451505,4.878262863587898,96.40974740584889,-43.5043034668278,True
0.9976242382013751,15.003156172432899,4.989542037485962,100.20212387986511,-44.48757509567821,True
0.9488737710912456,16.428262534806514,4.620528743932176,143.1707864818828,-52.908536189511324,True
0.9147856701496412,15.147870820819508,4.969967873415117,142.40136704562386,-53.073855772890454,True
0.9867421752020206,15.20147530340054,5.15397498375135,118.81072098378206,-48.401247357169126,True
0.9748117795395769,16.424324012097962,4.402533258218825,119.69787609214329,-48.62922664960307,True
1.0305713653978383,15.271071842150036,4.804317681899874,88.97350196527478,-41.92839245606638,True
0.9519142938561259,15.433732391566323,5.76620082781876,178.00996482906305,-58.9984921604399,True
1.1406742213328114,15.144330342023535,4.938631502303493,57.47924097919401,-33.36159143352528,True
0.9760035508714112,14.615264580642334,5.34163043820269,112.82650950127216,-46.92538009067774,True
0.9964839176163778,15.448087958577881,4.991722112961769,112.44940138857325,-47.0740181772215,True
0.9716572729158722,16.702165258534315,4.901010528250517,158.41563911011596,-55.6861751435296,True
1.0388911446870197,13.679155738024091,5.280006492546773,63.28773337211852,-35.18151209561601,True
0.9893104007836868,14.54279446763654,5.359127743957907,106.83496753781066,-45.69787348133753,True
0.951036370435418,14.14700196247122,4.732301213230555,86.64995046408893,-41.176072069259995,True
0.9083260210272137,14.258733000002744,4.670698435097763,104.06445790433644,-45.411773834910825,True
1.028695918988243,16.223436910365646,4.589506247414394,101.38817587069035,-44.683465345676765,True
1.0324904940844863,14.841765704116384,4.736531434581213,75.45946557019947,-38.649061832565366,True
1.0171360755699252,15.722966817707066,5.3408744949087605,127.37216474062234,-50.224793088587376,True
0.9892378246756653,14.332968554715114,5.009357818864341,88.1194188408774,-41.60805174931771,True
0.9840393415552903,14.35515351018055,5.355199003319344,103.59557752533779,-45.321368070359085,True
1.0388756578316451,13.98231199921842,4.689968384981547,55.29665570202541,-32.88031761913492,True
0.9949474377686204,16.445042738450187,4.699108204923731,125.0309187203915,-49.355294848360245,True
1.056226473603018,15.775109718917383,4.8822707735186865,93.67872574133469,-43.06529587237119,True
0.9950476371499996,13.949490164010978,5.089058689808781,78.22372565800872,-39.3565236702627,True
0.9932336560946722,16.14226810479939,4.958040646076925,133.41344888452042,-51.173818374974765,True
1.01854273812106,14.740499968763302,5.209375177607266,94.78585400855498,-43.212729606165716,True
1.069587048856005,15.453217962521792,5.124311512776883,90.58286960728766,-42.332646078542496,True
1.0588370802347298,15.04701163854985,5.146262328698293,84.54479981462623,-40.609943915382416,True
0.9975881602399411,13.563378176173464,5.2054649078642665,72.31937413546912,-37.511107712802364,True
0.9813134234389685,14.172256720049353,5.328893950944179,97.59650110459842,-43.88810074911568,True
0.9395840750299705,16.35394411054047,4.2619157671392545,124.59262182478521,-49.252788251180746,True
1.0346038338344379,15.939299791028679,4.996294173970915,109.85769169072942,-46.57506666218987,True
0.9108099284272828,13.978340832547097,5.252813328591063,121.66717314119292,-48.64258033045457,True
1.0852609508434814,15.20798422288662,5.7571661050411205,100.99179203040939,-44.29141078504008,True
1.042156617336484,14.785352712498202,4.969960551709813,79.13314947238129,-39.42617206933729,True
0.9627019509005891,16.141954114800157,4.340718681768729,112.51155281468321,-46.744056606727,True
1.0615446122208048,14.795123272451594,5.4276042070547685,87.08702727931167,-41.27091954413769,True
1.0274090671604004,14.231835021628722,4.634744770231233,61.71016657553654,-34.668454923403196,True
1.023384552526036,15.737088564365214,5.138185907033242,115.73695790306465,-47.84541219944276,True
0.9866537166508094,16.189104542629604,5.161370769922033,149.2058380786603,-53.97992377305997,True
1.0276327850428852,15.393541287156518,5.037846228041746,100.65875883061558,-44.525455032573916,True
0.9291611453091758,15.572102313815252,4.359924113709304,114.92507486152643,-47.41252350018279,True
1.0031426629185858,13.8048243968284,4.891056139945045,66.55055531407054,-36.063775635238336,True
0.9660062106741638,13.722082270049516,4.52914165595996,65.87694683473465,-35.91991934075941,True
0.9855972560360101,13.650002354432585,5.1361198624428335,75.62936326953415,-38.54721526180126,True
0.9655542487729699,16.050793497345936,4.7344609246680704,130.2484696576468,-50.5308549278501,True
0.9681149564102,14.612767284661418,4.362758798816219,78.70355447668138,-39.53421760072539,True
1.064422294634095,15.826300195129777,5.213486288490902,105.6593394446945,-45.54668421594496,True
0.9283565667013471,14.399744966231848,4.619792172433195,97.45426584803505,-43.63181864395344,True
1.0204331266758808,14.98545661939296,5.040393531312115,93.06521312076693,-42.57778948103627,True
0.9434655439274385,14.194315085089304,4.77892187067487,92.48851085369044,-42.56163098418283,True
1.066075191218184,14.672430156328689,5.260371761101045,77.89535795297098,-38.88991456482285,True
1.021390036398363,13.290419615994173,5.247859480422796,58.53536738806684,-33.71052473837548,True
0.9297655063766104,14.682353209258077,5.071381891439825,125.22103142855187,-49.4460627438675,True
1.0167333709429502,14.594055223092552,4.967769646926074,83.10925788314051,-40.5551667599709,True
0.9652067841526245,13.305091987654846,4.867768559300231,67.05206821179557,-36.44093938716486,True
1.011343879446869,15.42478909453525,4.638512966244498,91.47068881469394,-42.38474718067469,True
0.9335787344463075,15.574282914228633,4.823552804540658,137.4511263460777,-52.016124767917596,True
1.0615480291315502,14.33795989562679,5.143517111621233,67.49688695262988,-36.388741788304486,True
0.9001295233820583,13.794763508931856,5.586380502877282,135.10064321527082,-51.518266967886746,True
0.9596212853416803,16.73040121368036,5.171276930245284,183.19885757552046,-59.924729045204344,True
0.9459010794778074,15.256162648605718,5.214503247681251,143.17136334995675,-53.15478110834048,True
1.0189626855797147,12.619981698565267,4.9676551613494775,40.64101816534782,-28.326367799909114,True
0.9753742815774826,14.571672924611393,5.157880169089952,105.61818444729218,-45.42973296764464,True
0.9907800183838548,14.348405278613207,4.355644259702429,66.76294805643946,-36.34151507451712,True
0.9679234120249599,14.274554063687951,4.7834336834533815,85.51357757073825,-41.04548651383665,True
0.931577797134909,16.09218615195939,5.211100458236839,181.13273921339442,-59.40387284645529,True
0.9885728977366375,15.252954357265207,5.216479775996791,121.80073245672246,-48.978852662526954,True
0.9348552054439778,15.635308153512533,4.836995510112312,138.65578202391904,-52.300503072834296,True
0.9083981291412542,14.862093874399934,4.607488834071205,118.11559204397882,-48.01891430385708,True
1.0312959904385277,15.853351519292278,4.978701085167036,108.95330909083123,-46.25419312848239,True
0.9380466950994226,14.62669660401117,4.8696644402298865,110.34571705801115,-46.71118693746267,True
1.0728556145553183,15.232846219724905,5.282184401967162,89.21018725082543,-41.97791547247257,True
1.070883240731731,15.48730273479259,5.210991489466425,94.51890819926564,-43.26507192171262,True
1.044284587357321,14.377071980664976,5.464704726984737,84.004302315237,-40.52786134367094,True
0.9432106410230564,12.90339880138998,5.333136777588917,77.24307296696182,-39.13492750688298,True
1.1060803078733608,13.306796439386977,4.917768740214136,33.366052522802654,-25.7955895769993,True
0.8823778214962206,17.311904999704584,5.104593107172635,260.17009188832543,-71.61503027424325,True
0.955849979374187,15.651123856688981,5.610323697736638,174.87672593221055,-58.56068546481648,True
1.041660956319889,15.698188094910623,4.87989190804867,97.01613417100202,-43.38481838995033,True
1.037734756714296,16.421477896835803,5.052478387922857,126.17299706992586,-49.76881549428616,True
0.9637429554997309,13.87509143848146,4.998686286832919,84.15195544642762,-40.8295636380461,True
0.9607174354319021,14.275695658274534,5.004981011996279,97.52744184121654,-43.66097218799677,True
0.9892304847066421,13.89520760400035,4.7377693264434635,68.43260059795973,-36.774713348773105,True
0.9956510872199957,17.356586413307138,5.392531106731357,197.4873903574484,-62.33454867528011,True
0.9765278710407218,14.002162955118264,4.724845298060951,74.67638270916336,-38.32956423974433,True
1.082899780067651,16.25424753803898,5.557417607711087,124.75641578629246,-49.360404192849735,True
0.9658184422287013,14.341094180706863,5.491613281419578,115.35552048861616,-47.333958208319956,True
1.0733233622770002,15.085299424012794,5.075268384654921,79.09070357287506,-39.173737471649204,True
1.020296558692906,16.270314631389866,5.00169164367788,127.20114116774538,-49.94240505829026,True
1.050959470813737,15.285992835271207,4.766906957647443,80.87368557110086,-40.05697130770355,True
0.9252544114884246,14.868349993994608,5.021284547151924,130.747422458862,-50.7936656593283,True
1.051399558649791,17.268380631303447,5.324031512283357,158.47939808776144,-55.84711141464098,True
1.049630151304395,13.166090007201912,4.7947303837180035,40.26762834729059,-28.08095212153277,True
0.9666984097147234,14.055920945753817,5.440364580424944,104.1233274706592,-45.343289257820715,True
1.0423968937978934,14.690389887492845,5.30751732779719,88.05591406546962,-41.342012186906075,True
0.9260043805351234,16.044277432505528,4.968168021290377,165.94446771799994,-57.084742258023645,True
0.9762685873973305,14.496371309531554,5.2388295206166635,105.10803274314269,-45.65004570884099,True
1.0583550196710172,15.967716353251404,4.72622211420282,91.56229215868089,-42.62183996794324,True
0.9909013364338816,13.277573812642688,4.969095519893658,61.28909883739269,-34.53604362141214,True
0.9867884431181375,16.148283725027596,5.665089039098916,177.62158138714454,-59.26794099068986,True
1.070227928101557,15.893566124648457,5.358221920512716,111.25792343378707,-46.84606192990189,True
0.9023256004766604,13.925252112294878,5.149489324171328,117.29941297841017,-48.05198414803419,True
0.99111770838155,14.96550545818033,5.0206857132393266,103.82155061029073,-44.90039512184939,True
0.9966982564344051,14.73059148464357,4.9777355530774905,93.58652960383117,-42.842053810182854,True
0.960162934657526,15.450164010115124,4.991373081467675,128.78705771542135,-50.50755105407485,True
1.0687074085469108,16.161174835390234,4.767881532917279,94.33446341238998,-43.1715852437407,True
0.9544966478352017,14.316964261880441,5.195620614894365,107.27778466945817,-46.099144712658926,True
0.955123590862129,15.369471990223659,5.313319929531782,147.46454420527158,-53.70241078602099,True
0.8763875463980577,15.245631013423319,4.924359148526802,164.80902003444564,-56.62533808977043,True
1.0555374733169647,15.124976976561166,5.14021992500806,87.54076730907005,-41.472269230490916,True
0.9835339657779544,16.45534037876361,4.781704960554843,135.97748009390665,-51.636512104951194,True
0.9836219638345925,15.160542951097245,4.979978429662373,110.0401885914097,-46.54111375043537,True
0.9893391065828098,13.785004583027884,4.7461336709202255,66.07332419174816,-35.83964386396597,True
1.0596629196296448,15.737839486192488,4.9319112945885575,93.51372074208669,-42.73238085158267,True
1.0806430979580792,16.600958814747298,5.035819871910427,110.86623168754075,-46.51784135415911,True
0.913377029466993,15.139998221809613,5.181331194644751,154.56545870268928,-55.069593732357916,True
0.9768539464313146,16.352052882155668,4.8162128919416345,139.07177015983063,-52.22939398977248,True
0.9432417990231761,14.580667594804329,5.142849935082735,118.02579681121959,-47.921104178158615,True
0.9888168137411444,15.414272029421815,4.713097892948094,103.59055808238213,-45.145639207304434,True
0.9954470536713954,13.437278731451476,5.095137212734462,66.01319252706504,-36.12343742411957,True
0.9140656492309851,14.39017906298934,5.663303642974242,154.67463150511588,-54.962128445399806,True
1.0184332478895843,15.168662812039315,4.888583611396192,92.66865991082696,-42.77683217872826,True
0.9775407997915574,15.669728424938144,4.599874772802805,107.5292635506324,-45.945179224759315,True
1.039024410482661,15.436632928516275,5.268999837543945,107.35259979812086,-45.84567910732632,True
1.0015149009295559,16.280321179858227,5.085809588670898,138.90485110511028,-51.98345339998135,True
0.9141893753165801,13.471018966008605,5.137512257876213,98.11588488124664,-43.79427963470936,True
1.0307318486636363,16.46974643233603,5.381562861834812,146.49598112838922,-53.507564834833005,True
0.9329968798935582,14.286307216176334,4.786779456704879,98.94020710916939,-44.22106756469569,True
0.9384256373576687,13.771387981928417,4.7956391098200015,83.84139859342885,-40.41304217938662,True
0.9841608182100441,16.036998077433765,5.163372635269377,145.6425052602674,-53.58648460410494,True
0.9857449848192333,13.887549856612148,5.311883797287394,87.93513802944649,-41.36616739411072,True
0.9123265453344633,16.41359078072224,5.071182503096873,195.11837923569007,-61.77282538671197,True
0.9926100518072345,12.817899574196455,4.97857049986764,51.06591619246206,-31.571357989579905,True
0.9955501984857629,14.244306502311844,5.096837886623467,85.31935723819942,-40.825331848574464,True
0.9935940687824445,15.87707515637314,5.220064347191648,138.49305512293634,-51.976448718834185,True
0.9156016033027575,15.672329506508214,4.565601844014195,134.8935295153389,-51.24441624186214,True
1.007195387316933,12.36582972651657,4.702962996233507,34.839123851504105,-26.047929900984787,True
1.0309763004089585,14.336247875602599,4.973362839476865,72.56869126670695,-37.89196638979085,True
0.9326702065163749,13.28423822209896,5.207025317618352,88.70814256677626,-41.962031486644776,True
0.9462222589506174,15.138506182624036,5.651459612587917,163.96673742125847,-56.937324914979136,True
1.0393670430711008,15.051167331396119,4.965989362883831,86.19361025224117,-40.900051743130035,True
1.0789988132612187,14.75230275055808,5.07357502591504,70.0046096666334,-37.20070826958834,True
0.9916814746058259,14.893287336916192,4.80049159556449,93.77910629329232,-42.91964874134152,True
0.9775213502135949,13.898474363336062,5.197139404752832,86.37934103502452,-41.33349674415744,True
1.0099110735923893,14.265987449117956,4.670616168038199,68.64564775329693,-36.61287621394421,True
1.0678170888906777,16.066693518821925,4.996576652901602,100.39392096577573,-44.45051285685492,True
0.957498325732979,14.510312442491214,4.714980321063825,93.14005045718913,-42.79360091773956,True
0.9757986940553297,14.428497041700956,4.366291577812005,72.60970512454527,-37.94507793795588,True
0.9744862713016191,16.139798233819224,5.808136749398253,195.07331841481454,-62.03215922088988,True
0.9291648995216532,13.8211001883681,5.240572401472212,105.83667965335289,-45.513536513392,True
1.0426393834001029,16.47965036245004,5.242655194383761,133.13108530701493,-50.92654952016835,True
1.013056876347574,16.564772793455063,5.272677516918174,153.13499189967922,-54.60223612960654,True
0.8991362516190442,13.984470229937152,5.427519424480631,135.23106434868487,-51.593912822256755,True
0.9994324495306537,15.920656860795159,5.048716544263399,126.71310025879009,-50.02802627038768,True
1.0831126873003494,12.83799147006806,5.260455958433734,34.66785204658863,-25.96030078236067,True
1.0137704974802857,15.10173701140746,4.849846445330399,90.84725545822796,-42.037973644802435,True
1.08019950019638,13.991432042312443,4.948333754163995,50.837615789909684,-31.531946718540876,True
0.9719930416934909,15.505300764865137,4.539488316784536,103.38482776702975,-45.13808279077848,True
1.0483092784189256,15.31485958922231,5.060579352353515,92.94592050062623,-42.72306805957685,True
1.0657462714815202,14.723320251103578,4.841001382919917,66.33791104721028,-36.00208839836132,True
0.9963634999393068,13.906962549288162,4.960065235744956,73.76994533294452,-38.12140100909309,True
0.9794430816043189,15.917296640777383,5.248738028129378,147.0585179397871,-53.49178215871281,True
1.0549990216831888,14.968694386910656,5.090618979585505,82.35684971112715,-39.96391974898921,True
1.0270035661491428,14.29258567166694,5.309016313495556,83.37956382671392,-40.32221146393596,True
1.0477001960819972,14.486707218112839,4.822766516628606,66.59646983520517,-35.943325037453384,True
1.0206549514523569,14.904418446573558,5.114557987306814,94.6134738064908,-43.0060884693155,True
0.9960172303007541,14.900710400905211,4.80814675548484,92.37630354194249,-42.710075042031825,True
0.9955628674812131,15.309901625341565,4.947186314524201,106.93815988860781,-46.01272454931927,True
0.9822606501824379,15.955836565681027,4.908047794926999,130.52315385669442,-50.55572739356234,True
1.0200135718509857,16.047495631402555,4.695862706064304,104.91125650256271,-45.248141255543445,True
0.9911337361595322,14.773578377149214,4.876152652210848,92.95194324293087,-42.71989080544104,True
1.012668301462503,15.425033570035028,5.173242764902262,113.82648302984781,-47.342240542493535,True
0.9603650149985291,14.79936307018629,4.7252312455378656,99.24386078915401,-44.03131651193056,True
0.9574181495930347,16.21347906927462,4.8008173723331975,144.65308767581536,-53.245262575493165,True
1.0292074605788044,14.867596459058234,5.373103777346366,99.52705170969558,-44.12785512612405,True
1.0194236765024414,15.12096805676147,5.425363063418186,112.79171034356592,-47.181416301169804,True
0.9785023539628799,14.974210457761417,5.249617519062696,118.09563854219181,-48.169236298704156,True
1.0688446951754136,15.461063117494636,5.512404143378684,105.72119774881699,-45.77658375021907,True
0.95894618988681,15.631484230765025,5.409396527614843,160.17484200355534,-55.85874141676288,True
1.0218667957995022,16.38505993370817,4.973462251053055,127.17603247632665,-49.810309255272784,True
1.0228855336650422,16.211432922645283,5.596746203340227,152.9743509772647,-54.963632373130125,True
1.0026742206097994,15.043239749142938,5.4678574582332615,120.1279237432132,-48.446350441724526,True
1.0633092467746434,14.956941443291774,4.978263905150993,76.29288145993242,-38.55896118504122,True
1.0813632847375367,14.774994620883918,5.075368264456493,69.79670106037428,-37.246152773688706,True
0.9424606468119876,16.008190412953045,4.801448854277972,146.12313468851286,-53.48869585067004,True
0.8862451337405894,15.245317000883317,4.971281498659874,162.03228892191882,-56.23427666582958,True
0.975540783999437,17.46169650977206,4.533683350850059,152.7875810784802,-54.91625519363956,True
0.9508532304700393,14.936448499939424,4.824051467527298,111.088249528978,-46.92942532168633,True
0.9781450526433905,16.52149412438345,5.238162210426729,168.01319122069862,-57.49314980926576,True
1.0909762104325655,16.53018972510674,4.692714101119443,91.12781565676914,-42.09231407984382,True
1.1348293635754996,16.503543399671344,4.906040885440982,85.95737331804953,-40.82837148081454,True
0.952591214041405,14.670416100019207,5.167561733625471,118.66041343939472,-48.42820835167803,True
1.0112129739475175,14.91568962719711,4.913129560625847,91.00645211425496,-42.253539976918184,True
1.0100852900713484,14.837906975460417,5.34544840301036,104.57555599026374,-45.50630261864228,True
1.0172878038871145,16.473578543442642,5.359092586547258,153.64097333049034,-54.799417938877006,True
0.9314759993615834,14.549820599660915,4.814618127509074,108.81079184983668,-46.37663833021948,True
1.0617896800769278,14.421669897384541,4.868917349828693,62.70586621054608,-34.97965810160788,True
1.0450973261175687,15.693809612490524,5.013479955985672,101.63006876801585,-44.82916465999693,True
0.9759981148902049,13.672243029557384,4.800486602920089,70.5156435081758,-37.02590699818318,True
1.0615380546694175,15.768171588163648,5.490108544386487,115.52221458460055,-47.79455792204472,True
0.9279055796702342,13.858782232529052,4.876281970633461,93.68375932824516,-43.06429416353329,True
0.9153365758269323,14.58831685533409,5.273257572156193,139.82268093027807,-52.37993833802873,True
1.013242291838368,16.155423507391838,4.550819630491954,105.48682078553966,-45.357290669460916,True
1.0215623187525626,14.444241357975287,4.768134659260124,71.88770862320159,-37.5885533429389,True
0.9918089154137618,15.306542966122347,4.674392579402666,97.70487914154735,-43.71360862854778,True
1.0553675498722752,16.208676550165436,4.626737392348294,93.91309287488603,-42.8702943687099,True
0.9671254997844954,13.861221652877461,4.845092679507667,77.71149270639057,-38.88839941798052,True
1.0602190791083608,15.173107622003034,5.110245767849193,87.08505356051946,-41.564332614036466,True
1.0394048019189606,15.646849414708191,5.460032538074067,121.70555056298758,-48.658854526345756,True
1.093142325042837,13.58012999273588,4.939337751857842,40.54264885263681,-28.267546354569305,True
0.9113542449617982,13.962296796314654,5.024560909386133,109.73489389377656,-46.23806188901371,True
0.9756829187051125,16.615792366125547,5.1017827341044155,166.21285918960984,-56.99346311974639,True
0.9546899702980063,13.8539311663103,4.781464026305919,80.11725164522015,-39.72656314386875,True
1.0388477610386793,14.650427784480447,4.9928546245699,77.13827534352905,-38.86862826876386,True
1.0786516485538913,12.984163932911219,5.626298241371659,43.627151377904866,-29.10767649319399,True
0.9813982563947753,14.2141815399859,5.116448007015468,91.5055734729606,-42.14845079743353,True
1.029969830530857,15.776166851605495,5.626219558876769,137.24881531337303,-51.779297447771135,True
1.0721809496304635,15.95856856172899,5.007200056024261,98.17211871292905,-44.02622937613025,True
1.0163117695149948,15.793775437080425,4.813918924427742,106.7655041094818,-45.78311350295585,True
1.035072875649168,14.96515160521034,5.313053188127725,98.03981182756146,-43.8028486870074,True
0.9008374579836651,13.924938591033108,5.37915660743808,129.75329285525027,-50.43453985317587,True
1.0782922944879745,15.413500072291948,4.851044656228517,78.44576556962568,-39.33912768564159,True
0.9850616810215054,14.558442698181244,5.109346408151655,99.28024530993291,-44.05952013270518,True
1.133487593679018,13.391798072873971,4.980927834917001,30.182310718922544,-24.31157851945463,True
0.9574581106393174,15.028889097592646,4.5857842148585855,99.655447758237,-44.04388960428826,True
1.0237285245705896,16.27006391495485,4.603102526662668,106.5458507392609,-45.779793127065204,True
1.041277415156734,16.110331806758165,4.938413912738698,109.39614582675576,-46.53058489219515,True
0.8749233229637278,16.177514837543157,5.345002372021029,234.14533740794587,-67.84738345838552,True
1.0888700626184256,15.30278861475998,5.255094560764856,85.39105044939427,-40.782230873219454,True
1.03715498171516,14.070373621126036,4.72511361829632,58.604881094889755,-34.15049259645485,True
0.9252777199960542,15.587113012642913,4.66325820855179,133.44986241652393,-51.29738647746302,True
1.0184873267212444,15.151098064633056,4.737892394709561,86.66667294438362,-41.172624135178644,True
1.0181978570225196,14.742891764295486,4.712707045307526,77.7519478957267,-39.13286066758568,True
0.9932819901541041,15.666767160171798,4.735471845683836,108.15571710762329,-46.23303959854792,True
0.9701973279173437,15.45683136622483,4.392317821002194,96.23624252430476,-43.696798472222405,True
0.9965989119097899,14.380252419596125,4.267188646435549,62.81798295145118,-35.07289031102969,True
1.0430665758837403,14.333685562198845,4.232049136257223,49.74285218983359,-31.358551379264046,True
1.0410439156877733,13.847254371451935,4.5348447745629645,49.00420717586013,-31.202510980548727,True
1.0004243613228603,15.256641673431979,5.3499280124859325,121.03349142806864,-48.8845900127312,True
1.0114325655807803,15.907173201992462,6.081677205099134,176.50324579565668,-59.061048952318615,True
0.9936480943086251,14.408646798537768,5.6059974972063,110.67070051036008,-46.58173864678194,True
0.9513512165122435,13.933927983503464,5.074646889763435,93.91031305411852,-43.023051614951996,True
0.9971356821301559,15.503396267130903,4.767256931766441,104.76539649483746,-45.542433685198574,True
0.9632709850331577,16.578846692542687,4.870627406795187,155.88016873842577,-55.45865204270591,True
0.9502232800677204,16.990184218469413,5.042142610553909,187.5611355871044,-60.77897976311865,True
0.8790479474660655,16.515362356952718,5.620120971949003,274.43990565622204,-73.37202429297201,True
0.9795582248603691,14.950632273669257,4.702514972833765,95.7044524719249,-43.260519505614994,True
1.0392736234501783,14.099275784707121,5.000886186749196,66.24427627461678,-35.965819938288405,True
1.061155897661565,15.607693279522492,5.029207925212858,93.64697303633693,-42.953089497755045,True
1.022308984966191,14.929378465267089,4.9735303134623985,89.2006861963556,-41.75906371647602,True
0.9352244602972744,14.800813301621327,4.397374735162814,93.94680099060533,-42.69033056602968,True
0.9922643450239375,16.90058705742011,4.91727150911003,153.62695864032597,-54.991900222897314,True
0.9422557167894383,16.385447451911137,4.594288890064163,142.15271655409703,-52.93335250143022,True
1.0954706119662956,15.63687842596279,5.686391349183132,105.52158529570657,-45.677018839501066,True
0.9806370154168229,14.903542918440722,5.1712944640113605,112.8513544492021,-47.02984621932379,True
0.9752857408666211,15.007569745067016,5.334934538280065,125.21638163446917,-49.61939795886504,True
1.0461421361697978,13.455912920926814,4.7345230457373155,45.152640128108764,-29.646035031660094,True
0.9980452481462763,16.046028679530195,4.8652429404063104,123.31390746733574,-49.24096502828054,True
1.0535820525063362,16.297277312594428,5.61260840821958,142.412223810144,-52.88627888358288,True
0.9438436214945717,14.235512470827906,5.3072213333977425,116.01359967932885,-47.81967573345421,True
1.0044510273346265,14.371982147211922,5.126468229784853,87.00859886694732,-41.089278006677326,True
1.0253638565407883,15.975152100116437,5.403099556856489,136.0941441750215,-51.448089214282064,True
0.8691052678601461,14.675602241069374,5.588354522546522,190.97891286621962,-61.41810434194574,True
0.965867291727283,16.135624397383097,5.455258854951725,177.61859351188528,-59.191880224620974,True
0.9693085793039672,14.218060059299926,5.314854715391934,103.96021385811112,-45.130865309790366,True
1.0027617418198098,14.688159074796282,5.34374456352029,103.37770059226301,-45.240773473157894,True
0.9844930547459126,15.518602542388162,4.901160798268745,117.19074023723674,-48.03145632050241,True
1.0148028104245774,14.676313297593055,5.058703008473892,89.19734689360745,-42.00061871485278,True
0.9882761013544551,14.618490740767411,5.20419975052596,103.5263593297738,-44.967474654759634,True
1.0573705559747049,14.596002328291611,5.0954682717540205,73.0937700270027,-37.999814588756195,True
1.1055355684357526,15.694986546191124,5.150910351844588,85.83255097554186,-40.95402010648896,True
0.9249720246691495,15.962904199656409,4.957649430124601,163.77582898384128,-56.44692167588181,True
1.0012346095663167,15.492751582022137,4.1808227628530625,78.79622394145207,-39.4871797919443,True
1.0543170495094167,14.302443567283508,5.202977090012602,71.57308964157778,-37.671599001811245,True
0.9648537858442816,16.36788270559125,5.03242133071135,157.75306008090845,-55.595260470821145,True
1.0139921735512754,15.255342333283364,5.0380993620771735,102.37142453081695,-44.686596244073655,True
0.9810088152720817,16.05053291868687,5.660317786706267,177.49862900097799,-58.795860823823446,True
0.949828626758712,13.70990526311472,5.107003762569739,90.22873802815465,-41.91297239436907,True
0.9491618158548403,16.167515301340096,4.758523134826648,144.49074152234041,-53.12686430002685,True
0.8764529554550673,14.627686236103651,5.206376559748669,161.30214093202702,-56.095878423487704,True
1.008299854987749,14.557576070102703,5.025668337227264,86.8493470862417,-41.37588834974661,True
1.0115909872095843,15.405232471784709,5.334813407605244,120.38500639869112,-48.508866124125454,True
0.9524081402345378,12.949451379690352,4.82098302677514,61.72712921366912,-34.60930134565838,True
0.9860087412055719,15.349930683329521,4.7555088335044555,105.26229455414779,-45.447333578153504,True
0.9278877459255703,14.72327388434251,4.838006346014859,115.23710052237435,-47.629546199560274,True
1.026626610500271,16.414088335100722,4.481254175485122,101.95667458357018,-44.791325205207826,True
0.979970444087593,15.271250538444576,4.868701322546187,110.10205855456361,-46.266444402898834,True
1.0385295046863936,14.006788043613064,5.476898838870101,76.46595560116643,-38.63575531582046,True
0.9838939553163175,14.198839342422223,4.781962852825359,78.3179242991274,-39.130403893234785,True
0.9506150075273248,12.540570613707063,4.592931895426664,48.12082695364516,-30.549522076478713,True
0.9732040316360863,17.428826118433648,4.841590998445234,173.88681023417865,-58.330769731135,True
1.075405058723459,12.495764513094798,5.066090516427838,27.876661474522223,-23.1440974174037,True
1.1048036414258309,14.459354418402047,4.776192558227755,50.376240307846565,-31.35497135208786,True
0.9246486735926737,15.741273036682566,5.021503464963861,159.63684386300085,-55.78300498191978,True
1.0452859399445433,16.46752603803202,5.075407019430495,124.1442317977378,-49.14615434706879,True
0.9445866240264028,16.80421652442273,5.000518057772166,184.53050322343276,-60.253390492716754,True
0.9620058143513732,14.900390506732359,4.9731907759443885,112.08001602458387,-46.65211097217045,True
1.0104490151254468,15.502292487497229,5.529102608149925,133.247486693046,-51.21098954355151,True
1.024466947164616,14.69452008941245,5.052992782597065,86.20790923519138,-41.13425954615403,True
0.9635899073888765,13.444010659988292,4.762730786440629,67.86567416804338,-36.52587871908626,True
1.03050742657053,13.954604329488921,5.226384831513248,70.985944074228,-37.30768607082001,True
1.059211153509521,13.283418587546223,4.981996704462555,43.63995885889956,-29.01920093963886,True
1.0364238168473694,15.316077404567709,5.0214335067934455,95.42587506870186,-43.09204410417609,True
0.9516887374801375,14.657756203778623,5.304027289104344,125.64236399497365,-49.54466421140809,True
0.9777651767815648,14.812502995446215,5.402438961646033,122.45753430433771,-48.89006415713369,True
1.043762274307136,15.672189019752022,4.6582408907392985,87.99540194961057,-41.75355659075428,True
1.0775695102978513,15.247453958515887,5.5195967760656135,96.4094442832137,-43.60279632700693,True
0.936452691826544,15.662347701328352,4.980565511559105,147.37542564143368,-53.71405798482421,True
1.0151380945204624,16.811536958240573,4.982643746712733,142.45790903555778,-53.06431282100287,True
1.0367149393373454,14.205849864061896,4.69701528452617,60.059289129428315,-34.18755582735428,True
0.9301747898775378,13.126539290925688,5.224010888083074,85.28425976220153,-40.689492977333046,True
1.050944072785556,14.419676005686318,4.573482951783077,57.871659811154494,-33.51333398517472,True
1.1057427859460232,14.793311741721515,5.161519338459691,65.80069537082255,-35.8886798054028,True
1.0331913953485992,15.435608999810361,5.495398460826701,118.16145184437424,-48.30443967211124,True
1.0282844942506455,15.724095872207858,4.905606528606964,104.68409223546611,-45.460172907530236,True
0.9624381266068682,13.935395255044343,5.324548037069144,98.62953607461183,-44.179940177959246,True
0.9754826717045894,13.787430301455608,5.0245829889604945,79.44117260322162,-39.476516294058605,True
0.9676382045214836,16.3645020267318,4.582348658169175,129.5342529237287,-50.22622836911485,True
0.9557789848270575,15.318669923581185,5.0359214009124615,129.5262939547664,-50.515535833953635,True
0.9878928376934369,15.353313944472408,4.94440378299075,111.2440181104796,-46.67568820364867,True
1.0154598057053486,15.264332894580187,5.268937021980453,112.38580175314,-46.87970744234881,True
0.9571202107240118,15.147891004632916,4.890997779053635,116.52768828180294,-48.018006706519984,True
0.982629935713037,14.77541409664234,5.14967215477696,106.2404443692094,-45.677005779394456,True
1.0159470295209974,14.290981714532059,4.68329339608176,67.41707676027265,-36.40119674050914,True
0.8941617871718524,14.46051747833079,5.128839259365505,139.08911645497338,-52.0914336516994,True
1.047463658040185,17.166124913114693,5.007131076413906,140.1318228213798,-52.61719952179996,True
1.0106521081906124,16.804417452784122,4.961747324763357,144.4390114003157,-53.22249181584669,True
1.0113352559089304,15.927139478784998,5.00932580606778,121.56753396547195,-48.98044482759426,True
1.0578177743023631,14.932799895809055,4.912286285842908,75.9267222817659,-38.523285530803065,True
1.046907239657699,15.565250960596185,5.042477196039346,97.74636420646348,-43.61840015408476,True
1.0303641599404867,13.575710123387395,4.940895376496484,55.3801921809096,-32.88056814917846,True
1.01398200752039,15.996489955671624,4.707997768686929,108.23508177812934,-46.21792251845154,True
0.9995114908721257,14.759707159432873,4.611133486147831,80.66949791920558,-39.73431765178374,True
0.9709551381269913,15.01535448232609,4.851706601897087,107.01328785504273,-45.86785538293028,True
0.9519617553009266,15.098001603619007,4.904863493810858,119.82862255994306,-48.53308152073095,True
1.0193660066344976,14.820930430315,4.098604360855787,58.91678101513077,-34.07411962357003,True
1.019705121741951,15.803703718935076,5.005794838793333,114.59417310408062,-47.30154621943473,True
1.0070571933249302,16.59480181050954,5.66089813906321,181.9720761907746,-59.59899424672487,True
0.932799911249983,15.856975835677042,5.206988204422918,171.6886213589886,-57.903504440466776,True
0.8672394717509002,15.065922851431177,4.948571985633023,164.06940512794395,-56.74273728127866,True
1.0027798497465517,13.933974028811042,4.7554088447542275,66.66278808844599,-36.30733415121236,True
0.9083049091707385,15.039553639225298,4.490595052722645,115.31797909675596,-47.62428796305049,True
1.0158955234286722,14.92276360304206,5.266577934376793,102.61674013354198,-44.771869168996766,True
1.0974320961258768,15.824477559499266,5.127624254996557,89.85452605759507,-41.987814788480996,True
1.016561241924896,14.35543965783299,4.629508363282646,67.10176069919875,-36.35870443696584,True
0.9781735704144126,14.111929431722688,5.288983471042522,95.36112058659471,-43.21987890993272,True
0.9477082496269171,15.298394828118298,5.251873847494226,146.35550826582624,-53.74666942126311,True
0.9711659339388354,15.92037571762415,4.798603183578592,126.73046132519764,-49.8243402088537,True
0.9981548935493872,15.152919771351653,4.912425686862399,101.82811844057694,-44.53639549219672,True
1.0536458115216205,15.96634646771438,5.074951320742885,107.34565945001108,-45.83301465727491,True
1.0070124158741862,13.724087755104847,5.165851360486717,71.72487985138505,-37.53220165375459,True
0.9854141122973296,15.473519965443565,4.671586066327748,104.17978550796667,-45.38948830763926,True
1.033653188338133,13.718119862950797,5.17008119646249,63.3152774283136,-35.4647423890817,True
1.0738023825704848,17.667314993116182,5.017760774497584,142.07113471103798,-52.780641225035566,True
1.0156769149992377,16.340766898433085,5.333253715186206,147.3647671602234,-53.718767678651844,True
1.0095614426620119,15.384998948156195,5.228801523699445,116.2336436326443,-47.52373087700099,True
0.9170023397492261,13.39607745459435,5.0173535736198005,91.12034302033163,-42.475306395933664,True
0.9319105678940354,13.624921087205692,5.2750407169577835,100.69232211542572,-44.64629002575584,True
0.9255091517552653,16.895424815070488,4.547155817166053,162.67970514590854,-56.73099513775661,True
0.990435892202287,13.84238285057927,4.887735250037743,71.25574771338569,-37.4653485716275,True
0.958310630692806,15.500139173652455,4.7081641207009755,118.38270267486676,-48.24890317892352,True
0.9751976804767268,16.823332843541355,4.833377042142488,153.90595642648617,-55.14316697926449,True
0.9576763241764041,15.105927970338985,4.829721121370034,112.77619589436829,-47.10442132815544,True
0.9620912235791776,13.805013740193232,4.621167284885634,71.77720233067889,-37.7538105931825,True
0.9072935061805176,13.224686890358198,5.285834124476057,99.4615951863931,-44.39133584949415,True
1.010999654462469,15.382837523934457,5.225269962086279,115.54319583521848,-47.648768939051145,True
1.0350077030066487,13.89603868396824,4.817912083412487,58.20766720932161,-33.96478161682822,True
1.003485733037211,15.002286989396294,4.305443582551388,74.11755620610309,-37.97174017840383,True
1.0182440191925617,13.934659770080616,4.848461548926936,63.57958791804026,-35.161295880910316,True
1.0232539741454816,14.398557335790846,4.985414798499859,76.40823553146943,-38.53428651733275,True
1.0212593936599585,14.430593795034184,5.407081888790744,92.4156571408034,-42.67244036100904,True
1.042325540600359,14.738767601407835,4.8308266250536835,73.41222236214794,-37.85817640392356,True
1.0595354552126637,14.259601397896757,5.293506036295631,70.30073499732019,-37.071232973552426,True
1.078916776480827,15.284781432626996,4.8485549823878475,73.99921150824683,-38.22009532429419,True
0.9037120182506386,15.997318909449337,5.170614417095053,192.53355485794293,-61.4772003899714,True
1.0233585650526216,14.639778100101527,5.24228314929329,90.34870827326712,-42.12499836172928,True
0.939496474341609,15.260855407170558,5.173543056208413,144.0307212745175,-53.36350061833729,True
1.0703077445147826,14.064763807321308,4.712861715954228,50.337132539527865,-31.266416865118067,True
1.0033029011049905,13.432519449420157,4.890932563260512,58.628989625417766,-33.9688338164692,True
1.0138165968106627,15.401685065872659,5.176156213384819,112.67963039182838,-47.061211343958284,True
1.0058609438088213,15.879633732243638,4.525998336818558,99.57046204853773,-44.4171659309826,True
1.0105188274507313,13.086383739001269,5.236897795633728,57.13065939284272,-33.54514316445522,True
1.082367751411897,14.908677073716932,4.6362026405106604,60.17843727279623,-34.540782792191415,True
1.061982025867783,15.43223608922407,4.5944507543740185,73.99914040074688,-38.12190819873,True
1.0802233660595268,15.289345259706131,4.840190695264856,73.71236132128142,-37.7922117975206,True
0.9902651941489146,14.409906228862923,4.794481144777155,81.02712085111288,-40.02449823256873,True
0.8937634760534932,15.047577967415236,5.054546661760669,156.82216472544957,-55.39939522482731,True
1.0373647434547337,15.92638398926084,5.080161988700136,112.8137418614026,-47.26906140803635,True
0.9441761479395707,14.140166254397528,5.021094188013856,100.56900983032972,-44.5427144557058,True
0.9818975939212453,16.554864138014338,4.705096402859227,136.69383382096683,-51.85915796190222,True
0.9968936086401822,13.612080422398526,5.362672537812106,78.02228476659296,-39.08071818308955,True
1.0001013360628248,15.897776005657136,5.019371563774072,125.75618216710502,-49.70686598812297,True
1.0321886802633113,15.053995881719903,5.279172383977222,99.69876640310608,-44.34594422907061,True
0.9538300785916344,14.485226293217655,4.311934113014373,78.74780663427161,-39.39674579466559,True
1.0313264254364278,13.158184419536093,5.160536546014042,51.84766594723494,-31.75576863539289,True
0.9904864007675026,16.19019346209472,4.8281008883792556,128.08251651301413,-50.21535548442227,True
1.1301066198203604,14.065913438900505,5.227737385136505,46.10221008598462,-30.30318269481866,True
0.9204915488717403,14.970019845712525,5.535856536291546,164.76180090378486,-56.88995334825033,True
1.00637461384513,15.471031608288396,4.649542799396087,94.25169545383005,-42.80188980730707,True
1.030742520449511,17.379238589763666,5.257476123517441,170.2088452878201,-57.787270998019956,True
0.9794397107195975,14.64432399489213,4.820349781190032,92.17085232140109,-42.75158033911091,True
0.971309309597987,15.051053131972418,4.43857052312992,88.92498277618608,-41.89743067162791,True
1.0662275128947805,15.414068345189385,5.278121134668646,96.17637017724023,-43.5523028643014,True
1.0420482460133242,15.116418860260016,5.545824769611549,106.9605406977951,-46.038212716000864,True
0.9600608475641368,14.23873151678654,5.6333385730144006,121.1637974913982,-48.63944342256168,True
0.9258539079617236,16.48531354777441,5.090180289121527,188.73231842648224,-60.75632997375719,True
1.0294217426123347,14.539064050383415,4.566685205615425,65.70708631174003,-36.074783511736435,True
1.016138834224269,15.468125820383703,4.937791696995419,102.8969196511833,-44.821356797849354,True
1.0285467910478856,14.783109787514263,4.967232962564027,83.56631746898081,-40.4604393846672,True
0.9934398223063471,14.394153645796282,5.3288751757794826,98.90703189472897,-44.12675106767065,True
1.0429386515141075,16.048242829319303,4.992662002380638,109.35965859454906,-46.17788336252598,True
1.0800185807038571,15.262946187555038,4.3772830683263235,60.273352215766145,-34.447196432541574,True
1.076522772369408,12.815644645968646,5.189145644471558,34.36886620717609,-25.895233904113837,True
0.9590541254274085,15.297750080569369,5.021562900827931,127.32261507090675,-49.921093847209285,True
1.1249800777200532,14.37291056387448,5.271172871232005,54.25626999007211,-32.83892222454457,True
1.0329089652245893,13.4111634788268,5.074523658407406,54.630600550136286,-32.863224721861265,True
0.9286750591195062,15.956542887023051,5.206687652390439,177.94490315705147,-58.90622852564089,True
1.0218661368828403,14.23644484283495,5.004421461362642,74.6443278274647,-38.04485960699685,True
1.0114753948734296,15.262362537130818,5.085082122727962,105.60426601251854,-45.67003961847986,True
0.9941706191783334,15.91982053962298,4.723551744406344,114.23049356640989,-47.54345489510926,True
0.9898319980753162,14.757533640711436,5.1062611090073595,102.77244426911444,-44.861982043978195,True
1.035110304954787,15.251207459925725,4.944463975008476,90.60463385667319,-42.33471538249027,True
1.035306188861952,14.319200552927494,5.146980875648006,75.17943976158205,-38.642943667748526,True
0.9706662236447047,16.1039231897638,4.645283592966292,123.97801916705205,-49.40276681674736,True
0.9732077733846749,14.818253808990042,5.419750858151819,124.84934053763048,-49.45222338475989,True
0.9712498667090742,15.537475224491473,5.074504222075466,131.22247754945144,-50.84824631178325,True
0.9912608762979358,16.505394710008996,5.237938053657078,160.02104229417262,-55.80872741362333,True
1.044322294876473,13.14851107874248,5.001425640795535,45.506324123399516,-30.103614145974845,True
1.0601271734312445,14.314814763801026,5.180970967696706,68.72511956107499,-36.71380446752462,True
0.9892855400137583,14.827220083570602,4.326446058444075,74.84601112640678,-38.298542443504104,True
1.0549464344756454,15.127614559009569,4.967735743414657,82.76746857770237,-40.13550392171973,True
1.0220846952281946,15.6153869363873,4.762139393662682,98.10465593703955,-43.89520818974588,True
1.0066522226833743,16.220811355283395,4.892018092704143,124.30181344927256,-49.55426216156543,True
1.0933765794031356,14.254590027035167,5.303201855911512,61.38126877872965,-34.72737780253269,True
1.016455761399904,14.798290851719488,4.520106868128456,72.95021201231577,-37.74384177504097,True
0.9932303502513027,16.12178291685041,5.221916366625751,146.43250386944845,-53.59525555876879,True
1.0417850474342905,15.33801764972931,5.138398372091709,97.78021818862801,-43.85945763327609,True
0.9384573619981147,13.29938342900965,5.3841388151088045,91.86414238863547,-42.66519904611991,True
0.9890325781795756,13.216657850697032,4.377902449487195,46.85454929019081,-30.472841247631624,True
1.0130882879756378,14.510982275663498,5.176849753473799,89.10035609844002,-41.766237467650235,True
1.035968568373531,15.552004587066955,5.075812897489775,103.52833400277882,-45.08258123170071,True
1.0120531164099058,15.53333544501895,4.984051187886195,108.31640555961313,-45.88329942542477,True
0.9355473801966256,14.106841288445073,5.43322839715756,120.274268711333,-48.78456748471978,True
0.9557523075252166,15.663583369562945,4.367588553993694,106.38883364807447,-45.609510406169186,True
0.9784496580119444,15.251931319792913,5.0375453347181365,117.07067052163138,-47.83033263243061,True
1.01207869795096,13.918669693276197,5.306725879394027,79.09884035380382,-39.2388215765353,True
0.9351537772669105,14.39856531584499,4.512376513368541,90.77103402555015,-42.26813731431956,True
1.0704546745594667,13.055391370398448,5.178341277702025,40.109649797742364,-27.813187148969764,True
1.0156454022199506,13.809062018757041,5.097619363735737,68.24980249359422,-36.60665690749303,True
1.0142861736451108,13.116246056188992,4.361037868075279,39.830844218207666,-27.95788090532206,True
0.9913418680872564,13.45324648665223,5.329062177434844,74.45387621833784,-38.24952079613942,True
0.9278338649729423,16.67931765094459,4.732457653912283,168.82670296595543,-57.34655071402267,True
1.0045405656631567,14.599929064504611,5.47354040899087,105.8559307706663,-45.63134776359696,True
1.0374117011804245,13.22605615132467,5.172222395946041,51.643264951019425,-31.8047269578397,True
0.9923367187012919,15.418736439011639,5.08992938776407,117.98603244720043,-48.28718417245236,True
1.0534579067940908,15.289895715257295,5.303815156663869,99.60365412703989,-43.99406111865906,True
0.9968837512477386,15.19291225293222,5.268294132833572,118.49262106484413,-48.22735272379473,True
1.0348013058665744,14.126786874788257,4.412276393271245,52.93493497533021,-32.444978487258226,True
0.9944636390688114,15.622729053019684,4.4885113916912,95.65999029661664,-43.10233360872027,True
1.0189673609405525,13.902196242140766,4.956972070965534,66.6431971941238,-36.259416828128785,True
1.0434062869020722,15.793647226698399,4.677720481838033,90.77784759618538,-42.1633735845309,True
0.9459792752322757,15.884606715932083,5.497893653698616,180.75438928516732,-59.70061209210964,True
1.0323658483595106,14.935758133570909,4.702769650510935,77.48926798404841,-39.1893509711724,True
1.052715514960105,13.535681635140122,5.02761878709262,50.94179549069859,-31.69624500226868,True
1.1095193881387224,15.802495701242167,5.174919397335494,87.00862736842475,-41.205722869355405,True
1.0035575905927816,14.41643719270796,5.733260242507745,110.27673273306678,-46.400845453501475,True
0.8950396872410158,15.274359372228009,5.344796703822796,180.63591991544536,-59.77321880970736,True
0.9109581650699463,15.690772050580504,4.801647781430357,153.1150850542474,-54.782318023893794,True
0.9556421849904726,14.190341782012258,5.157421318580047,103.12481007770252,-44.91964026962983,True
1.0641211049726025,17.145699042226685,5.209498581577524,142.66221314573576,-52.749139475710656,True
1.1098376560067995,14.956122611724624,5.1865875605622795,68.08690255430838,-36.36353258468325,True
0.9796773390614117,14.329258530862273,4.705846597746884,81.01701823437641,-39.90558654587736,True
1.0026625870134986,15.99943185477578,5.609539814103513,159.59239782444172,-56.012260185127225,True
0.8709378515177422,16.54985725808685,4.632760881102144,192.50565572905435,-61.24161854790222,True
1.0325683853409706,12.933254664438735,5.204062371732247,47.77899673646773,-30.38004347891036,True
1.0067207291918847,13.618861969878328,4.735333538036286,57.83933917569091,-33.842264481978404,True
0.9874984557411947,14.224396866324275,5.117227132347268,89.46633250325448,-42.06545349934911,True
0.951821557499039,17.1134334219987,4.941225321420061,183.44440383475026,-60.11265472200744,True
0.9823797629656279,14.520882069014979,4.609246657195471,80.98427515455724,-39.66730315860486,True
0.9327382528331016,16.52084593080335,4.257547535142652,131.90657321092337,-50.87704254028024,True
0.9569620382576364,15.220110633990007,5.265692817396283,138.77995185075355,-52.06455243025253,True
0.9364687689596205,13.549697153660086,4.832199667000111,80.81847864803198,-39.69770975830907,True
0.9491531284834909,15.880624247897876,5.041744934204285,150.52664543389756,-54.31812369936098,True
0.9422427319580768,15.316949228864411,5.540059262348237,164.50461735877616,-56.93007541269113,True
1.0288533071930046,14.137735483581407,5.187134430438257,74.45278007688655,-38.417474849863865,True
0.9425086008491366,14.339242796471565,4.130571397929701,72.17074415644397,-37.41476571116233,True
0.9973848249481142,13.950396976548422,4.632587087507301,64.38912243468849,-35.513064550072464,True
0.9454022299352137,14.375261904675948,4.4476259151704785,82.80385210878077,-40.245768363703064,True
0.9473630626181809,15.6584551996095,4.749895831685231,127.70062212392008,-50.0008013939964,True
0.9453943357292889,14.096304494223343,4.9187202598254345,94.97965827824565,-42.93201321222857,True
1.0488806797790202,15.084387125154112,5.766458740707473,112.7227515446657,-47.06079972539275,True
0.9908727969675223,15.313851780471047,5.301952756809871,127.27482729988847,-49.75122133914978,True
0.962641461260469,14.945460171995384,5.1069280565914115,119.95337617214908,-48.55483461211624,True
0.9497941928619611,13.384335074833281,5.133152622359954,81.56700363881397,-40.24209299191376,True
0.9327833390516235,15.748875809771471,5.142526846379328,161.4507736284015,-56.27471450342826,True
0.964082001206189,13.834582545475035,4.474304005518435,67.2438426566774,-36.467972796143975,True
0.9281717053772272,14.424940704523017,4.577185597243624,96.06418864545745,-43.28728871448091,True
0.9782689125751401,14.539855127238647,5.136595344352034,101.52090868401208,-44.60986977447387,True
0.9646090026176508,14.968149101756014,5.001484792899912,115.11751197961614,-47.696020737685075,True
0.9610387849081624,15.096231294918022,5.0906745366939905,122.82908685807406,-48.8894578918979,True
1.0619113212258513,15.685854433581266,5.481587160345609,112.99425524602647,-47.26862348488208,True
0.9877986713424476,14.688204357248345,4.7923958250440775,88.35230227803766,-41.44075850706922,True
0.9908958034326917,13.783220956393707,4.88912560053307,69.78915926152688,-36.808690667815256,True
1.0640990230730578,16.087070132216926,5.074036517835114,106.38404854125922,-45.52309886549122,True
0.932062983148186,14.598971224625133,4.4893681707305975,94.6234715071545,-43.31216822189756,True
0.975648149187421,14.81506050164285,4.558082520334695,88.02518651408892,-41.493238546302806,True
0.9225383728264928,13.999199563366169,5.4089249154768515,123.24369128766628,-49.242641879356746,True
1.0035136918297332,14.134366599865325,4.91174292289666,75.1963240679595,-38.1898604154926,True
1.0303571928912731,16.442437645140835,4.8529146443186955,120.06489091511962,-48.35481159907334,True
0.878754963890039,13.624918527447868,5.072374526760678,117.05593093267214,-47.96502833797784,True
1.042999567763621,13.772752586856107,4.499164699509738,46.271101696377926,-30.33924465454176,True
1.0155519239430222,14.537734753157016,4.907965131893144,80.54296023361002,-39.993218898187365,True
1.001824248243837,15.318149310701262,4.827621402554161,100.46347143515051,-44.54325797375716,True
0.9379076845096302,14.032566295580427,5.110219946307932,104.19232740890605,-45.082442941715826,True
1.0385971765991515,13.421852918067957,4.366861569402306,39.69797303230454,-27.995039011942822,True
1.084144601841684,13.779476542382067,4.759649640643945,43.286827188105285,-29.244005963894075,True
0.9796255602525841,14.584159930813177,4.8618397158718905,92.5069931152024,-42.80932801704475,True
0.9841273889058996,13.999365263273102,4.854550032825822,76.8604275090577,-38.69723743121763,True
1.001137326251143,17.223327384784586,5.31547337304352,185.56836647436586,-60.50537813815425,True
0.9800271460305696,16.982201176459984,4.763837275554403,152.991507247713,-54.654675761693255,True
0.9910917849606034,16.165591135170043,5.922698226645361,191.3325989012903,-61.38169218821868,True
1.0514247990234271,15.376430808976686,5.224083009158254,98.91229434842657,-43.885029932994904,True
0.9966843854886701,15.378367902635226,4.85403740452747,106.10880510404812,-45.54882130728946,True
1.0145024579949777,16.322085542548706,5.181354009058612,139.22378951545593,-52.20695324633648,True
1.1016592958355436,15.130756166244433,5.217966197998548,75.72151877910945,-38.74679604650328,True
1.073215344893469,14.176511003990555,4.906907966197538,56.080767966479065,-33.204061198457396,True
0.9476659419228469,17.123213647218815,5.34553366215555,217.7002096859792,-65.19676601583606,True
1.0872157624931533,15.575227849581514,4.7072806608685545,74.3969240212135,-38.390983731601445,True
1.068844913150659,16.453048872890328,5.175888474302261,118.45057553715345,-47.975347437281876,True
1.07471935011104,16.81212909378821,4.968527138987238,116.27662134081902,-47.84213080532982,True
0.9687251770133971,13.227762332882971,5.086852757994049,69.59920041286371,-36.79894742257159,True
1.0105777220460814,14.136027524841078,5.068629182859021,77.48028710658207,-39.02336516262813,True
0.9804189063208806,14.796674289928136,5.005426844755074,103.62459627768204,-44.937910232822446,True
1.006051551511363,15.500940100269581,5.592970181270377,137.8566290306885,-52.03788217059604,True
1.0875888694169504,15.916538569683194,4.824484266547444,84.65485329690547,-40.85569722981135,True
1.0070029107077596,14.936823683725315,4.763107820220235,87.49390173150701,-41.61684067046009,True
0.914003801374787,16.292799458322527,4.973455323866146,182.07011942603924,-59.98327080972775,True
0.9813445217257429,15.609412231402446,5.390970386263473,144.1162195662561,-53.40879513312653,True
0.9672734290490362,15.597105645380724,5.011446697337616,132.35482293033934,-51.004681391320744,True
1.0894908789478754,14.723213356521347,4.97854649005384,63.78058435976329,-35.43576357491128,True
0.9593442870378502,15.315773154458219,4.833296165441879,117.80692348435096,-48.13855073681631,True
0.9796407611151311,15.308905614998526,4.854063864323318,111.24456056408536,-46.54290268575153,True
0.9813707323854549,15.962795096349204,5.320886590102651,153.19476926290093,-54.73238802211268,True
1.0799803258749385,13.682747664372279,4.981310477158516,46.1630267365235,-30.338292015968975,True
1.0480189489872478,15.702147122724995,5.0763823390230725,102.74408592017309,-44.741761067909444,True
1.0283988622601132,13.353610874780077,4.79058682288261,48.41184761479266,-30.867692423951578,True
1.0116447416971368,14.14668400981788,5.2330598612929515,81.99679711052649,-39.89030987411827,True
1.0107540528148136,15.607684399859863,5.366946555207982,129.24543054151832,-50.521728477659124,True
1.0038074159538224,14.161848046128199,4.721725092000868,69.73575108449599,-36.97237054280993,True
1.1027648828748298,15.027278249191035,4.729318698780935,59.81371244362337,-34.35317560866115,True
0.9366466587193172,14.078736957046717,4.7466794739720095,90.24942559070483,-41.90824477740719,True
0.8617275805223661,15.599278921291088,5.3107032400281105,218.99076102094557,-65.5080227748685,True
1.0221510499820667,15.047386315744552,4.711706877891238,83.14687521355255,-40.436352586620536,True
1.0701363019245735,14.975256620776118,4.896779623897724,71.64893322143377,-37.3784567466445,True
1.0092776619140962,16.099715087642316,4.70465793398814,112.66722013894044,-46.85432801141298,True
0.9009957822125495,15.416836574547366,5.507526243883538,196.12887386303711,-61.99457987492204,True
1.0372909196824562,15.493733151775071,4.8405020314668015,91.81056661451856,-42.33386533040028,True
0.946755754973403,16.10888228306313,5.4989715391219836,189.00874411426537,-60.925969503429364,True
0.9358186543316719,16.211755839805196,4.992040938583896,165.85771358006556,-57.09845832726226,True
0.9511113032132057,14.04985238446862,4.851953892067564,89.70325884088463,-41.90351343332293,True
0.9195672475949236,15.736957948877139,5.23966490306471,175.5854817712866,-58.775945531101186,True
1.0101668928631011,15.433413512124321,4.988220603463716,106.45218596861025,-45.744085598367725,True
0.9676080722292542,16.311964672828903,5.423025265048157,179.87665594019566,-59.19774346763966,True
0.9334752861627151,13.713156192050494,4.935042753724135,89.53968572487675,-42.05935641921683,True
1.118993930201285,14.309376881768843,4.864479645007307,46.60055306828994,-30.044690301072656,True
0.9734308461005818,14.80289844634145,4.863277633731772,100.43522533142493,-44.187024325575614,True
1.0025860068445696,16.4027101949684,5.372838979173805,159.27728315174116,-55.8608287507128,True
1.077701498516019,14.713096452215273,5.075255345190434,69.54101302297501,-36.811806514259686,True
1.0338746444362183,14.958513857701305,4.778756225422926,79.15116337073515,-39.44267093674116,True
1.0954227890579147,14.315965724233461,4.569346572904369,45.936137559378665,-30.135081683822612,True
0.9651943325852969,15.784095740432045,5.063374582296897,141.85453078848616,-52.957258445441596,True
1.0523714148364707,15.676374878275556,4.718554055006119,87.13107895122437,-41.56737031933518,True
1.0245269162944495,14.456234110022145,4.4696009406110395,62.627206576842745,-35.0948002184988,True
1.0497518617558763,13.95512032377518,5.3266136459907125,67.56168064996912,-36.298031725281525,True
1.0422186592477547,15.772153852279608,4.630270059487319,88.78318442779339,-41.95489496334157,True
0.9614018016003786,15.508784802629426,4.463901331945979,105.24812890504334,-45.61906996974761,True
1.1411713451454901,14.33631577266687,4.958753562224066,44.0666944202576,-29.399963205029966,True
0.8869668854099564,15.694245307765568,4.910073815354551,174.22652559915556,-58.58228672881302,True
0.9567881926909639,15.639365698735284,4.738010932232197,122.85479665516885,-48.906960062131695,True
1.0340565248802094,16.22998181026846,5.065690365705552,122.46205319966413,-48.954708320059694,True
1.0145323855579622,15.846853669385652,4.911010115556496,113.33527862409454,-47.26869377331582,True
1.0066956063342714,14.661102691483514,5.659753739536631,114.64349931357876,-47.46053345536377,True
1.0357780520566087,14.238140117236112,4.942143244466063,67.57786460889895,-36.43219896429239,True
0.9578612240651344,17.0152048181643,4.6182372281516,155.71179469351372,-55.2290746404075,True
1.0419956971661959,14.486137488084513,5.09006056135753,75.42460393575851,-38.47976653780569,True
0.9935403758110437,13.16554156589068,5.1149177489485655,61.64255846065257,-34.76163444076082,True
1.070047963886455,13.791943039935225,4.899496383012509,48.568823700753114,-31.019465735659647,True
0.9847689337537001,12.972656776354102,4.500980282967289,46.75221097569266,-30.31348416215778,True
1.0233903014308043,16.22128940176248,5.46398076763611,147.62275748893285,-53.5955273487456,True
1.0318732355245905,16.821482643720863,4.621263813971152,116.63455039546506,-47.8022175193583,True
1.0452589825283478,15.249857428536854,5.265081406784327,99.83751823973576,-44.31938885363907,True
1.001868622715437,13.396306022217818,5.369847124866718,70.77602516210135,-37.17637162307994,True
0.9856740844938752,16.20170740442055,4.907009183816282,136.04171007506062,-51.56143360774813,True
0.9612495209217089,15.465759426556,5.263857981487463,144.64338913435878,-53.04810968724332,True
1.0243082618802257,16.23099606015105,5.2901237331105255,136.93345864289648,-51.88569685351953,True
0.9051341493453017,15.589998299797797,4.6783471861075725,143.77447160612633,-52.95386766141322,True
1.0154455255705244,13.615239475548023,5.441313812852641,73.03694959345546,-37.77861710777545,True
1.0191647266573494,15.661462718467716,5.098796051299804,113.20734219584352,-47.196508350996595,True
1.093700822220892,13.444999659524557,4.350634525116589,30.12327688692592,-24.390255071601246,True
0.9669671576546885,14.228233285456861,5.059446939998719,95.66586026236858,-43.16763098278453,True
1.0093859103802008,16.03310207345694,4.832315443442348,115.67068113581381,-47.54952180994239,True
1.0079531400985986,15.983898812312693,5.1337691771265375,129.6474754468645,-50.276934704893115,True
0.9446974216869245,14.056134731947463,4.807969093967534,90.42417984973254,-42.12344346470049,True
0.9997246364976232,13.86028936014984,4.809836848670266,67.3872649581132,-36.254580908289206,True
0.9329222030805486,15.026410433519283,4.689276240189772,114.1926770157093,-47.41344381103081,True
1.0481482317916535,17.003199047088774,5.067455216640093,137.89873220533596,-52.154626433134254,True
1.0295365085605974,15.560857518685873,5.15606272919807,110.49607105632253,-46.482463860585675,True
1.0215784731193165,17.35271515536939,4.999163245177113,155.32251215518002,-55.352103294707625,True
0.9681519591571943,14.835442868239808,4.911788288461015,105.5126772549608,-45.30234718953126,True
1.0709382358749693,15.88328364677462,5.028990531793436,96.80048282834687,-43.80351317091237,True
0.9457599244355178,14.684045695813849,5.317080554744318,129.4759658754629,-50.350898124920164,True
1.0025009777970892,14.1998818646043,4.687989942000157,69.4457918049547,-36.92255269944529,True
0.9415403865425542,14.04845792343938,4.5990455508215025,82.24177529222831,-40.255700472250645,True
0.9908395636937144,15.353524258928585,4.639783625109803,97.09189135179179,-43.704066729641646,True
1.0635527579827517,16.29478467091242,4.5082764232465,89.09576936006486,-41.632552709264985,True
1.0236203938315682,14.673365056526826,4.695860604954644,73.02994051290067,-38.084071157370055,True
0.9539488033695596,16.421349840619172,5.3423577632539025,185.93820339297648,-60.45017859806311,True
0.9738963543679184,16.83078647962397,4.490153006538873,133.27818172004703,-51.232917318053346,True
0.9810261231575497,15.867683001055715,4.924640744576996,128.56455250931685,-50.40884166503211,True
0.9582850140597482,15.326816811593446,5.19996469145346,136.3152757386619,-51.71866583171709,True
1.0136294403386248,14.329570650532172,5.003539980258877,79.51158899395224,-39.461691790746904,True
1.1091910614224159,16.302829895634503,5.261746396398749,102.85928948608635,-44.72588824908315,True
0.9720285205680452,13.859122533052604,4.825952000915355,76.03285028159591,-38.758999938783525,True
1.0964908153676203,15.607269586563365,4.85216071498889,77.05925531003057,-38.654707420314324,True
0.9998191937344086,13.710915428699524,4.883068279668633,65.50600309198919,-35.80936500754537,True
1.0161084491991834,13.942599678505177,5.1659908288717356,73.97415713193224,-38.02935408942626,True
1.0130431876335282,14.938631269355545,5.819066451893047,126.96999877628282,-50.09318824337044,True
0.9151823701113497,15.70398504702284,4.997738518398317,160.69335934641032,-55.957474402183,True
1.0227346265527522,16.00481134431227,4.929050108767426,114.11516655668909,-47.1242700820946,True
0.8783980849326776,15.004032110205394,4.711062610312183,142.82880057911754,-52.771131257776645,True
1.010461108557835,14.582463836985513,5.5220759374072905,104.71073738793636,-45.47320603927105,True
1.0081393721973295,14.209912185825052,4.883956833860614,73.91708706438665,-37.86258752691003,True
0.9232542547619182,15.700018539893524,4.814631513179616,146.6911195509261,-53.88433007484561,True
1.0032385455441506,15.661433505411505,4.93701617821287,113.09516639104889,-47.31315900165758,True
0.9853558903081358,15.177512799576503,5.546768228662395,135.2549902178245,-51.36242181213031,True
0.9923156406397774,15.301663865967125,4.831617619820542,103.71968225482766,-44.894234181763885,True
0.9928214325288901,16.601634002519866,4.9924509498604515,147.2694834771601,-53.73164174652939,True
0.9705470962768524,16.016646546037837,4.245162260334463,101.68002767401892,-44.640529465196195,True
1.0037849786372013,13.584722194194567,5.294085567497928,72.14847646835538,-37.65395957896145,True
1.043283155278572,15.887569832889533,4.914116384871758,103.05089476529298,-44.79174619898212,True
0.9880523357616103,16.381274384945456,5.273612401757699,160.6838120627476,-56.33639730233232,True
0.9974874080595778,14.180396332617237,5.190167233628374,86.32909628874897,-41.343698723096665,True
1.0324580020434675,15.948310180626656,5.047656086341693,113.18022942680543,-47.070485426274224,True
1.113479645602298,18.005744425985604,4.865036579410993,125.87437198783971,-49.76507386882845,True
0.9903597301557581,15.482380677356192,5.0190057929526715,118.3270153907374,-48.09240629259319,True
0.914886323520504,14.764297630194632,4.5978407639257854,110.13601365145374,-46.42889314664382,True
0.9551656232241764,14.899214765892598,5.067432525938866,119.70267515303522,-48.46780938959006,True
1.0301221831666838,15.131176802593702,5.1659680566782695,98.76621795512219,-43.79115353524206,True
1.07563121365214,13.422820671999785,5.024586105273822,43.29584844100033,-29.194961938205083,True
0.9527147345499128,13.37656795554428,5.010827438796706,77.20968765188684,-38.967598371939,True
0.9978290088626226,15.270460513845931,4.818169733032934,100.79888403601109,-44.47812931339588,True
1.000964304479936,14.9512422598686,4.951838477485553,97.57978911195784,-43.52630700254479,True
0.9615589454267961,15.66303600433918,4.670926560921295,118.82895742832976,-48.51821097199452,True
1.0767616670269613,14.71751684941828,4.836333661937682,63.22776012723787,-35.242175832818916,True
1.0582037811104124,15.08257055010862,5.6194433325502215,103.03555101556734,-45.03859240452458,True
1.0172076669785042,15.950591222138794,5.02661740025799,119.66202897024259,-48.342152437794105,True
0.979004776590861,12.72404895740133,5.1456233981423045,55.99523560538454,-33.12785044579193,True
1.04781135869146,14.083629756661468,4.992119767335503,62.186993308697126,-34.81901295801213,True
1.0256967997567346,14.47647625778945,5.019682338755374,78.95757685349422,-39.578325925580174,True
0.9781479276037371,14.841372499640883,5.040322358067955,105.77038888498143,-45.511190776418566,True
1.0485734125874133,13.582764689009709,4.927709185919888,50.85623524029348,-31.527349323384378,True
1.018461642383493,14.09142003101412,5.177989485767032,76.77237702707895,-38.90587787786689,True
0.9169653979302975,15.699252402271458,4.785267457593247,146.99007147188385,-53.68828720135829,True
0.9503886856459891,15.464955714745255,4.555031940479311,113.4118942815082,-47.28218182506885,True
0.9335305199191732,12.207391505667733,5.059017800616586,56.6282224855485,-33.371414796319925,True
1.0515600254191393,14.774782962041765,5.335489115013678,86.91774996378307,-41.07914500724339,True
0.9648925730252275,14.857742886226058,4.805224973633856,103.16940822610648,-45.00005611036411,True
1.031358595874094,14.086900096354785,5.235303921590374,73.84783497512451,-38.164423409547986,True
1.1085936405632253,14.85797838203714,5.201736962673158,67.64394168847818,-36.56562820033449,True
1.0397067345330335,15.392627417988155,5.468066419352056,114.0104812543494,-47.08472085123776,True
0.9790515444758956,15.715034934629239,5.559105865945134,160.1279586220475,-56.281806490659115,True
0.9628161856090318,15.101231505375672,5.174046846300508,126.98471704146883,-49.89491842070409,True
0.9846826265662207,15.646851671007111,4.964055578967166,123.1101531048666,-49.059757290606875,True
0.948611915572979,15.010913517170886,4.515084425652669,100.42008802332074,-44.24892316369885,True
0.9427758991978453,12.715231728531023,5.292958081234516,71.00330508185655,-37.40982592824726,True
0.9597517658989292,14.866183974252555,5.339412618982337,128.34233736228322,-50.05606741525505,True
1.026610490034943,13.771048005614718,4.922756357637513,60.37945742808186,-34.643242458585654,True
0.9739570982295103,15.11344084341023,5.105608937319415,119.72717567889464,-48.59554942722617,True
0.9887358056236406,14.780000825973206,4.692009402790711,86.48253983330899,-41.08610314335565,True
1.023459325594326,14.770572724306817,4.820522081295724,79.97528732968783,-39.38626333410897,True
1.0363618717417684,14.162187678058514,4.603490245924669,58.06384891625323,-33.5753918274089,True
0.9035344738801561,14.601137034767913,5.080705739023063,136.03776113504534,-51.49038746637521,True
0.9138333635772545,15.306995211267655,4.880111678461923,142.26677302214546,-52.81096446883614,True
0.9806984018744929,14.086583135225617,5.374903770229572,97.21688118064111,-43.58882896064286,True
0.9442592255227491,14.378771841487188,5.0704235022248865,109.36719078960074,-46.43590171356262,True
1.042726791426884,13.247397135713204,5.10592830063847,49.71475341854926,-31.199956483280697,True
0.9768075592145757,15.279134205510685,5.003428404829781,118.57305808578562,-48.04786340796652,True
1.0898806141533606,13.723868736613522,5.4739307870077685,54.014433914975086,-32.76753551098847,True
0.975604131003629,15.027843671920818,5.43569424904252,130.4415380981654,-50.44722425672382,True
1.0154311350854281,15.706339298688077,4.948512535025141,109.28904505167478,-46.550603728658906,True
0.9666469893700098,16.27129165945822,5.089532969892136,156.7115663156048,-55.417162037653775,True
1.0243798501654056,14.67852250893509,5.424435343278034,98.03564173269302,-44.040473003296576,True
1.0254800357360334,15.624719260919933,4.647210243539357,91.122490222934,-42.45580811776859,True
1.0443875114062031,14.992602658106705,5.090593631773434,86.50493685358873,-41.07394936982969,True
0.9932859614518319,13.12759644839323,4.894985174642179,55.092649757161645,-32.84947610606911,True
1.0635173488103982,13.513675998337682,5.441773088382219,55.72164253676889,-33.263599416834765,True
1.0149815508588576,15.847272844649622,5.15918611190174,124.88039307126819,-49.28352544999678,True
0.9678424072991192,16.15752244368097,4.478665733375278,118.62236320286785,-48.48132014693679,True
0.9681996303900486,12.881043847785989,4.8752825046330965,56.88858027521582,-33.40031310773278,True
1.036441128141607,15.333729244692558,5.421111727574699,111.64480778905842,-46.899444038352996,True
1.0632129941923107,15.268983295908642,5.267600168811341,93.57804903284904,-43.07729531066362,True
0.9438968766513121,14.197454308951846,4.68725640854289,88.59322848471713,-41.630299285186226,True
1.0375490493222719,14.207814974711551,4.706376894482612,61.1597481663812,-34.5267474902633,True
0.9256822002775179,13.943534117567573,5.023434500422842,102.85005446278566,-45.08544200708844,True
0.969125836438814,13.07888440927741,4.98368574379096,63.380291237391035,-35.036759145739225,True
1.0244866853990853,13.946076549147067,4.922985746694292,64.65077268456143,-35.62190961714516,True
0.9576243651533256,15.696338188069884,4.879022037202704,132.00495252155602,-50.64802357702076,True
1.0732876998782612,14.64944490166657,4.8236427663853965,62.82401143560764,-35.335212456835464,True
1.030428996617361,15.733923869782675,5.6766447387376155,138.04342333571157,-52.26702102311837,True
0.94092384643426,12.998729237046389,4.8902676806089485,67.70602169163726,-36.29319627002521,True
1.0327732813965733,15.439622278439957,4.802268703349495,92.12131149329821,-42.27108858721248,True
0.9339815791711397,15.777529995186105,5.1517862030180845,164.8973623282076,-56.85512943871246,True
1.0001849825497169,12.38670412087459,4.969600523811951,40.62737784283345,-28.32993389729848,True
1.043865984975252,14.473085126821685,4.723537274937155,64.6546264300606,-35.675281280445866,True
1.0354649250638253,15.343924544316655,4.924979784111038,92.68831223961517,-42.406962552076955,True
0.9956824263251397,16.303046387021553,4.981968038435169,136.94418806385713,-52.03779389461676,True
0.9827855092831743,13.621031400106926,5.129089494338823,75.87492045177218,-38.49496905281444,True
0.9421099916276,16.38723431634594,5.0939142318551065,174.88718320911087,-58.439662824847645,True
1.0091296624941992,15.438650654901057,4.695357066275811,94.55053520146421,-42.8718120198062,True
1.0402244051898863,13.997252674631834,5.182609768537786,67.61719843250897,-36.46733460055054,True
1.1032363172345618,15.992755788416677,5.267635128136414,97.26190967526777,-43.83303677772604,True
0.977193368192319,17.30279418391945,4.67724217122964,157.42777327765052,-55.5903737505876,True
1.042333218125325,14.664545800597981,4.7669887198781415,70.36646564232815,-36.94548533132333,True
1.0382238036363405,14.581984533995755,4.947337592923767,74.28775269889705,-38.386624413283265,True
0.976175434141099,14.047976245261703,5.065866264585262,87.39483669613631,-41.383759046469805,True
1.0360483015060828,16.83830407337616,5.077280781687283,138.80657946821188,-52.000099239453256,True
0.9591822905231843,14.270482556771078,4.9871836910035094,96.07422407743898,-43.33120707833713,True
1.0128510493866782,14.031136043383965,4.5705490277169005,60.406834396707616,-34.375698348094026,True
0.9894353252343769,14.375870834128609,5.303619584886799,100.03512372629709,-44.40237643308624,True
1.0221774884520634,14.387645562174175,4.702506594874504,69.04569843442614,-36.63693855406157,True
1.026158415176015,14.421614200369497,5.405173738969701,90.29734210634149,-42.10678586150165,True
0.9735638932603656,14.211150326417387,5.350253648148215,103.85586257379865,-45.272488249051904,True
0.999516333917584,14.284017844168835,4.665944181743726,72.09908274819288,-37.79962955347647,True
0.9935683571796532,15.143251728483051,5.105742040289709,111.90257548275659,-47.075417342613456,True
0.9455269471486449,16.34973682362275,5.408319027014332,195.8539261604299,-62.229916498488286,True
0.9815109653167726,14.00803756664013,5.176654048077104,87.76544874853728,-41.544060553057825,True
0.9710475562656172,13.69719239561905,4.49068406347069,62.54028145515123,-35.11537421179856,True
0.9436447081106119,15.326319296998648,4.988758363582946,133.10691880506985,-51.22689717661125,True
0.9598088087045104,15.532952923013658,5.250129063949713,147.6713278401088,-54.020573606566394,True
0.9870871568922844,16.540945853226248,5.504285858091706,182.77496464816403,-60.03281497788586,True
1.002751205437438,16.40882081899026,4.959327886066472,136.65466868915397,-51.59699679156152,True
0.9378162265619213,13.414823859849678,4.5001253931702925,67.83781317983176,-36.44884179773987,True
1.0600149657024809,13.002368478886906,5.656439754469724,49.89460019511494,-31.12559059763397,True
1.0306673883085948,15.565454026857154,4.963262939975547,101.84313633313681,-44.660971239973556,True
0.9957399921351876,15.538566744510405,5.433348007556058,136.90680086062835,-51.8020082587179,True
0.9390537827890186,16.481844028965895,4.922567234295255,169.69059708339057,-57.81735592447014,True
0.9893725874050695,15.392581679465573,5.164934914862481,123.24597251124894,-49.08130488688906,True
0.9863370951049523,14.437166319562388,4.7943555144745185,82.97413163089757,-40.10416876839844,True
0.9459760974704918,16.039431006590128,4.80017779626428,145.25460610206864,-53.144167041669064,True
0.9419122145980503,13.95546290799034,5.542884263587232,116.44760040312312,-47.75316064229942,True
1.0383228962372444,17.006873207061883,5.281916286264257,154.0480744950163,-54.944868502831305,True
0.983800047045737,15.272382117182591,4.99162044269036,113.02639583586848,-46.96765975375693,True
1.0442784915274415,14.262670002414735,5.280356193034874,75.24546141833963,-38.46603462045725,True
0.9993415117044997,14.113488703470365,4.796636097762439,71.52768892480096,-37.66811570722633,True
1.037583978869554,15.195156355954385,5.000467108864898,92.03427311086355,-42.29252037782731,True
1.035916339432053,14.920201953318799,5.030671665773745,85.98717041145306,-41.06134277317287,True
1.0233329563123734,14.863206897340355,4.772466061308284,80.40906584040192,-39.664803525840874,True
1.0591311364894844,13.689776228792867,4.733167511656452,46.31010538697211,-30.32747938795591,True
1.005016421180906,14.838217198274082,4.433427803663546,73.82488425851675,-38.28551477336704,True
0.9252632286302369,15.82674790276057,4.709737324853544,143.50139606141448,-53.14763202348901,True
0.9332392436028736,14.245159547005764,5.548368086724521,130.70777956132721,-50.66163597242267,True
0.967360039564437,15.256226569133414,4.466895788822665,97.03206312782959,-43.80754007480812,True
1.0370973880494205,16.11889255458511,4.989618848933955,113.52672396630655,-47.36593337026604,True
0.9799972301034166,15.630105235484962,5.045781604212314,127.2725161747235,-49.92988312724143,True
1.0102653986912224,13.789992832167702,4.9250700430968655,65.45937538903084,-35.92863627522029,True
1.0267838478903477,15.32134385373109,5.26230835085381,109.20518690715474,-46.483076146146594,True
1.0082201430638202,16.464912435260498,4.917484588645126,132.98850109684113,-51.10767372228846,True
0.885443607949058,15.497253763163288,5.286044948324612,192.7536967781175,-61.25508472115482,True
0.9406543488156591,16.180219284623973,5.164736739447455,175.2159645865354,-58.68566826259983,True
1.088295759349061,15.980139705919813,4.594015718138263,77.18231231957712,-38.89377053124,True
1.01630300239467,13.861710769040755,5.348465353959156,76.19729220053637,-38.863485852518686,True
0.865016656673377,16.78022749514004,4.905866363554824,232.30048081472046,-67.31276975140801,True
1.0034860598039779,16.253774676827696,4.462664782483395,106.78220396794002,-45.81310551344151,True
1.090131781988004,14.716950788446082,5.1413888190895785,67.34637582468166,-36.42218870562634,True
1.0136898146612816,16.295844842098816,4.913886115783081,125.79553710480687,-49.91693591065363,True
1.0022198052946942,14.872216737689412,5.488602611392615,115.06828863585757,-47.38547961688651,True
0.90858189540609,14.910678523592779,5.328680998430505,158.0328675920422,-55.91799718527317,True
0.9864559102857621,14.106153292756085,4.729319853962246,73.83583315113336,-38.02380040634432,True
0.9178389041731168,13.96521471799637,5.284696050919538,117.75148474252369,-47.869791974435195,True
0.9388771808917004,15.149278717630994,4.791191192738822,119.85809179312041,-48.607967252398055,True
0.9274411847584384,14.746719951410196,4.50287978186669,102.18668613019037,-44.88251252349207,True
1.0869720011908042,13.512819245266872,4.8156261378343315,39.07428606786836,-27.506159170846434,True
1.0364018421333394,15.350155497136376,4.601267234255443,81.63281976201917,-40.019814944251266,True
1.0700491380256962,15.510522162452107,4.995904493980307,86.53631756871155,-41.32025280641814,True
0.933826569660438,15.299026431678206,5.579161660334416,172.12735644292997,-58.3473260162843,True
1.009538264828067,15.290274213067203,5.023612301442597,105.04602360769688,-45.157662169962464,True
0.9495953182384425,15.40780744662905,5.138422244807405,140.72380426523458,-52.30636903105297,True
0.9549440206466291,15.166527387226466,4.699053981460443,108.58054871620993,-46.01707607275639,True
1.0234721597815335,15.349179681068433,4.8378964990084485,93.26857347886992,-43.021755304226,True
1.0089401626705583,15.505650333500379,5.163577619256543,117.7264091987996,-48.10557073324892,True
1.0143115019677642,14.414604940298643,4.979425506073379,79.69909666054093,-39.30639488665801,True
0.9371937463142503,13.733940961298284,4.783777643126671,83.36770979817724,-40.512244021324165,True
1.006379586251678,15.319252095875882,5.300840652627533,120.1862461152593,-48.54404493535229,True
1.0173853079206645,15.151443557730119,5.042143519820769,98.38850874051501,-43.98421189504561,True
0.9662400065784362,15.453029877573135,5.616518245774062,160.88963802854494,-56.299322183039784,True
0.986403215311207,16.138245633133018,5.197792407109383,147.7086915115771,-53.73586765241524,True
0.9177352949195818,14.965474432663155,4.65960530313254,119.28574552504313,-48.43477935615647,True
0.8922142067899858,14.866908872922956,5.034696632387521,148.42972429177289,-54.173169538549885,True
1.1004159938719922,15.468328453425094,4.6388120464971125,65.7916637414002,-36.16937615140229,True
1.0102418120641716,13.97950701026898,5.601493178721305,90.68689191966179,-41.98902584084235,True
0.9820541402566937,15.041851837090752,4.703334118243776,96.99725761253013,-43.49406284900393,True
1.0399117442457047,14.89773321248606,5.3342471750254985,94.3828406677988,-43.038118316932284,True
0.9564944820273256,15.876511112607977,5.286285608191917,161.3302835881713,-56.234188365506434,True
1.005507745315195,14.541467075524912,4.795245709415844,79.00335542351627,-39.47428760994307,True
1.0553125383986737,15.09090639724566,5.098521722258118,85.11961807182948,-40.86630398526577,True
0.9448967235288027,14.844400059300483,5.076746773678963,122.8816771250763,-48.88010851109753,True
0.9753999141465641,12.512576764769818,5.249817666382197,54.39328002111218,-32.714210583267764,True
0.9309618541098202,14.471984208484821,5.053094215342019,118.19422674936338,-48.24950194581655,True
1.0417610472804568,14.991547107279311,4.79957569405798,77.40915616453321,-38.83520947793877,True
1.0102687778319346,14.10853964313848,5.168232421634122,79.97258154798706,-39.705799161038975,True
1.0585844535925315,14.877730398173965,5.169254067856062,82.21132291342417,-40.222811313279955,True
1.0421411874528645,16.338872040163558,4.7206690407409315,105.80202554725761,-45.70116816398889,True
0.9869291309467384,15.963253599995106,4.308384358114728,99.28968558057448,-43.926682883885086,True
1.0205390059419808,13.133984474787955,5.177465811587719,54.27141075443284,-32.64929627114021,True
1.0210734694323536,15.7595907719113,5.1120027199334,117.34832711393241,-48.04317079028242,True
1.0366728266447325,15.561749968531272,5.129540596113089,105.54836209130137,-45.31708734126386,True
1.073320793346833,14.906736566596015,5.395704140133433,84.1859932842937,-40.76049882552414,True
0.9454760354896297,12.65523151543897,5.262828957206781,68.51267947183892,-36.47880503347786,True
0.9061840274970389,15.782684475887828,5.3880098218029495,196.90250319399337,-61.92912317178264,True
0.9474387484801149,14.570762199104616,5.23491311734055,120.32250542839627,-48.751686530643475,True
1.0236390814179435,15.210842040803296,5.043185262676708,97.53166261764261,-43.66014458477594,True
1.0206879335146304,14.032151557093417,4.631122937280231,59.662972390107306,-34.17301252616496,True
0.9715593653819561,14.257742672345994,5.46235795126169,110.08106539119632,-46.32638303357145,True
0.9864113937324448,15.936224792891183,4.937128187117601,128.03359135476737,-50.01149274477763,True
0.9582851511518619,16.622682116280952,4.81823415110106,156.73150314648373,-55.66304420382371,True
0.9946452877803041,14.572986429189152,5.191118202293108,97.76301863480145,-43.98500847636688,True
0.9653136251934794,16.51285702519727,4.449303857276803,125.97335706495059,-49.935868096405265,True
1.08184043626306,14.571109746986485,4.7782953331377165,57.8719220768633,-33.94018333488307,True
1.066141918386737,14.559096314896532,4.811227982166093,62.96523465701272,-35.302526515629296,True
1.0361894369961695,13.582182119402226,4.802660274551441,51.828181832846425,-32.074584732630555,True
1.00156248198945,15.497321988127013,5.580563190931448,140.062528393948,-52.65238532880528,True
1.0569599371084717,14.804597741591518,4.975301014026332,74.90429695852855,-38.36663579275061,True
1.0049369351424045,14.860976552362997,4.808334386955168,88.25831558100815,-41.58384886101875,True
1.0080588066817104,14.620390930961834,4.985503601804538,86.74010498454625,-41.27845025958027,True
0.9136010488200021,14.008272056328693,5.25611129686145,121.24607426329732,-48.71744235319155,True
1.0130338596479034,15.62565395287447,4.428129539270838,87.40948041078903,-41.232477808254934,True
0.9354412294286314,14.938652367874043,5.034325476239548,127.86261254414349,-50.31685744839585,True
0.9798585353132319,15.8080071204007,4.864114322826689,124.83386333107808,-49.459553185586074,True
1.0084482759115825,14.055847526754627,5.080867927318979,76.27802186922871,-38.78771724722383,True
0.9550653714575676,15.239067396988386,4.656246540961323,110.41358076081852,-46.6505818462903,True
1.0239357395898399,17.137060874679378,4.946060030135443,144.7737263044154,-53.51351658749314,True
1.0525865275314323,14.288765872607607,4.95901946751655,65.12557709768454,-35.62095715306567,True
0.955809449107039,14.515423817115625,4.618829593230336,89.98469852699608,-42.19766009752659,True
1.0058695809080243,14.503646983328602,5.559300034721023,106.22637762246316,-45.80252486221874,True
0.9376769012318997,13.957439825755307,5.1244694100761565,102.1234731641975,-44.9855955877719,True
0.9416538120999902,16.657648957154827,5.276380761066143,199.5687576585206,-62.71366495905829,True
1.0155017465223521,12.696402152597285,4.893800976395097,41.19791164970402,-28.49880817226386,True
1.0356718282352886,13.777336251288448,5.064418026608643,61.59947272115105,-34.67021480659408,True
0.9245382148741161,15.468048978077519,4.639459538943099,127.60545179297816,-50.22336128696816,True
1.1024328902255682,14.269736060040497,4.807963664634781,48.63278178139554,-30.907783093317622,True
0.9751561703430461,14.969516566339143,4.730341981394131,97.81685985249922,-43.82226537574272,True
1.0103700903869304,14.971210099927385,5.0889558221825055,98.36633341327119,-44.1124911278703,True
0.9732941330459801,15.497060989724385,5.512090264886277,152.79181187568108,-54.85735009989098,True
0.9857802757474291,15.081879138193328,5.271036214724276,120.24446697795823,-48.40500587058516,True
1.0759173291602309,14.611292334467446,5.543523300408424,80.3875426083896,-39.896771916655176,True
1.0752735647090612,15.129428221737616,5.2381358373675795,84.2130000216317,-40.417392852728234,True
0.9174779462131771,14.821517354985252,5.126064985174542,138.55682744566423,-52.181652127853496,True
0.9718167828276603,16.694492874312676,4.723266936903818,145.57035245059373,-53.28894916796738,True
1.1475320318626232,14.424367851595518,5.096994417764647,45.99301044992962,-30.069487937124656,True
0.9783490703968093,15.555371502675548,4.857754115647947,118.48834013758345,-48.15039677852355,True
1.0211340643736222,15.913584509421566,5.249616932086285,126.41695193866644,-49.63681106339182,True
1.0568193263551118,13.67853278341899,4.5922472793649725,43.73814574865161,-29.242176622873778,True
1.0426625482688905,13.887168629812999,4.967564667279148,59.55302104152649,-33.95775823590027,True
0.859122211442507,16.93075194134662,5.005234652172679,253.51994845542328,-70.68297059797041,True
1.0166982006529233,14.322950895263851,5.535959084915907,94.61335280838976,-42.96670138300195,True
1.087465408698998,15.01215354771654,4.6930618661608205,62.09085095784398,-34.68932433734648,True
1.0014698823313088,14.826180493617992,5.350446539375438,109.8919012428411,-46.60513341145784,True
0.9479409680871976,14.961764280826268,5.247023567262759,132.44868377433897,-51.043468314769115,True
0.948894315376372,14.627712374462119,4.923264491597177,107.91927877712602,-45.82760777790073,True
0.9900465527303326,15.121060472131816,5.122899321948403,112.7951805135108,-46.911636603025514,True
1.0337610548002354,14.187205182917369,4.925061556646514,67.08333227620624,-36.052829825571656,True
1.1444818183157348,14.776205797664467,5.004380848611455,52.038205608595355,-31.91932790034263,True
0.9855105687794024,13.02879376664787,5.22590122376134,63.340630982560874,-35.069667194930176,True
1.0280983961486023,14.883649381464469,5.763390273454074,115.84160779217063,-47.48813959609325,True
0.9227709085400633,15.334859015011087,5.289250480971219,161.98831174420852,-56.62065229340569,True
0.9157522497127247,15.959275259881197,5.074258398200122,175.99246265098597,-58.76023369333538,True
0.9751544964906503,16.1476237127735,5.427109437591033,169.18880403872762,-57.39372418004215,True
1.022271903737784,14.622705131756504,4.573848047571545,69.33184010581846,-36.7155248348433,True
0.9956837089765391,15.840603621319383,4.8786306684111995,118.74748761194184,-48.10306390649462,True
1.0026630148503248,13.84887433295843,5.020161700217997,71.85258436618268,-37.66843274648203,True
0.9862754358498756,14.48264828906875,4.688433178422587,80.58644538707483,-39.87534323271129,True
0.9986129316039201,16.62082532018668,4.837689117147415,136.36998229262292,-51.712028915064955,True
0.9853081612223509,15.182419353142281,4.503212348512959,91.03143526016763,-42.21444633810976,True
0.9325179166325201,15.232894074041663,4.616375084182356,117.47173486346595,-48.1376833586174,True
0.9254247492161441,14.821616968073,4.926498410356746,124.1334198836734,-49.231724127915435,True
1.0679700716709437,16.868769390907946,4.717817645402477,108.71536481001439,-46.1264400361877,True
0.9588389018699384,15.530832123668224,5.126238577524271,139.86226544871465,-52.45116547080422,True
0.9879727183297734,16.484987209763048,5.080326085268204,152.09285625484526,-54.69558061145377,True
1.0594974862245896,14.40826280254641,5.107122771531655,69.65970347139242,-36.89338934694674,True
0.9865188660512512,14.027761614972054,4.848671230719721,75.17431349538144,-38.45513837056929,True
1.0438741764596382,14.234801435884775,5.324709397319169,76.12517960345957,-38.87866745190327,True
0.9555983325935535,15.629059928577128,5.150229056513575,147.5369129766093,-53.764143954467535,True
1.0777693446153733,16.647417263680005,5.0673577579994085,115.41390841256705,-47.773491614143,True
1.0113508404116376,15.749946076331057,5.069843006968769,118.9826818839592,-48.10679513412503,True
0.9986578390589265,15.87726559834749,4.937740617114928,120.89240069126978,-48.831909785356785,True
0.9917592418111317,15.172884411736582,5.395562439291582,124.81043099479896,-49.330119040209766,True
1.038252140426516,13.726922140364664,5.3424991577729495,65.79566104898012,-35.70516790132308,True
1.0118114809042542,17.023277391255085,4.890403373849234,144.42399399919884,-53.42818301268634,True
0.8401323362434401,15.664330535924199,5.049478346064517,214.12088763462293,-64.76437054828028,True
0.9775980824922127,15.523387318458427,4.881028842392807,117.93829388109761,-48.25086184820132,True
1.0160989215937164,15.873791471697187,5.739665438263654,153.0145356373875,-54.86933561311304,True
0.9515896355038456,13.286066328865187,4.923433493511347,72.39672845266583,-37.81724649391962,True
0.9748078007371572,14.498876751755082,5.358587017220185,111.93608932192909,-46.72219601425953,True
0.9805995495704346,15.621920884597992,5.803780060062199,170.08937001481243,-57.87771287654351,True
1.0797488397821804,14.855102551078435,5.095083348580752,72.00563397238945,-37.74458724921312,True
1.029890550231857,14.923473137961194,4.47742957129311,69.9982889276143,-36.81743110225961,True
1.0164522032484438,16.281428831648412,5.453068991100985,153.31507043766987,-54.63705494977183,True
0.9417106783260888,15.117275537659706,4.8464771713794,120.15508056711973,-48.691980805978204,True
0.9657654844559352,17.378081944407317,4.793895803341259,172.93668361503404,-58.325813834235845,True
1.0425130621498557,14.959203629348758,5.533782211010135,102.25933959645029,-44.949072038046666,True
1.0330052977382014,15.804937280626358,4.6095208949841835,92.56964960739796,-42.6511970490105,True
0.9289739325159417,15.484039333635904,5.430395202993637,173.04953250454568,-58.27197595350437,True
1.0699703397169558,14.42571991319633,4.932860374286423,61.833908104970476,-34.79584296437465,True
0.9569678720218393,13.96895649366799,4.4441058841805665,70.53078373364124,-37.06690142417247,True
1.0179154040766352,15.037087989724608,5.265211732206314,104.95701483364154,-45.31210050072459,True
1.1366752856995923,16.920502061132126,4.3245017456561685,72.87450750554149,-37.76057696504687,True
0.979081103244854,14.606381228323853,4.9862421305384075,97.1088100924101,-43.61820534782241,True
1.0083766772749851,15.518895057433152,4.509660566798728,90.61601842040821,-42.30009929476121,True
0.9720604830677787,14.742850637364064,4.9015799845748145,101.45920908202554,-44.60733959961048,True
1.0087626948222435,15.221560321686999,5.2090995481210784,111.91313179830644,-46.83948040398043,True
1.071256312930355,16.142012308249143,5.126783326802777,107.11083153470348,-46.00425111500869,True
0.990272835041458,15.114974634930523,5.062397159601012,110.35065226748152,-46.74343213628247,True
0.9852846448059457,14.384660171886127,5.302774586479419,102.01073616574381,-44.517691289482286,True
1.055177507246727,16.60604356383042,4.999988433497926,118.87134747023752,-48.351111317604015,True
0.9368384620441682,14.395085536059284,4.935094610094701,106.60927898459931,-45.58427755007559,True
1.0041559013292154,15.676731227012537,5.085594084374901,120.08034782713912,-48.40006541217234,True
0.963615302912865,13.509340937412679,4.801525883354045,70.75486744851692,-37.46324612255184,True
0.9881010898408831,16.284718691006255,5.258845588153518,157.40317987543096,-55.387140657301764,True
0.9556326834448403,17.604654906715535,5.021192982159166,206.21938849098152,-63.43845489338381,True
0.9285593811643973,14.972979562985854,5.21473381234905,143.0531775125077,-53.17447874791532,True
0.889574996826297,13.973928553381235,4.946805200336792,115.71873818049129,-47.81070400357954,True
0.9773638377690362,15.76750055640806,5.149694550189796,137.8899350847876,-51.804184731391864,True
1.011397403253132,15.090849953495805,5.199516522340575,105.0981964511779,-45.52738329555341,True
1.040661978452298,17.14147307159551,4.394175548923598,108.27768440571934,-46.22551509068223,True
0.9332265225260361,14.40078834323481,4.561666402320469,93.55242886322915,-42.812562667364645,True
1.0076151748312066,13.663047494797576,4.83251245331127,60.96074004875132,-34.787531384011366,True
1.0279627425111746,15.303779833347866,4.960645806195131,96.32102999041554,-43.282575371346695,True
1.0180099151901678,15.583323240889337,5.382604013467376,125.07860665230987,-49.77377613060085,True
1.0128875387372291,14.231024010910735,5.136182152205782,80.53192958504506,-39.96723341978229,True
0.8918835432209559,15.96049063967909,5.156989181292737,199.4092799904523,-62.433132001388614,True
0.9940202923169351,15.055936502036598,5.462515316176339,124.6240517413386,-49.61970493601068,True
0.9958860716430661,14.729177490178474,5.41282190896647,111.50767693994356,-46.92437692001024,True
1.0272691110704268,15.544723651930113,4.697447768492512,90.67290080415907,-42.184699835044285,True
1.0693746851095176,14.712398131735448,5.3698961894504045,80.72900285382585,-39.993596850497276,True
0.9870434235003123,14.264994656299189,5.0314514655421325,87.20818446981374,-41.30265623065025,True
0.9827522931463785,13.386115397838218,4.845421153141098,62.23831492860998,-34.98092094683492,True
1.0065265211980285,14.382771190240543,4.911959868763499,79.9411132264001,-39.62942353128421,True
1.001089081954989,17.494597815067177,4.812350853497916,160.60730434553955,-56.01700736362258,True
1.0216232427277587,15.03592197570726,5.042351569626557,93.8886844911713,-42.90522584333241,True
1.0264540481787061,13.982878165382969,4.975112519180145,66.17870765497845,-35.873461546897566,True
0.9911942203149057,16.266821757937443,5.37079609659171,161.0169437293978,-56.07628360009514,True
1.0249619991451406,14.953011850099514,5.579901993045623,111.4378427316274,-46.81346737889094,True
0.9890613515861024,15.292023035934301,4.8784464270072965,106.92612435722349,-45.88437926877277,True
0.9274775441150268,15.274327426616365,4.611272389412172,120.85324574012782,-48.498155319976725,True
0.9421890327227483,16.48530701747388,5.200350924595737,188.94292467557713,-60.68722227028476,True
0.883251053558802,13.671325858561932,5.282535376372243,125.61709004305808,-49.418403485928685,True
1.0831354136056015,16.459370249526398,5.114143755548267,110.64390267031803,-46.81788839438552,True
1.0642627381148295,15.745185683460521,4.538384201274267,77.81308857683712,-39.12373617894847,True
1.0517351711688523,15.077309106247261,4.762320803380104,76.18971798761147,-38.6083717864624,True
0.9891806524355193,14.14606412199959,5.04416415946302,83.47913271967793,-40.59601387223137,True
1.0488338539217044,14.753148384550304,4.815188800811322,71.77849436541138,-37.72673750210742,True
1.0448893274512256,15.042358566697292,4.700684195565195,75.92710629219837,-38.54740080604384,True
0.9272913277938576,16.80879003603892,5.643328738732882,245.2877988284535,-69.2587896278349,True
0.9606883367964187,16.435041040753166,4.700082252080694,143.56971797250483,-53.13605203855843,True
1.0268742299954392,14.612292401442541,5.361962413926307,93.47865323486957,-42.84067253953764,True
0.975545437976825,17.009362332795472,5.123806771688977,179.7381018284079,-59.31790881387749,True
0.964638029224551,15.950944701097272,5.182485726250874,153.2756493162688,-54.78796974635314,True
1.0411808406050749,15.471330567101063,5.341365775421108,109.45960409201318,-46.56066897394251,True
0.958584454226864,14.718758043613514,4.793333620594332,99.97951572839348,-44.50803351641101,True
1.1240801164294472,14.422753112001612,4.910064798795157,48.40605843796033,-30.663954140509954,True
1.0797136189557142,15.54263170300602,5.141781867062597,89.22602650458148,-41.62301469908369,True
0.9893269663510917,15.383775120237205,4.445226540140431,90.08244532267163,-42.14716591285119,True
1.0624803247728714,14.609443633460423,5.494889860658633,83.537234731012,-40.621744275173455,True
1.0093267030300188,16.1139777046546,5.034790815380231,127.73146784906042,-49.849365289638484,True
0.9792083850096553,15.163426724707723,4.7174173147712875,101.06677175938977,-44.65488298835493,True
1.098903400405486,15.418030579705334,5.328143424292124,86.38359834335621,-41.18597533132877,True
1.019523510888015,16.07275733340491,5.027484337340137,122.02977021906594,-48.8979026394525,True
0.955275113913128,15.8265974934507,4.783556215359345,131.4735412837765,-50.94861287619622,True
1.0230029627923172,13.380252509630706,5.283748905355266,61.22456826718534,-34.665244459393186,True
1.0838726927741444,15.761943876560107,4.3023485574243185,66.37138223049115,-36.31272771047271,True
1.000117621363278,15.027986708818025,5.125868598358415,105.95708091410368,-45.73047058224457,True
1.0104784806364293,14.552880015686956,5.3930820646066735,98.29303766167435,-43.873365997765646,True
0.9850134694947407,15.05211798026341,4.750111132833329,98.18142957120423,-43.88008038005827,True
1.0175987235396258,14.693847215204066,4.615459165966385,73.67637620113629,-37.822271955303066,True
0.9511104879615477,15.126760184766905,5.126956113407749,131.02548377171217,-50.52778108318047,True
0.9602238685846435,14.97923502874979,4.796971509542965,106.0645790517181,-45.78428630589124,True
0.9828826948858825,15.687657632000704,5.674426313251188,162.5741396050587,-56.663571656800116,True
1.0083841801052031,13.468149807011248,4.840971028219882,56.78471819829226,-33.32257900040664,True
1.0556216956056739,15.183792083633989,4.941681832203771,82.16062913572733,-40.143967888390144,True
0.992641746679254,14.971368683899598,5.156428486359799,109.593638458547,-46.15878819375869,True
1.0413723280417688,17.251575757498195,4.454502656271086,115.51851785563308,-47.586628102228524,True
0.9779858695811989,13.042821568566536,5.017908363429096,61.13278498211606,-34.675124142042314,True
1.0294349801562077,15.922047540392732,5.33583362192711,127.64001471821582,-50.17821048378851,True
1.0599491576284763,15.433370965777051,4.975663435134675,88.1392270377385,-41.484088418733286,True
0.9942425533373933,15.76632625926753,4.655622895904365,107.97474296549393,-46.1321592410538,True
1.0175633634308912,14.552688894609853,4.86974306686915,78.60943150946693,-39.304118928456276,True
0.9706830827835512,15.319360716920713,4.425553516023438,95.12951961967681,-43.075415228348106,True
1.0293220384577786,15.145423548384706,4.912730560166792,90.11663687926703,-41.94280063045109,True
0.8599279247396882,18.53604807449356,5.33303171865699,369.3440033590791,-85.29337325724373,True
0.9187025858325062,14.690735718990098,4.812695653825088,118.49450897121996,-48.012902914323625,True
1.0286399814614107,14.214928235051055,5.209752971643328,77.83205549294377,-39.28347252780134,True
0.9182022773682087,17.001057268594035,4.555308999285754,173.84391336812624,-58.54478417754873,True
0.975553011305405,15.343893973603649,5.563817262355821,148.7905343457374,-54.16592561202625,True
1.0701689452988936,15.513993597460235,5.339395428209382,99.119516451167,-44.0862778188253,True
1.0431955871925456,16.126944102299962,4.852348684676625,106.8751746150618,-45.894037987665996,True
1.1197452988224936,15.076771550859853,4.603084029934116,54.23033990353681,-32.54723706085515,True
1.0037694245653608,14.580884623080932,4.8475585986075815,82.13630775273123,-39.91077205205658,True
0.9958632295346452,15.13244831879514,5.084593592983352,108.48299710520277,-46.10993012108868,True
1.0005072298082038,14.15915853591108,5.325802712953052,89.64525085574338,-42.00690577113992,True
0.9537579814632966,13.547583736437446,4.366925932916332,61.5960876465894,-34.61952990500856,True
0.9893412929714122,14.156997764604744,5.3616470713262165,95.6959259795585,-43.391598844529774,True
0.9369736533608909,12.638166995561875,5.077059875315754,65.77461788676642,-35.68625019290139,True
1.058654457101617,14.6356491608521,4.650972377850107,62.493642190115175,-35.08560416605496,True
1.036922410117714,14.500095867240667,4.235273633641599,53.733698054436715,-32.292430872294545,True
0.9419760606514465,15.603652755906058,5.041242449263107,145.44281288818627,-53.19721868530223,True
0.9667481264439324,15.129103604658473,5.065967153143371,121.15021024470224,-48.698661839515275,True
1.0195287073508588,14.860815794734073,4.815105226305341,83.29205576098006,-40.64911338312916,True
1.01355575189214,16.177573175392286,5.273626545469994,140.5685730912067,-52.745602829923506,True
0.947524768678587,14.582862855343945,5.610176634764563,139.74282446577044,-52.34577694780651,True
1.0033053736587292,13.890197936092381,4.880156717930165,68.35461510383857,-36.63875919467297,True
1.028565597735906,12.472448968871547,4.776002945841441,32.982923636273014,-25.670408188291383,True
1.0300011043964912,15.02471795419188,5.515044180430903,109.40102188940878,-46.57165511101655,True
1.0842328001704347,14.946968261112278,4.9337925976363834,68.44945320538112,-36.72751039880423,True
1.0125031026638664,16.269081129474536,5.197793314291654,138.58972114072805,-52.31396900578423,True
0.937957222902582,14.132406650710536,4.817825507054615,94.96740456068113,-43.172489087863774,True
0.9467732509136706,15.75003974931077,5.342090994271394,165.6480039149614,-57.16911266953721,True
1.062809033061279,12.51698232966515,4.62665261857714,25.53649886864836,-22.244223425031294,True
1.080546959737026,13.70084021543859,5.043522837101844,47.29636697816844,-30.63481450545793,True
0.9982565131115975,15.383545764396457,5.0887856300611825,114.41527426215126,-47.46539054572579,True
1.0191189258430866,15.689337066235785,4.945232349822091,107.38060596556674,-45.92924415744022,True
1.0046528016257792,13.340593116385477,4.809097590481609,55.226087208643655,-32.716774166591925,True
0.9850949789940275,14.205395299545303,5.537883586209179,104.37615899626681,-45.04466500069132,True
0.9254471641677962,15.045074261368573,5.242659013451526,147.24005847687772,-53.95229779067573,True
1.0238636645615418,14.904864873330308,4.740457379723171,79.47637493254567,-39.252516143538585,True
1.089097525609685,15.547549119892391,4.434845054579881,64.34565462089066,-35.55446361861399,True
1.0085108089740689,15.913403397958783,5.443555168302874,142.5917177805101,-52.81534830074209,True
0.9849024079722677,13.721741778304668,4.7221716067595025,66.04303334830973,-35.84660727625066,True
0.9784161360081107,15.44397325189668,5.0185408176876525,122.58681809549712,-48.79842980437549,True
1.0248460305226113,14.28038176166334,5.027559619050778,74.69981458539104,-38.52342697088367,True
1.0575552851404062,15.335552284421068,5.085770722174977,90.17963224535934,-42.29367442304337,True
1.02663368286473,14.53322217980435,4.493486505147029,63.50245042684903,-35.37814191080499,True
0.9065166530580763,16.076731084488472,4.895268549158724,171.98794357255383,-58.28834730388258,True
1.0871187307828667,15.586777782983884,4.995271150179727,82.71913889430374,-40.14552043641375,True
1.0416632475205614,14.01114547017046,4.983350660526937,62.40019566480372,-34.77028099090203,True
0.9909946199744619,13.321356213896097,5.214445648680792,68.5961742841908,-36.8468463111669,True
0.973484236928068,16.189414471948496,5.0494895036891485,147.435087921853,-53.84707224432176,True
0.9776628478175676,14.29403729347606,5.133572050225025,95.0815675588007,-43.40480538062729,True
1.043132306276188,14.398200606168528,4.820391596791442,66.07795689741096,-36.061168886952096,True
0.9012265254777723,15.74200245594585,5.512126100221798,209.98824735704693,-64.43093347083831,True
1.0256853610708296,13.97673878586832,4.913197871415078,64.95538212394706,-35.552680199102966,True
1.0140273301108709,15.199131591632922,5.098781883926513,102.9088673582516,-44.71022395057386,True
1.0133293955465517,15.018451424561839,5.0342746094005415,96.53552323118804,-43.36496603310037,True
0.9418606374193649,14.918392728697228,5.1353045888716915,129.09960280346047,-50.37221690374597,True
0.9147969987612129,16.195323211534923,5.360146240835013,207.70079425562275,-63.81233355791834,True
1.1122193457460248,15.466066361773509,4.747738419928028,65.49563115721877,-35.97244686040951,True
1.0066466677136907,15.9790852823945,5.2476987608333925,135.21566629562062,-51.55121088963745,True
1.096797796995002,14.750201736916953,5.221165365795169,68.73982657207827,-36.815274379763025,True
1.0451672129542373,14.27591853167455,5.052007955954749,69.6958364155178,-36.77769969059723,True
1.0056207074815537,16.03888720324744,5.068032634225902,129.8080944698233,-50.60336996160288,True
1.0115949270167988,14.42935956712127,4.65331856517379,71.53204644689367,-37.435841576113184,True
1.0540167318618783,15.123625274402327,4.898102042344709,79.6957003375197,-39.56404225660961,True
1.0596396058719755,15.423533468632316,4.427827405656302,69.7153010481231,-36.76173839815386,True
1.0237996081447165,14.230378247429867,4.908157295289155,70.99140173790849,-37.14510950815202,True
1.0546386015701483,14.2335188207387,4.9810207232841535,63.39258630479017,-35.03394884461943,True
1.0570167538727655,14.728403401605325,4.580349539556191,61.97566384605543,-34.98489613111117,True
1.0164824118328615,15.744038015019026,5.089732815554606,116.60361887099464,-48.046894774480585,True
0.9698102527168837,15.346080984938311,5.362150352743344,141.43412439877866,-52.87249387572136,True
1.0248562564327777,13.64666638972732,5.0646329933903695,61.887018599294706,-34.604490034446954,True
0.9625853953906918,16.952778849549482,4.998355401527471,175.08149631133654,-58.600929141106235,True
0.9809800338664524,15.380024870183977,4.842376999222245,110.30347146410986,-46.585612810446754,True
1.019877369420459,14.576339124076021,5.111473257946532,86.59947791336397,-41.17192870437091,True
0.9960387463198158,14.847443294131294,4.695125521250762,85.53661473473052,-40.79248906078943,True
1.0657765724813788,14.757856958649258,4.276468523516342,52.6844896491313,-32.18120327410672,True
0.9669789746792653,14.627852375450196,5.4738763754666575,124.02155650946516,-49.234444277822625,True
0.8935932931633216,16.16574969440791,5.288216247903582,214.47821756607536,-65.00316244686645,True
1.0655017749798448,17.376434669114037,4.670232035575117,119.31805624171176,-48.42887785539509,True
1.0023757913966225,14.487199897457163,4.566170675134798,72.37268300438333,-37.502830613545655,True
1.0047532003719777,14.542407989093519,5.03191467927251,87.73724124743477,-41.685259343952595,True
0.9605792852856746,14.909835837421983,5.019324157861334,115.23834195880788,-47.67385009930129,True
0.9058182544167067,13.623451134483346,5.244858813213593,110.50026573531413,-46.60832116012701,True
0.9590582456447396,15.527944613415439,4.899503520638711,126.42910036773961,-49.66645549017958,True
1.028500386439012,15.186821909753556,5.346486035005249,106.75879937727078,-45.588976967172066,True
0.989942112492068,15.149549739069919,4.935005905537072,104.99305999427602,-45.401321905852186,True
0.9833720686049507,13.147013350597359,5.363902033883748,70.7254688700532,-37.187185803197195,True
0.9150344175071208,12.73805611643087,4.945566852858388,71.47057555329732,-37.530296581692916,True
1.0905640855719985,14.632381602186218,4.740733917712885,55.65900848920037,-32.8965162221463,True
0.9970352152098142,15.66154129601312,4.887668877447721,113.37926215080114,-47.12674890217651,True
1.117096087414034,13.221936566482617,5.196272011627159,33.05136732982174,-25.27135922998052,True
1.0183387076179664,15.895313445290387,5.10615102007566,122.36423832593712,-49.105323513225485,True
1.0775537361898824,14.696657826055683,5.015758460638862,67.88246705412053,-36.581007321306586,True
0.9641104846908255,14.171092974725354,4.686859539108424,80.90366250353225,-39.80748930405727,True
0.9242811804567669,15.083260678203793,4.982000852364602,135.3472060506309,-51.33095389688736,True
0.9906751401903219,13.702371528104182,4.804135342387698,66.6860428228589,-36.41346754025936,True
1.0280005180736824,12.461694411518309,4.796359258385338,32.91869404811315,-25.198129348053037,True
1.0334305433695505,16.20630773661922,5.298591764989845,131.84241236068135,-50.79164380074135,True
1.019726231510361,14.951291938838539,4.770094022349048,83.54512193832015,-40.47508964642511,True
1.114588585788039,14.27859231310795,4.753055449608958,45.14351552409456,-29.741931477653072,True
1.0195915362439707,14.422088015552646,5.09422351177482,81.28931053492087,-39.694671391726274,True
0.984495871359553,14.225018826671384,4.725139030170726,77.08324296293472,-38.78656674718811,True
0.9883226122754925,14.647187309783215,4.833736135935112,89.0254449744599,-41.91779184194694,True
0.9597338386987683,14.887585920301115,5.577664729487513,141.38281356064158,-52.43366443446223,True
1.01465870333982,15.687562548318919,4.94980912586237,109.11080767600163,-46.09341912598098,True
1.0540782652152134,14.30425995540196,5.2027529578528,71.69017850013701,-37.64641860212109,True
1.070449081651372,13.942606304640616,5.754576211505925,71.79893342436209,-37.760461984588176,True
0.9851586996429562,14.463948722807908,5.059848341346398,94.82618984277714,-43.33308328221138,True
0.9973571838962756,17.463982794514873,5.157420914881716,185.82847146689312,-60.511152214697546,True
0.9679203687585969,15.15676915867601,5.093772544141209,121.42400054607779,-48.64955147155552,True
1.048415868303235,15.399677761630215,4.9024057608195815,89.4928185856855,-42.06882452814436,True
0.9382710225226297,14.745250268099332,5.037768711869604,120.63123068550779,-48.65802149810666,True
0.9639000563740933,16.733304954129316,4.946393524657716,163.6865992065462,-56.80350012594497,True
0.7921133061300434,15.859701570808687,4.726728318167178,235.13071702854313,-67.74144629745965,True
0.9410381803110077,13.959313834780723,5.249928918438233,104.69614912427815,-45.23725959919278,True
0.9704468476465912,15.157619685348694,4.457173135533195,93.65149185224166,-43.01902449700676,True
0.9744612909508701,14.613056562703315,5.002294923861817,101.09002936285063,-44.4425183917595,True
0.9352559267376709,15.411168850779193,4.916216934999188,137.22133156810992,-51.84978520203242,True
0.9435073530148744,15.996539211204515,4.689147613311535,136.37944758347507,-51.768628124073516,True
1.0630784903266288,13.77693705895631,5.1868514295721315,56.25426118450239,-33.16324007380065,True
0.9610036684759587,15.358990788283505,4.693478601298512,111.06647404255287,-46.527474358206035,True
0.9095367098498802,14.192761381116634,4.877651252694662,110.65017677160142,-46.65401140439407,True
0.9478577812064941,16.41640889582528,5.218328790346743,182.7139050842639,-59.656202242967716,True
0.9485221952485139,15.966457976180322,4.422416041542811,119.31988119712226,-48.208725704236585,True
0.9964825864739172,13.010108984766752,5.323252160817606,61.82916755106617,-34.62672639301887,True
1.0179808176517295,13.873271617983413,4.989076858993724,66.30520289334962,-35.84487505235041,True
0.9323209362285791,13.656269691573703,4.907270193504958,88.49473228505288,-41.780850554070845,True
1.0150151133005612,14.938439334162075,4.586191615834731,77.89458179849325,-39.22870663816363,True
1.0699869572880887,15.301437818126669,5.027128327279961,83.47409117957999,-40.59705336503506,True
1.0508012775938518,15.791449189096046,5.00744791988609,101.92959466293544,-44.771563526358555,True
1.0289611407538755,14.754292475565137,5.163957279695038,89.50184432681124,-41.68560560660472,True
1.0203861238397052,14.717594023473897,4.859132512071252,81.43409704309356,-40.17758700668198,True
0.9841561589652355,15.284291839236197,4.70739515566388,102.16561745001347,-44.93182670873524,True
1.070943763324212,18.150351505974648,5.094119115648021,160.37686855349833,-56.300716166773086,True
1.021461983580035,13.485188693840062,4.826722356676659,53.688427938884736,-32.599523673442796,True
0.9597810642532039,13.120772919923331,5.15134549658294,72.73667698999758,-37.80393470486541,True
0.9924616602526021,14.463861524334844,4.690654864732224,78.16805808630434,-38.9230009543126,True
0.9662150017910937,14.281306999020073,5.238208232361978,103.21367271076477,-45.026472130044354,True
0.993056624630724,14.26213550375076,5.44700767801362,98.97058350631772,-43.86238885593949,True
1.060773362797846,14.987668464795156,4.950037028169396,77.75666112044065,-39.2269923554623,True
0.9911858514944859,13.829725594311405,5.404637358548648,87.5061235722044,-41.677747807484295,True
0.9602702126610809,14.40474251539303,5.226045676713192,109.38835091478433,-46.32373131207696,True
1.0520339954160585,14.705488396496946,5.100954812863412,78.76270550418687,-39.35603042017121,True
1.0638264091725647,14.728868170088468,4.995962625371898,71.1887184964433,-37.2125997821982,True
0.9607322424058105,14.85880325385824,4.8367214317709495,104.87892790721452,-45.161802325535675,True
1.0739971360174594,14.850383078573493,5.359328847406855,82.55792864079883,-40.110070326741365,True
1.0481252603229638,14.192549954919736,5.298771186515671,72.33165294725347,-37.614777444437784,True
0.9724042325895462,14.744993958181036,4.68639876450203,91.39861957638456,-42.52782851240921,True
1.0609446921896357,14.994959822869163,5.034514989801074,79.43242234494484,-39.47835845369584,True
0.9384052095996207,15.960306891188836,4.755827683137653,143.7638003164281,-53.24955479891503,True
0.9759146055645891,13.51916994190443,5.142524288103188,75.71039737741715,-38.5299739622517,True
0.9452528501485457,15.024477313704335,5.224726204823717,135.86637076324405,-51.440509192670454,True
0.9511682966353304,15.164772221358419,4.5309568699597005,103.18158797023143,-45.17793373132716,True
1.0425544942696767,15.184368333215945,4.974948020877034,88.24013243069187,-41.46360001407274,True
0.9992676617934774,15.231307535349314,5.1273329359427375,111.93603173849831,-47.069278580092025,True
0.9444461734208502,13.68689198875954,5.027407261213986,88.19631385889323,-41.59251740224379,True
0.9705197698747363,15.16077296740508,5.535080769400449,142.5225407938573,-53.09432796795739,True
0.9667681484162509,15.105799987895812,4.528112112108864,95.87417302750292,-43.192525651009504,True
1.012542610649687,15.547862503769311,5.406559350957622,128.90912636982128,-50.22029286727218,True
1.1136559252455795,14.833627702270077,4.734946876879478,53.760449408980314,-32.378648294078964,True
1.0102869122245228,14.460353293393402,4.357028161766301,63.602417707793926,-35.12229166679436,True
1.0135965975728731,16.001217773430874,5.096068769245431,125.0796702707313,-49.47097219899005,True
1.0770579074628022,13.781980487557481,4.9623411358568585,48.688144097519775,-30.686743702479593,True
0.9728573676451964,13.626032377741328,5.027649167339243,76.39609637365898,-38.65020289922151,True
1.0666439576713165,13.759426430753583,5.156443389272448,54.93231991583955,-32.98336806725695,True
0.9787749028157827,15.346262907753163,5.164890838240689,126.82436247520138,-49.92292795192986,True
0.9819898936883945,14.27718581297598,4.840759080739637,82.4336277037088,-40.3386783781666,True
0.9835151857103542,14.888820639645644,5.2435348212083595,113.31697200940611,-47.072536907380695,True
0.9946492250048987,16.38549696863481,4.394999441860316,108.3219177225654,-46.216967589842426,True
0.9912532907511749,13.822648058224287,4.971638192875693,73.4669563924538,-38.186912131361375,True
1.0179127785873006,13.298490189258546,5.338800616605496,62.03002653425236,-35.072089542864674,True
0.9787857289843381,15.82976870529605,5.085708033361833,136.42254449660246,-51.91539242611019,True
1.0050227288156066,14.165590310238526,5.014995201817729,78.50179338693911,-39.18378033959178,True
0.9194173686432047,13.828298379232905,4.896811409895878,96.26863846016825,-43.53210818518852,True
1.039120818576682,14.892367274504066,5.104175641311588,87.6052234848809,-41.45924778083215,True
1.0566012898675523,14.80888421796222,4.915841780376436,73.6150745185618,-38.04235880031268,True
1.0110784570123015,14.132156559437842,5.188087352879988,80.27804627302065,-39.64249040973665,True
1.0373927685988036,15.562038802800863,4.844199698532988,93.36416856954108,-43.002636286091764,True
0.9581283901051759,14.220872903389159,5.457690889051302,115.1624036253682,-47.36859800441824,True
1.0758791271072874,14.175321136982403,5.164078847563334,61.11597566726766,-34.49203413319599,True
1.0095097394116561,13.134401846667174,5.5438585309430835,65.37955032499805,-35.70076079891351,True
0.9197434724870567,12.545042313816023,4.883638876908848,63.92657133114401,-35.18937798145283,True
1.0607694079213976,15.236301311177888,5.367318648088312,97.20602946831576,-43.59090584338452,True
1.035886695249576,13.67917039013159,4.620407353360756,49.41354389204419,-31.299963571634443,True
1.093581597039692,14.847292501068061,5.2166080157139465,71.84547531761359,-37.613021437072355,True
1.0831936276895306,16.927543389879325,4.9652821893731485,115.84316910987393,-47.430800162580056,True
1.0670907910298506,15.46531685190464,5.035735753664044,88.22119013491094,-41.587491891937205,True
1.0236989886906736,15.028163897451838,5.2188032364709,100.44099921522127,-44.57265253043403,True
1.0356513867095762,15.424254255052102,5.222999240426554,106.35722358620146,-45.90673858201839,True
0.946067993317508,17.157491145887967,5.251558226788169,216.17206450917303,-65.25592954257209,True
0.9861498648730549,13.113779774025708,5.105561861455287,62.70348492618702,-35.011014789502994,True
1.1492116972480106,14.86406030245567,5.162553267058627,55.69101668335358,-33.29499317348458,True
0.9136165775429157,16.474577495325065,4.93345645939455,185.1628676305695,-60.34278141961055,True
1.0155120725886075,15.308064625558217,4.806747148661362,95.13875333463531,-43.13847458720091,True
0.9980277260659024,16.204570447154666,5.0500091878644175,138.33203146162055,-52.080873368234755,True
1.0426672710517633,14.374382067001505,4.356411777307733,54.09235954844892,-32.535878101019186,True
1.0099308218424028,13.749507814911194,5.125716632626163,70.01491351258268,-37.30582120602581,True
1.0607285416410333,16.911285661950547,5.26094624257557,139.99470500426492,-52.35114769803093,True
1.000757304108861,15.075151685818447,5.185987214917182,109.07364062721821,-46.25553197633147,True
1.0387132596978517,15.825994882618124,4.816630222876191,99.12063695128089,-44.315154519356675,True
1.0182841777064546,15.888428530031058,4.386575506842158,89.19367900986333,-41.708692877515546,True
0.9854193325014988,16.279520292208733,5.196857586921114,152.78500331914773,-54.86742658799219,True
0.9782983105419504,15.294444540824042,4.76341129143086,106.91706623718343,-45.62113086369693,True
1.0638930499012567,15.337925784191018,4.6137855115634565,73.196491747493,-37.92891294500157,True
1.0312473361092696,15.497411034199713,5.28450559168828,112.26652083318893,-46.90149391174631,True
1.0498101119953602,14.358410292578107,4.593395849984631,57.045519791385686,-33.22311035360352,True
1.062739745452718,16.05043578498279,4.948536493235579,99.8335868547301,-44.43222099908151,True
0.9741106574104001,14.428529512691382,5.533213542834395,116.32033833339472,-47.77588601189378,True
0.9864586694302444,16.106425422158264,4.799815042719029,124.96648315740927,-49.64839539777408,True
0.982959805093756,15.794976802677562,4.680298673815824,113.23267060596402,-47.10167688150907,True
1.0515564472950067,12.793513590416719,5.152181685960142,39.50859553215783,-27.968426004664643,True
1.0045436946513533,15.806692068271696,5.09811138979726,123.60228931572279,-49.24249967720482,True
1.009163019546985,15.23362757804156,4.502791383154665,84.1856150473419,-40.69784420055963,True
0.947262726712366,16.333873494024598,5.015780022550534,166.60510288784963,-57.128664899551154,True
1.0412018114389239,16.732716679411396,5.353443227687551,149.53302309776055,-53.99236969832476,True
1.0428573484165433,15.110792104721611,5.419974760069991,102.65580922924906,-44.63660203221714,True
1.0280505088790746,15.357019938519192,4.921858043623069,95.66706493845568,-43.286393081493934,True
1.0081406291032353,13.716730926102622,5.148734315073779,69.81956169631133,-36.85825567114039,True
1.0521622972847706,14.83157087722878,5.162622981460444,83.27373937861,-40.49536115310564,True
0.9975495558630448,16.655834629829776,5.30245058013103,167.748243902974,-57.33189241814348,True
1.0709795491885281,15.00038238962676,4.97275479106707,74.8916681420255,-38.36936634767019,True
1.0357440217289313,15.927486141545902,5.388592576796888,127.25572208947392,-49.88526673775341,True
0.9368888329937864,14.978239265345927,4.781087782205794,115.97381912383288,-47.84838817993862,True
0.9933224699752546,14.883196425231919,5.234066154566473,108.89306691843595,-46.415450570659985,True
1.016246656936388,15.574587271162281,4.699377432013198,95.1730096075476,-43.23719153617135,True
0.9651682218188562,12.087765905773306,4.462937785220706,35.082660348903175,-26.046004216143,True
1.0539780144856932,15.371681527528104,5.183675180872175,95.96951203691309,-43.352400090358415,True
0.9011960324353683,12.750543695852818,5.886599440179846,108.90762581571143,-46.01603572812347,True
1.0401896359109173,14.917374636744048,5.096129821929978,86.14355635110314,-41.147326121603456,True
1.0345175025012396,14.164658544418973,4.937255504729395,66.38221103847802,-36.21038515989261,True
0.9006252738192922,13.844801337183501,5.372625059219736,127.08768623833475,-49.91436385483378,True
1.0051752286622613,16.478012012560157,4.866605479568158,132.06835215389683,-51.127449405432856,True
0.9782513267792083,16.119602088343417,4.470547280575269,113.40460488986271,-47.002607062936576,True
1.0708764904852708,14.64385653319793,5.282803156345741,75.66436347723354,-38.3773781000564,True
0.9581253648979902,17.378154470355096,5.466406499818421,232.88214102868255,-67.50335642711329,True
1.0399586993197838,15.993776679231662,5.03866614323963,111.33340886037787,-46.921827062892966,True
1.0499160295978385,14.841880557585242,5.0937760967996235,81.07537105115605,-39.739100303422816,True
0.9803703323546245,13.112406264295755,4.8173524146915785,57.16732487522742,-33.721982172564935,True
1.0648870570365068,14.901312585535484,4.951234425128299,74.59335706179705,-38.433866040692536,True
0.9792238435209456,14.36848589678302,5.066704332002131,94.60606232152607,-42.88595816324608,True
1.0666270112259686,14.537517583894981,5.013488429392653,67.66703393009715,-36.62888134886733,True
1.1302180214757802,15.413511956655377,5.010739874162762,67.853728747743,-36.5873936116127,True
1.0465120009359774,14.371764012468889,4.057766460421768,46.16081420012416,-30.022642394524084,True
1.0306084926137762,16.320946328824306,5.049473326600539,124.04589421186398,-49.519071820909,True
0.9763443007031821,14.469937562478183,4.601724857804456,81.84087861185132,-39.975547103861444,True
1.09285267350997,13.977796348153365,5.142699837943024,51.529769678605746,-31.74000730636011,True
1.0444117860917967,15.64957248666996,5.317247338822655,113.10604441554636,-46.87455556080971,True
0.9769782928761019,14.972146249660987,5.1680688350798825,116.48231967065146,-47.840245308479325,True
1.074955754789868,15.855309352949847,4.655595186181377,82.03489958701438,-40.057759346663644,True
1.0054942425595308,15.171271777343636,4.749749966920846,91.58758572127003,-42.616730157319196,True
1.0338423217609563,13.6107737575516,4.979978377160283,56.28689569035858,-33.25484125671991,True
0.9794798418235707,15.303990082574428,5.25602127086659,130.07333655117847,-50.6055694283673,True
0.9530706576497846,14.092049543627073,5.298355239151771,105.3383096206854,-45.24049584588067,True
0.9556702088462307,15.146278253370301,5.108188768649176,129.38318394381528,-50.32289844455382,True
0.9809307568310459,14.401991963608857,4.710727302061724,82.25953157454411,-40.13266177378018,True
1.0256589364876403,14.79452405451842,5.352177784081681,98.92617658873046,-44.24269108349657,True
0.9850954773402124,15.0431474557974,4.992263582737924,106.258799863439,-45.780746471385974,True
0.9604352724130826,15.733871745942677,4.880705197687606,131.7555216787783,-50.69159228318278,True
0.9524444193327407,14.448636405501034,4.8539742115922975,99.50916366038922,-44.36771928577769,True
1.063324068116764,12.210432201903549,4.543404409564048,20.277736953925885,-19.85464362166367,True
0.9938750234488518,14.043390908720447,5.329931314334443,89.04968271563348,-41.634340056310194,True
0.9021175934994213,15.133693348475385,4.9624603304024655,148.89855857989613,-53.95178253828865,True
0.9996127853003193,16.181829326361342,4.792351369475199,121.24982323823633,-48.846131540590676,True
0.9792306306155546,15.299702960212665,5.1821829010129905,125.20050029255188,-49.717618891180244,True
1.0102232175948251,15.995705252125111,5.236199668421452,133.9949567846879,-51.26937918210459,True
0.97163877289453,15.157643193378414,4.48021823346478,93.22738680246927,-42.61463719746819,True
1.064343791329014,15.218043788086364,5.465194639775972,98.94025855853478,-43.9857092780029,True
0.9923304256491023,14.757947339612029,5.666395911430804,124.66641681893122,-49.626546871180736,True
0.9894800667573926,16.04941529872868,5.030596277011409,135.14421409963904,-51.504751879372535,True
0.9841977826941485,16.646055753657073,5.071809850349118,159.2707464279077,-55.987048766601085,True
1.0236844375974865,14.035394420086174,5.718050688724386,90.12506819402192,-41.826676078830694,True
1.0197466375127124,15.224722119277434,4.672163333151952,86.06355837919324,-41.17293867788742,True
0.9804578675396638,13.808070691393638,4.843505153083365,72.15471178800583,-37.64405235428446,True
1.0011927733675188,16.671464823833055,5.174386461120581,157.01099671591092,-55.65666317816686,True
0.9873493095402915,15.170950732336125,5.344302180745901,124.52912377921912,-49.24946951241768,True
1.0424854053023234,14.98008767928472,5.011419766069782,85.1642289424997,-40.73907135206192,True
0.9355606034308935,13.861374904016973,4.755925174987091,87.10025840672618,-41.20714074471998,True
0.982969642069858,14.77458460130104,5.386436147620255,116.62514660165108,-47.83647370373969,True
0.9902225719684878,14.924396086698916,4.997689519081401,101.05274240776556,-44.32320436564917,True
1.0697341131989258,13.925947326945359,5.000418956394287,54.286102164529304,-32.84889829415973,True
1.0587671989008034,15.150949815706975,5.278941221156463,92.19712642567906,-42.367544054053404,True
1.0196076941800292,14.141308940340856,5.451705192804676,86.80726211044166,-41.43850505264841,True
0.9502793131418338,15.434675593229898,5.071910679800079,138.50156037745577,-52.05201738256067,True
1.0028620764930434,14.013901596579752,5.143482699903731,78.65893000846815,-39.377877892954075,True
1.0939823637445434,15.157096802038136,5.313905924390487,81.75923372656318,-40.1623910762116,True
0.9925652688416526,14.806311201825828,4.932077368688823,95.14749939833885,-43.38927734686361,True
1.0064309094350288,15.301382561999333,4.835462830456955,98.31565662688985,-43.98249379864906,True
1.0093205372462923,15.165660005132679,4.889672707840087,95.9038116859494,-43.603995234295674,True
0.9575114483803198,15.094766149789976,4.723889991201677,107.95252210708928,-45.78124340817345,True
0.9595512335983593,14.26036863473621,4.673663545609099,84.5268414259651,-40.51345991079267,True
0.9594998696279092,15.55402166081716,5.666314634960171,171.81977860693365,-58.183358767006176,True
0.9850863715902775,15.287359361960572,4.731601513698049,101.88304429957172,-44.49619528163654,True
1.0221101134547157,15.637151666127657,5.081446359822504,111.32407893400774,-46.562653652717465,True
1.0084967995685723,14.974664383509168,4.974288592312467,95.33177882228182,-43.47750170989519,True
1.0253689390325924,14.820491146704978,5.314601117938978,97.92150933221296,-43.82559916688213,True
1.1080205380542905,13.985060387552915,5.034849923312773,46.128471753183184,-29.946108416915692,True
1.1297429105441406,14.339257894257194,5.41610557287315,55.38758485620527,-32.84989428592987,True
1.0046919594453068,14.52674395297435,4.961189157328309,85.65281951610474,-41.01098317618363,True
1.0461594483449914,15.96142879927666,5.073598099068918,110.1785493316014,-46.28495128714391,True
1.0329552465115148,13.75548654381598,5.22526093960518,65.60314381885624,-36.03567359580976,True
1.0538470356194132,13.660594555363852,5.0597519018959165,54.17747430939651,-32.481254656432014,True
1.0520846200494198,14.929349617640796,5.158070769665061,85.6668196090858,-40.98767114536329,True
0.9735894129697942,14.233643823317534,5.085104771525621,93.21924530229956,-42.6687226005321,True
1.0990662523313102,14.617528756574496,4.575910054737117,50.06188920408214,-31.524719311061915,True
1.0765549118732507,14.560367760435883,5.229669121142912,70.58691051008327,-37.394432497808,True
1.0483288209531219,14.369094658508631,5.353274602210928,79.38159867687706,-39.28949509287525,True
1.0342832943796596,14.236964683399735,4.961132305484984,69.37258110859082,-37.12273345666504,True
1.0199200047930548,14.068269361906815,4.9384251368115475,68.62202312319269,-36.68916152817944,True
1.0102616280177046,14.630517370809775,5.088007346255281,89.69662134093069,-41.90026204202397,True
1.0393825643496672,13.537642768862158,5.583718803703528,66.92699734429904,-36.44319787150294,True
1.0126876777242966,15.605658625852383,4.914626347292357,107.77776605674701,-45.8543082911798,True
1.0188987842066244,14.115630634039745,5.1867310264148045,77.21034799536906,-38.8131856094457,True
1.0011797804918043,15.45318778522016,4.947532201791726,108.42939519083814,-46.22185939795505,True
0.9933248342540341,14.34063928868255,5.179261653251745,92.06363498170688,-42.647554683407506,True
1.095786783182158,16.037378382597012,4.617291440019319,77.83389270436419,-38.87396354252954,True
1.010532992501453,15.040258185852798,5.538746928612407,118.55215310615185,-48.360127768822636,True
0.9857661291724094,13.923393106741054,5.110213613561393,82.38051364378741,-40.07414151674486,True
1.014542287131465,17.498048610817303,4.916371949109289,160.19318851658207,-55.890189837346796,True
0.9458625517619166,14.582232466752629,4.92449917969309,107.95412554830581,-45.82103291541396,True
1.0533212129137297,14.443451103790736,5.083456409484973,70.9397959290683,-37.48679597178836,True
1.0068981810519293,14.511673642638156,5.60082218332361,107.91980833059816,-46.10075757625488,True
0.9899142825634138,15.397947277304018,5.463969363761863,137.77743927356647,-51.788441125762894,True
0.9847919835336272,13.547257137710222,4.919342456744183,67.80127308585078,-36.38199481216838,True
0.9273572195458127,15.13588294784184,5.0282476355481,138.1429021968476,-51.973304712398686,True
1.097562721710628,13.314797926050376,5.043323156610778,36.603488704043606,-27.027232782690948,True
1.0162352076462906,14.926285697006223,4.414449606304783,72.31339531234384,-37.64417521070927,True
1.0968510656647488,16.12661064044382,4.930873668868192,89.8388823974253,-41.99891264698478,True
0.9937458712684725,14.445387764799841,5.06303802065663,91.0801193858769,-42.11337176400458,True
1.0294832203076703,15.887687053196256,4.727658024036499,99.78984385808359,-44.41476100821891,True
1.0434563973643638,13.330600230117433,5.518122707242403,59.48008934779086,-34.06338441622681,True
1.031203081523026,14.37834422366232,4.662253129336097,64.88957023345444,-35.50962537954815,True
0.9841330127164615,13.775541369193572,4.695425691880721,65.99788396160177,-35.74458366591963,True
0.9181508357938449,16.90819780375123,5.207485282283948,222.62852426404024,-66.1646759635805,True
1.1195439195391124,14.592223141885967,5.083634233473542,55.71230282987833,-33.0977005136383,True
0.9701441213802512,14.34956198107079,4.864288552843052,90.16484453542748,-42.300290449659414,True
1.1335276714046205,14.742235244130908,5.302165414864283,60.632625511593666,-34.40590897463784,True
0.9764904022718309,15.006691839763793,5.073130628094823,113.23578122989878,-47.19126613273753,True
1.0755965877100087,14.628969030442814,5.5547458740284945,82.41090746260036,-40.08404623867331,True
1.0359152856786185,13.808848377648035,4.466463393969304,48.43244322407677,-30.757075942173774,True
1.0382025390814553,16.34934000479082,4.843481643397131,112.10714247648205,-46.73897804177903,True
0.9752453099383103,16.088161747491522,5.496296089671048,170.06711016377895,-57.890594955400836,True
0.9863299463983815,15.333180559900756,5.14413398488043,120.53657812260131,-48.45069140667833,True
0.9870396844301097,15.279867455732978,4.968425382633499,111.8548521782544,-46.69400192032475,True
1.0137384433322405,15.215384010922863,4.878955211385657,95.49668971741725,-43.19401199653386,True
0.9957632301374779,14.543364204587997,5.104947019844403,94.67768919928444,-42.99349721582655,True
0.979664171014942,14.434788472598145,4.656555257844872,81.69497316530156,-40.12970144649705,True
0.9592236723148571,16.594020721566917,4.5696730974046735,139.7345945297001,-52.367131840394784,True
0.9641505975270304,15.625104885772942,5.168985323670684,142.85835776057402,-53.06836690199595,True
1.0266871335333834,13.670196857546348,5.256602408181671,66.8142629038219,-36.36023471738745,True
0.9649071770232934,14.548336651155882,5.2822594331849775,113.70623820011933,-47.12903183559462,True
0.9450477856533139,15.487646069693811,4.871204390032574,131.92924455326272,-50.66124767628597,True
1.0070505068278355,15.367924927109206,4.859312896019964,101.78716496709569,-44.90637391940178,True
0.8909013579978815,15.527922750200657,4.998997165901096,169.2214680274913,-57.55023834862873,True
0.9996801207019653,13.513961888230744,4.701953590226365,57.648839905953515,-33.39764098651726,True
1.0039418879834068,15.320152407839466,5.199200323146143,114.62165223438423,-47.19700415810332,True
1.028144874159253,16.115461600628223,4.911165185395372,114.79517612500986,-47.48966493119084,True
1.0170550976641686,13.494761810324372,4.980024077269094,58.47397812734705,-33.719665935123544,True
0.9361042900903541,16.739605665818335,4.94738528865933,180.27343247733265,-59.61410191185749,True
0.9906889848986037,15.330086784276267,5.154216104178901,120.79613436306961,-48.535831668787615,True
1.0326389774542122,15.109726408899585,5.08583913983608,93.5398721194016,-42.605544902580974,True
1.0209020161218965,14.04841520091114,5.571895981175975,86.8979917957532,-41.150092749605264,True
0.9609064789726387,14.363160217618017,4.8847569505004405,93.9782159607926,-43.005695828697974,True
1.0207951737132221,14.622456835341337,5.537855683269577,101.5288626564389,-44.595109783843185,True
1.045744462590222,13.574146100935646,4.456476852230485,42.474888826505975,-28.897351992884335,True
0.9511850481894775,14.685168817812688,5.146856910574864,117.47631952113252,-48.02010909529142,True
0.9019883130693716,14.107873161304697,4.524318283483312,96.23244592593453,-43.61108581481308,True
1.0887031693203593,15.68295755688133,4.692832834384276,74.52795856170418,-38.24368665317943,True
1.0157667457038873,11.953816750036701,4.707602133120618,26.502098447330784,-22.58072016747554,True
0.9771354085554402,14.752963255532814,4.684258335512269,89.89597826601354,-41.853568560817735,True
0.9754222352519689,14.032310215526225,4.8175775680722275,78.92387947112633,-39.119467133802935,True
1.0073395268761887,15.002683670539742,5.66015018935339,125.37145386960624,-49.504771867878745,True
1.052050920526078,17.353834984982335,4.736583467750796,126.81544869362531,-49.668098447566855,True
0.9245105931564257,16.674160357334767,4.515861479098026,156.54309231777486,-55.27773896429914,True
0.9799527720088128,14.505025610760283,5.148111177404606,99.88387919685368,-44.43393669291276,True
1.0826983709977287,14.814542586426755,5.072685976011391,70.25585821798074,-37.14579055344686,True
1.0412309477910051,14.162167928493506,5.664884912916857,85.39512101449186,-41.173187977440016,True
1.036965386027738,14.849136845850467,4.98776243980753,82.2880979511126,-40.235000429086384,True
1.0203848255689447,15.736146019467519,4.313776090791796,83.46907018918837,-40.334775228131555,True
1.0155240638266252,13.68631793922121,4.871773433474334,60.48289793086566,-34.514716858277076,True
0.9765912448089128,16.56670599704046,4.865809945150822,148.51238536246873,-54.217342678428345,True
0.9720891741217987,15.914428473165371,4.630141263994587,118.38411420591407,-47.96964418240106,True
1.0403066223780182,15.870890756470954,4.831218193101779,99.61089125858949,-44.21902622380598,True
0.9730196218056362,15.38247163495034,4.955133267438315,120.84547701991848,-48.484977216158086,True
1.014191629089743,14.096398450595734,4.981751961766049,72.42321063358004,-37.92376543528306,True
1.007586774566253,16.012100807812672,4.585867261011325,104.23112309953439,-45.109437565307374,True
1.1095943791242098,14.68026918422137,5.1828085021481485,62.3675083705676,-35.188427486877416,True
0.9919788851831656,13.311472026387204,5.490781577756179,74.67370500261677,-38.51940471149389,True
1.0584231656126002,15.079579332393601,5.0841677449213485,83.8086608446466,-40.64471828827763,True
1.0353652552831958,13.840976279773493,5.331910357625127,69.39443088532549,-36.88059654666838,True
0.9941378556293834,14.394917105631292,5.054393803668486,89.64309497928431,-41.9110211096916,True
0.937800633211972,15.706711454307253,4.686058285546373,130.841158876688,-50.774262753006454,True
0.9973518220945177,14.880372622280541,5.081274187609524,101.07033563020143,-44.571596051636085,True
1.04496182133736,14.962552202693214,4.849233339556782,77.4039449492834,-38.95453872058421,True
0.9387591209885418,16.168399676800973,4.667165456424346,143.75210675564864,-52.95764231972169,True
1.041785475076765,12.743883597024587,4.976576263544613,37.76590278885092,-27.12633482178503,True
1.0671443435210588,16.124889147490475,5.246110628174862,112.5134156615442,-47.21983657586342,True
1.004800353495595,15.147487657489235,4.897824251399282,97.13496497211027,-43.85190345377137,True
1.0456848350711752,14.930852051935823,5.581987290109666,101.98288405140535,-44.627179711366445,True
1.0070127241462965,14.962279614474971,5.2852718792970945,107.3876671024711,-45.83915495767978,True
1.0285690720463263,15.639787081122645,4.835645316688984,98.35953309301438,-43.973890569997174,True
1.0746790142877585,16.025955239823578,4.8265347614386656,91.22452507389647,-42.452257560829,True
0.9223012024877719,14.763591279206294,5.643423539945968,161.41000647891798,-56.21801461266897,True
0.9617390553598092,14.865828869154903,4.899118082308619,106.82506798715588,-45.90353687447282,True
1.0625340718961678,15.608945995398203,5.109266021459913,96.91764965945613,-43.53644666806676,True
1.0717560295651947,12.901923306510467,5.1265400105313255,36.26158842832346,-26.78420308578044,True
0.9296037031315766,14.901301683513623,4.482834220217785,102.90282999241363,-45.095689269772926,True
1.0781151798903692,15.498082344628632,4.48674169507951,67.73347615139761,-36.35476273956127,True
0.8713930291879968,14.506686436349526,5.256894377673465,162.974646465787,-56.46471004493479,True
1.0312794759347539,14.201389753275327,4.685791134562999,61.40755236179733,-34.849440269397114,True
1.0109397142667502,14.847664702937578,5.0035595167041125,93.10614392891306,-42.569684370512284,True
0.9633443678886825,14.415065381077962,4.5469839241909416,81.37233643857886,-39.82578248632713,True
0.9664226938179629,14.75434813751664,4.901462330460737,104.04455799007714,-45.09148895427102,True
0.968265814607871,14.527886067992634,5.06412142183595,103.31267643295439,-45.12346418332617,True
0.9897923789648159,16.561636255815284,4.381960834482793,114.29531784862712,-47.53078772795732,True
1.0993017687295814,13.860472477641746,5.016220562404955,45.864588272441495,-30.012914361407265,True
1.0411551818736937,15.834780567936127,5.03277213496733,106.73191511171082,-45.82027073363947,True
1.071720206503462,14.41277137817988,4.859440632468994,59.8787895027307,-34.1655287712911,True
0.9838961422557635,15.325815555857496,4.669867363574088,101.13591963170626,-44.509698608447565,True
1.0115129462028583,15.647026462420243,4.887018395314987,107.12738270137778,-45.84622602817481,True
0.946420268144158,16.530399939689293,4.887445813660684,163.6499722936194,-56.66044266237131,True
0.9860777639620649,15.392919789818544,5.577471935409243,144.72377825738357,-53.35610354981487,True
0.9723750211467733,14.603574192957497,4.963750020763437,99.67359644243088,-44.099206001462605,True
1.0244319612084103,15.065774082299061,4.860698975388836,88.12293799845378,-41.73431528236845,True
0.9646572805113754,16.918476781503262,4.963146773603979,172.71104491257424,-57.986854877420264,True
0.9581567534016272,15.163452990624654,5.127104453657458,128.69602221669408,-50.44240483187923,True
1.0198175459622574,13.692175774218661,5.116043102639684,65.63097361319946,-35.82256772737093,True
0.997324151656409,14.61670904094872,5.134945533507061,96.00887339833258,-43.222980706209306,True
0.9649732970714955,14.59094715220043,5.180914033757105,110.6693050078499,-46.450531334958534,True
0.9576677934439425,15.729968448357019,4.561922157025908,117.18716444022323,-48.04967936585744,True
0.9649565112246008,13.778013708340772,5.154945001282497,87.93273584432474,-41.510435006165906,True
1.0407307263449348,14.492225840295564,5.055241933335516,75.96696887275307,-38.36375264753948,True
1.02087640711813,15.213520835803733,4.813076359776779,90.98670646272856,-42.00980172470132,True
0.9622411437411785,14.719580108979647,5.031929522811542,109.10810160422393,-46.35521932631325,True
0.9642304589531019,15.090919756893605,4.967018556010345,116.48099454648467,-47.80480236593885,True
0.9426333348981483,15.14758751959257,4.993756562488231,128.16914083941802,-50.125812186886655,True
0.9803370867177806,15.214490560234562,5.05230415671249,117.4744730148567,-47.88927411495803,True
1.0061477126374496,14.073036276037891,4.496516036121599,60.30326288624598,-34.17728433862376,True
0.9560529329493453,15.797584197334876,5.0789299124174665,147.06902424973566,-53.55935074693178,True
1.109365678004341,14.464715505504085,5.195124374557239,58.02168077212713,-33.73212294286081,True
1.03118912175235,14.988408694659697,5.073135524478478,91.04867170599809,-42.11963000875662,True
0.9983912228398997,13.7881170494231,4.78247429213293,64.87753081309744,-35.734392957006335,True
1.004253631249148,15.03989397759892,4.741046888855874,88.97371550888451,-41.678093773697036,True
0.9304297711224973,15.190177481559546,5.054659869491255,141.02866417944404,-52.606003935958775,True
0.9400486120814332,15.036229950091483,5.2409226866915235,138.98422669585185,-52.384398874646706,True
1.0661446057209918,14.21968712626886,5.392593716481372,69.92589974813578,-36.86858383824094,True
1.081754941466208,16.12793693299657,5.2294424018089725,106.79990092676167,-45.82399515387628,True
0.8892304285089951,15.58344034539736,5.153510212344218,186.32752044631684,-60.436388322649044,True
1.0235192081046578,14.861099479378073,4.237226006801703,62.955242070214275,-34.920158537297795,True
1.0690819251356294,14.851929234853918,4.815909655289433,67.99417329736535,-36.608697011828035,True
0.9829128949970948,14.261854740894217,5.093871498945478,90.40389389954413,-42.248596703609216,True
1.0759671765349412,14.377177499634497,4.795993708568073,55.73914040985851,-32.98093565821616,True
1.0383673784780167,16.456854803689644,4.720956810188372,110.06397908507405,-46.36230111602373,True
1.0225455099735812,14.64167797251344,4.681285098085955,72.69136307007882,-37.66839490164007,True
0.9877670984648264,17.76391388286562,5.529450459867333,230.78450389282494,-67.44980352799645,True
1.0046054961341082,13.840353284612178,4.610008446093892,60.23255635827349,-34.527897295649204,True
0.9776293001496974,15.368774941435912,4.936312913708907,116.0399813756791,-47.75176029804052,True
1.0148228581588032,15.226206786907868,4.781626772599582,91.51223375242004,-42.26822411118377,True
1.012640196688938,15.036253078855678,4.74086105029299,86.03786616508062,-41.30331954894153,True
0.9782856178947585,13.4079222659956,5.123429933410937,72.17459071937088,-37.81702375665852,True
0.9026482817964778,13.628773007691276,5.246893607025684,112.179678250451,-46.79057279808235,True
0.9902505951819838,15.195572479861058,4.646930064370277,93.61052895846483,-42.93141839222932,True
0.9491063371740337,13.975936952373534,5.0157539925517085,94.0847132188849,-42.86640827348811,True
0.9439563865958664,16.209050180666377,4.965922685544967,161.06759136960093,-56.38801332755356,True
0.9655000928703255,14.776025068300218,4.864345939287953,102.89478589238469,-44.692340890360434,True
1.0413441188953418,15.25500668113198,4.719889647544561,81.5267968071622,-39.79712301975274,True
0.9444434382498171,14.959547249244276,5.332577232616988,139.32912721452513,-52.107974417726815,True
0.9556293891932799,14.93180277198974,4.689799556823582,102.30267091144145,-44.772539822157746,True
1.0353386899300865,16.520777825027846,4.609146717262689,108.0984940809906,-45.972996365525596,True
0.9617176654923871,16.084336723042952,5.329628930685112,168.70907464911,-57.67342641099061,True
0.943639999776152,15.154319493405989,5.059983437291357,133.04930498327533,-51.02241255700856,True
1.0404418214776814,15.674955920462853,4.645678097869084,87.26348912100204,-41.28812205812459,True
0.9935267239421636,16.17311418659385,4.976864610158276,134.1715047476098,-51.53305329045714,True
1.0032669963856906,14.402174321615483,4.812779839246404,78.2275799497354,-39.26791291403543,True
0.9888066104514419,13.445038175781955,5.446649924014384,77.96007625988166,-39.20055644126153,True
1.0211654305322801,15.55302058508556,4.927538836389569,103.10809052537431,-44.7807470143511,True
1.034273648074202,16.245979285892037,5.159482471290022,127.6748755322623,-50.26486671925543,True
0.9938506712793462,13.28531673318767,4.993086764188135,60.597676653149875,-34.69591002239313,True
0.9250926793629217,14.39368467496241,5.431091652677043,135.4225232225858,-51.561462165663386,True
1.0148740689766835,14.758588242160082,5.061016351039747,91.23351621084022,-42.08284503266863,True
0.9829996876548259,14.017513653032111,5.347266010689979,92.57513204576327,-42.41033685377193,True
1.042864238851923,14.855381115031403,5.1624251563758,87.06379333862994,-41.19459681635579,True
0.9552194564437134,13.886513275840716,4.834066769859443,82.3985077421738,-40.34607205427918,True
0.9842802672329588,14.680912907341936,5.0005583676497505,98.98268586977393,-43.868837695189534,True
0.9259066574608428,15.699367127217121,4.93615511623815,151.31178583891003,-54.39043674771962,True
1.0391577770204088,12.930512369844955,4.827959663187035,39.2841757180078,-27.94017980853128,True
1.0612674896046692,13.94889966295942,4.6769091208944,49.33260816208524,-30.929472442780874,True
0.9756001122107676,16.400691903975524,5.40786852167558,178.17291230379902,-58.96422919639398,True
0.9902959093181557,14.175678915187019,4.381650846681639,63.6298092268471,-35.115808467018475,True
0.9595160427383262,12.401420443205753,5.3994506378201415,59.83247117986489,-34.19282572206446,True
0.964337285166261,15.171180146574574,4.598709387962131,100.48606051090302,-44.37072206681713,True
1.034678035356619,14.925247167599245,5.162947314807203,91.74896688626923,-42.21941703755836,True
0.9747924183398889,15.14813479835792,4.8243305429284105,106.7545841935012,-45.78519348695213,True
1.0237574968933383,15.057386702905255,4.499965362197648,74.3529664900653,-38.290669499426784,True
0.9992384979827688,16.27291503471954,5.3436025245767835,153.8416178638136,-55.11855760261066,True
1.0375281159596195,14.296938203991793,4.280206166961797,51.554550341757455,-31.979825718256187,True
0.9803800817667366,14.906194191140761,5.238845006598057,115.2265167716922,-47.706346950601386,True
1.054265479059125,14.567312057659153,5.03897794650933,71.97817357558145,-37.64113074443882,True
1.093772533840299,15.676362632917717,5.3152806804742365,94.55972587699662,-43.003771674369595,True
0.9149825089322869,15.777543057781962,5.187903722878255,176.6586935913363,-58.95506036914377,True
0.9953915334844565,15.37240354763676,5.183878565695221,119.90808184966878,-48.69491132741362,True
0.9953608931448501,17.15380258582557,5.2693721798465205,183.1727793734847,-59.735115449665095,True
0.9642143526501852,15.553304611210677,5.251271788069096,145.97015127051654,-53.31960267151987,True
1.0203753877073511,16.25499903473874,5.135203771197771,131.80466879132587,-50.883884691150676,True
1.0560298615709494,14.114627979929494,4.89961909446261,58.1621027718574,-33.58883958062551,True
0.901299036587593,14.301789752963245,4.9312484710168,120.05091797566214,-48.49302829267347,True
0.8975157882480808,16.980336774929533,5.0320308470149975,224.0140086561262,-66.32272449220454,True
1.0828714279539544,13.64607161635452,4.920131398138095,43.93752312074866,-29.344853045961937,True
0.9880198456225723,15.767849475802649,5.655810949400256,162.50736331502623,-56.67396485369235,True
1.0044728573696153,16.286688953033856,4.974044400756589,132.31414816052248,-50.87367347869737,True
0.9465764622333059,16.17554724959231,4.655062031623381,140.03854652159347,-52.60967227097103,True
1.002216588019064,13.404674020701396,4.9638259531898115,60.76006094853468,-34.65836452057006,True
1.0684437719770212,14.649190973940788,4.748459707954272,61.50579794566139,-34.9358240127856,True
1.0248212175524223,15.622194034573432,5.587355820280941,132.39694763833464,-50.99358689648358,True
1.0096372182835898,15.742013651424845,5.02933359360304,117.17892648965042,-47.81064972915444,True
0.911500102851976,14.990991494270363,5.1904402516600685,150.42807655399344,-54.27067117485815,True
1.0371346222233266,14.30389174348584,5.154556838449307,75.6852931174676,-38.64544854656772,True
1.0004793442388282,14.726513821206634,5.283707177270737,103.46190717980309,-45.10237189111677,True
0.9696001724904157,14.381768338921505,5.071533184176726,98.76561155105873,-44.03533593216255,True
1.0321254253011232,13.757275815636623,4.88037158887207,57.402872354667394,-33.768539087652734,True
0.9576072066561212,14.700924883052485,5.01417428547748,110.58308376642503,-46.570276154365736,True
1.0280386637505432,16.84929628070222,4.63203156704522,118.84997930485952,-48.37466434773219,True
1.060844293691613,14.721131027724914,4.955069543541385,71.91217449691584,-37.544967323078524,True
1.0077107229034081,13.487215019616691,5.538173471339039,75.10124872460437,-38.533719015707426,True
0.9788002702792375,14.641324056960547,5.220562479906559,108.18974335619546,-46.05519567477858,True
0.9713924264272511,16.72803963500982,4.968113477148792,162.613883612656,-56.63209225296312,True
1.019134267186888,13.407071562992273,5.6035096452595665,71.60789992980077,-37.506252646357744,True
0.9783985720378681,14.999061395947463,4.817169656361828,101.46156892776693,-44.83995263538506,True
1.1183244951420293,15.737740930723389,5.102825871620858,81.0918908869232,-39.850574815224334,True
0.929244186568171,13.859044864675507,4.909110912784901,95.07508134650156,-43.4036175551482,True
0.993511893320755,15.190794696168595,4.938612890845429,104.64294369122175,-45.46801072548157,True
1.013628568971932,14.086735698999078,5.11818677379502,76.78786653600173,-38.791225205106024,True
1.007675865755846,13.7742438853434,5.17280783198605,72.70614647852217,-37.81053589653579,True
0.9719623303501874,15.622667926834334,4.939181363336053,125.72718519553025,-49.43853359371143,True
1.0616131271273592,16.823054657412957,4.7491728594320834,110.01140836331362,-46.37222012012947,True
1.0333426450321503,14.61296583145355,5.5496705506111255,96.1645694133145,-43.649439159368654,True
1.036989345650851,15.580753911925074,5.030436448699808,101.85034627954967,-44.78680360008658,True
0.966603713181089,15.483742940677667,4.688891831392305,111.97919743221617,-46.84657090474813,True
0.9798631282245149,15.173995750558763,4.693317215364607,98.9631569007294,-43.95558977325527,True
1.0244124759769495,14.311263438026508,5.597303017653473,92.89885615892499,-42.920291080400965,True
0.9449747296595927,13.98669697255633,5.739172657051395,124.4920217455117,-49.29048331973931,True
1.0332783000868295,14.202815207766433,5.100991205833619,73.1267732508321,-38.102231558960845,True
0.9949524752427895,14.821254122224829,4.815831459606974,90.84343637838919,-42.03874517608298,True
1.0532297806759388,14.58070973122302,5.0997746137445645,74.03139584086688,-38.28758468305584,True
0.9786190217835995,13.850906986582908,4.908311508541543,76.77639426361415,-38.83106037341634,True
1.0907088695163631,14.794839771283131,5.172081538152102,70.18829504569447,-36.88448468946572,True
1.0205251526584262,14.364294465123761,5.105026547190295,81.1608103795228,-39.83621658759941,True
1.0260215994938249,15.556961380766678,4.990265656469908,103.41211732397701,-44.85094405282735,True
0.9653714345354046,14.609056254299574,4.97468422578074,102.64619466969673,-44.99753212063217,True
1.0126670154762512,15.84375080555202,4.933968881034009,114.02246169334903,-47.14143764937979,True
0.9725383433976094,15.229720962653923,5.2845635142278145,131.15443985492183,-50.90975066868291,True
0.9229824984090483,14.503343056597197,4.942164156808669,115.85410387841898,-47.78586626084053,True
0.9902172960784135,14.83658117435702,5.616669838717792,126.1151036687969,-49.742163160552195,True
1.0581408660056277,14.864889088576803,5.644634535760484,96.87181280344723,-43.74362613267672,True
0.9967939850691495,15.166160881691791,4.8865204221678535,100.63628595250567,-44.63829298487692,True
0.9852927601431783,15.361019287950604,4.891792503932112,110.28290616902312,-46.722982409573085,True
0.9846291346416948,14.549729378681732,4.985275748649642,93.52304639921283,-42.85468728373873,True
1.1120791473941933,14.761474232225504,4.807481702074212,55.124500167082076,-32.7412529717875,True
1.0304211088084871,15.114355649489033,5.255376393149147,102.0258516285131,-44.88388594720127,True
0.9204997029125146,12.042835874026153,5.355339728691981,63.64046611101777,-35.30016218541047,True
0.972842719120433,15.552999723784504,5.385067319413322,146.77417261184638,-53.46179426745358,True
0.9799591379099655,14.046280934278656,4.937579844546355,80.97629765141485,-39.9019899681232,True
0.9639396466235979,14.710939923259646,4.93385346338524,103.89629049324235,-45.11973038223955,True
1.003217832471995,14.3226371722551,4.4026675154189965,64.36590989788058,-35.549697671086946,True
0.971305290238541,15.748494192159598,4.802937278311621,124.48325545331846,-49.3838472404788,True
0.9743623211017708,16.024726805909737,4.720420658575939,125.5155391606723,-49.40972514987992,True
1.0076759361812864,14.887689826339884,4.667833740727476,82.580122940763,-40.4328681606851,True
0.9229638906146953,14.900623654086038,4.853918612487393,125.14727276868668,-49.403835952233464,True
0.8924464425340216,14.961094865712358,4.907847280699493,145.5932584733213,-53.376519421113066,True
1.062141094886619,14.984284288087276,4.9925867137896836,77.25624688086879,-38.8433937153222,True
1.0418614350471607,16.001006231962453,5.407875930809508,128.99848779433168,-50.20488572511518,True
1.018444614413072,18.010409526719457,5.349650768302606,203.14470837755766,-63.33036570107071,True
1.0152334177325375,14.82803267374721,4.662545182213205,78.85968392308912,-39.26396023284561,True
0.9905373715972001,15.568489112877831,5.128419268692075,125.50897956215951,-49.52934130488427,True
1.1507983110124216,14.153253623764764,4.760073742469066,35.94482819833773,-26.313530152182725,True
1.00964772345137,14.244737011456058,5.044374025647047,78.8334197589712,-39.113964261269224,True
1.130404822394777,13.97975423577733,5.3932942092429474,47.00076980671346,-30.337019440796773,True
1.103140366069489,16.339461616520786,4.854103137107259,90.66209470054841,-42.19932594912723,True
1.0230825270029822,15.703576546187461,4.703791307046657,97.77811903321378,-43.82993682510616,True
0.9895005562421755,14.615116974837346,5.015444607428599,95.22969321764135,-43.1305111337958,True
1.0008005722119333,15.21293123258631,5.396068549156479,121.79064919128658,-48.879385605059596,True
0.9799586445831463,15.764484122034156,5.601561783610338,164.29375977637878,-56.749587631569106,True
1.023050096124895,16.196003258905364,4.815176675313336,114.28322798326141,-47.31568926235897,True
1.03368974072813,15.408504217595414,5.0394744113430985,98.74694550623163,-43.9146125230618,True
0.9387905494537229,15.091956558594873,5.082622491422283,133.53979427270698,-51.42861900897728,True
1.1307233158082484,16.31898420698263,4.573585094860136,71.95023468952925,-37.59723247161361,True
0.9609508737443695,13.896506124836586,4.557168282284671,72.54437375009375,-37.954963966459495,True
0.8656839956808003,13.07815539286008,5.097348986027424,106.09316206995257,-45.57772543287274,True
0.9959101111459643,16.256195215982984,4.8872898592876375,130.0985250737133,-50.49052400459152,True
0.9425779644074359,14.55075928144406,4.579591828497599,93.68863931779606,-42.784905722274914,True
0.9973285954102619,16.33697407320127,5.206093169358763,151.20793740896022,-54.284148388786896,True
1.0035462568190419,16.91950093144902,5.0183221927869095,154.49473238357862,-55.1414540839709,True
1.0222640740759241,16.853914998487397,5.003455685310139,143.0870165061851,-53.10040478887638,True
1.050292747290822,11.987860270816064,4.671415929367048,20.61321680812123,-19.930010621401234,True
0.9496262634389443,15.800991056739683,4.488086921583562,117.28317911165577,-47.74874342108728,True
0.9818332034966714,14.491083474778714,4.820601715712429,87.57641712663683,-41.23282636564188,True
1.0339273368448263,14.347598166279948,5.014613084274359,73.35563336463545,-37.83218296420972,True
0.9671293373566843,15.371988443260841,4.787374895327618,113.56954791835497,-47.31264224774789,True
0.9061302019267984,14.373341882402118,4.670862439910275,108.09042064787823,-46.11001997169794,True
1.0309696804646031,15.749269111487315,4.888387474241779,102.18880556420679,-44.828762209815096,True
0.9717373339792289,16.32132961391848,5.010518539974624,152.5187604991728,-54.482047459151936,True
0.9684093773607194,14.797992302188083,5.4244117521545485,126.5579302778138,-49.64557734298888,True
1.0060032974106463,15.358954273487853,5.045067389351846,108.30070626629963,-46.01563434274772,True
1.0002069141846848,14.541994547945599,4.559874561586935,74.15409828304571,-38.087663362862855,True
1.0498609807124883,15.468002737184959,4.393342038470727,71.57849497060697,-37.68761978065381,True
0.9375472429564358,16.41721799960474,4.263935675437905,127.08420479276542,-49.78098782031391,True
1.1131076719295416,15.40996961332473,5.10194281597956,75.49922182864297,-38.574904930075974,True
0.9292929512416024,14.880933583513324,4.684300715012609,111.84079119604749,-46.872562686188246,True
0.9806125427447442,16.310485737858365,5.149358752892211,153.41418881057797,-54.62327417714172,True
0.9565738153755916,14.59308582802063,5.354005696451288,123.47046778098358,-49.07388232934207,True
1.0027770121741744,14.617806844579128,5.177114740236556,95.77984782625248,-43.38940774121902,True
1.0009387062634323,14.335836340072717,4.931872091226468,80.71423769509182,-39.95716048524382,True
1.0083183547379584,13.431310680029148,5.55452078725931,74.74337174033988,-38.22016647868604,True
1.0130665042495282,14.139949711367208,4.861721351582158,70.84603787761696,-37.06539218174212,True
1.0653198470528904,15.055011993867275,4.729056252079125,70.23850227135598,-37.34989274800991,True
1.007832080432494,15.229201468127652,5.100097114579515,108.28322636647924,-46.27561189411603,True
1.069418014562534,14.032333286632664,5.232031522065588,61.04413984590199,-34.60779776229503,True
0.9124801423335411,14.489736344030401,4.224401436858713,88.73275655531589,-41.8935880936177,True
0.8907830198376474,13.107441256067228,5.333174328245331,105.28424250444444,-45.37383784963656,True
1.0063517757607228,17.187117501945796,4.512531617528851,130.9905568653119,-50.803197899944756,True
1.016349805879495,16.466736232463134,4.3843673071658475,102.18994667923538,-44.96040705827873,True
0.9733070733978435,14.284219025019679,4.896753086636725,87.394301671516,-41.3932791443044,True
0.9994931263672446,15.137530481829947,4.681192458333155,90.97655838460443,-42.12302621632397,True
1.0537664555612543,14.120352639585864,5.124721397224811,65.03018665246472,-35.957576033154034,True
1.0335173288653245,16.024409552068345,5.1068924648080545,119.36043708757775,-48.17112845268865,True
0.9835017778897217,15.643066723349543,5.092548656389136,128.53034360968232,-50.336057884771634,True
1.0098934789863006,13.68575838356311,5.367297399227956,75.3633245834173,-38.654900610802684,True
1.0379441947571166,14.025876238760498,4.9053508666419345,62.4966008154003,-35.13399981255168,True
0.9385226102469106,14.93039268418144,5.110206351171495,131.1471949934001,-50.50674224251718,True
0.9597508061898031,16.384308670009897,4.499196045902297,127.9460878062191,-50.218112052696085,True
1.0461677141488679,14.620900643063322,5.288151029577494,83.35117351981181,-40.215419082271715,True
0.9135167332239658,16.307542129360623,4.84963308894012,172.1056998326778,-58.11826565114399,True
0.9454826401305152,15.310882994385663,4.914779654076627,129.1047151642279,-50.31407628697752,True
0.9393316775053816,14.167400699624482,4.8972636148586925,97.31660843127221,-43.81611163915816,True
1.0458918896730163,14.581890174287981,4.970135143327734,73.40787208627084,-37.709187116482006,True
0.9457582082151599,15.632379209225496,4.889219376900474,135.90735062024126,-51.44320161025899,True
1.0395946416083253,15.840986944236302,4.350587819950355,81.6114273174332,-39.883307607041466,True
0.9823340536767202,15.931729993149027,5.372057456046536,154.46838143603586,-55.15700097413069,True
1.0889352741997016,15.21411156888395,4.8048904693218395,69.7097624351463,-37.204991681078624,True
1.0064163143644038,15.445780619476267,4.8877229255728905,104.00041450325898,-44.970693396505446,True
1.0533470855557658,17.25657639090034,4.942092321729843,134.4749097120088,-51.341071601377756,True
1.0230179513941702,17.407055579538344,5.1573310093036335,168.97213106077425,-57.68894069092999,True
0.9774584151968495,15.047373118777125,4.852113513952375,105.20576813685817,-45.230503705864436,True
0.999372750329834,13.231956407918725,5.319767324943144,66.26006209465451,-36.09360173743859,True
1.0004189166754394,15.129320209302309,5.562358226331095,128.42881870134158,-50.19878434311732,True
0.9769075037659807,15.115935538240484,5.490795582525035,135.10880959831061,-51.25611652349182,True
1.0443953914507573,13.73755149797297,5.075945493092522,58.306302776570774,-33.9596777130829,True
1.1255303280816962,15.124603118743117,4.827036432701462,58.446661426565456,-33.90787823177018,True
1.005792655677739,13.955176421576274,4.819031491575992,67.61814218807221,-36.20269838470289,True
1.035830560172874,15.376769661649305,4.889076527504183,91.46816027875457,-42.52763863743627,True
1.0264401745365717,15.594969533196203,4.744721392915383,94.05690759874703,-43.0995284802506,True
0.8694972817898745,15.526926573423816,5.124744823966666,194.26432110311092,-61.56109248483653,True
1.024578383075958,15.989212307980132,4.93206166950504,112.95546682636233,-46.84852929141437,True
1.0220761037687478,15.46935144570126,4.995101709282767,102.70186912859617,-44.986876721799746,True
0.9375706986511182,15.788633368151176,4.907627964297404,147.844563131442,-53.98230197809294,True
0.9105745370899238,16.291931046403057,5.135352402624505,195.47475280373422,-61.87358782298013,True
1.0213574348192713,14.558071515596536,5.076780979053231,83.96872591916164,-40.611884426838635,True
1.0822643171660573,14.85610101482536,4.8939800882314,65.79802230427526,-35.743339592254216,True
0.9815334235413503,14.644679395449288,4.955504807799576,97.15354012001818,-43.60947753755742,True
0.9834167390373855,14.254714834173745,4.955181491320207,86.53488595944667,-41.320546469857106,True
1.1154154787216986,14.701696762032,5.201225901997286,62.408882218024345,-34.78854893976985,True
1.0447994440248756,15.834948181402792,4.76657180685188,95.1493268173822,-43.00934789703837,True
0.9392867006333997,15.727151564948219,4.860386116877881,142.0752906216664,-52.84328217355835,True
0.9643497831935768,13.305747951955684,4.430009782190449,55.53353227113684,-32.77651672317614,True
1.108963905521998,16.71546004245813,4.677492682531461,89.32008552833726,-41.97170040444366,True
0.9668484050432579,15.847070082400652,4.929133364327253,134.6996369240197,-51.30232553034137,True
0.9733383010216519,15.227622792482537,4.868905959802799,111.71013944627379,-46.94678335883274,True
1.0335318342700714,13.618807006644936,4.411266991157028,44.782009791497394,-29.652530722267397,True
0.9868239939404942,13.81466918804527,5.1575204954470895,80.82531346297235,-40.0195671579332,True
1.0221712827459044,16.503017104177946,4.735826212590055,117.62210123415844,-47.89796307630118,True
1.0143938280387028,16.004492030255573,4.5139435307812485,99.34731679419657,-43.97085311006008,True
0.992742933693457,16.12864699035968,5.1093079142958375,141.36401118082125,-52.68927123011402,True
1.0604673798964224,14.867376383155548,5.250206857011249,84.49888811510606,-40.47288058576526,True
0.9362360566679131,16.306608722094946,4.268816079310773,124.86768261673441,-49.6930488371261,True
1.0058748525561383,13.630392454563923,5.204728108707652,71.21137960815228,-37.25888610577371,True
0.970988199089401,13.766604190733522,4.935284258598831,77.34017674848793,-38.71023898968342,True
1.0820986882654742,16.008667088608064,4.923291557104566,92.0868915091831,-42.52724669816337,True
0.9912772856754042,14.08238527616768,4.664040262854004,70.31916357948562,-37.21637685374625,True
1.096129984442298,14.960119719706084,4.953446953426849,66.74856066970607,-36.235871917384145,True
0.9789124684658083,13.225048866599586,4.972637868998801,63.695115904997905,-35.4552992217148,True
1.0054571808565402,12.155640505274533,5.676013056605662,45.64205323689243,-30.169909404337186,True
1.0544052401400164,13.978412215947403,5.156611212268057,62.98535413449593,-35.04880132553767,True
0.9522216851915545,14.621175065963229,4.999261575715818,108.48844289720395,-46.34149194418703,True
1.0754549499001864,14.07514482129769,5.354598515211511,63.75497447603828,-35.27485646938385,True
1.0013058502756471,15.6204646942946,5.2655227784977265,129.3229559291411,-50.24500546681534,True
1.0205780413894336,16.01089680742519,4.56379976525984,99.45497675421232,-44.08339127995817,True
1.0273010258990751,15.61008792161841,5.1984583747489355,112.77802100970375,-47.04324045484862,True
0.996197255046444,13.843455391868126,5.029306624521901,73.81045241154636,-38.2241876534309,True
0.9595100942291559,15.524745145146534,4.789876772942936,121.03153223389263,-48.88564122463479,True
1.004711577369016,13.771768476661297,4.689774723187301,60.147296179022085,-34.16672575644452,True
0.8994348394923379,16.863284812641123,4.955980107819329,213.54686194982702,-64.68771739225045,True
0.9344659927897135,15.048805076067584,4.996899947336601,129.15879603083164,-50.442618597234606,True
0.9929948645719745,14.14413054736371,5.344562846224451,92.13786363930242,-42.49607575699952,True
1.077367605235222,15.052888439889182,4.324358961845434,56.08366834791584,-33.398170413021084,True
1.075853797874104,15.168209751808536,4.622338993366285,66.64049180435221,-35.97424326336733,True
1.0489733117063342,15.707521997372549,5.058739655139312,102.51738461545582,-44.78514887742472,True
0.923047096192523,13.11196458914293,4.958435061390856,79.55418760881507,-39.337063469033865,True
1.015038141013724,14.303838263108629,5.033120639846959,78.43285286235795,-39.198294134240456,True
0.9569697361199965,15.481583364403747,4.862486196900836,126.06773633004462,-49.730697985769815,True
0.9966394951557256,15.778794563822826,5.074626207572103,126.39435414189299,-49.729809842838186,True
1.0477251644175942,18.270492357423386,4.523213416787717,140.36486753924777,-52.60046680357791,True
1.0328941126930045,16.378352429681286,5.629298778514426,156.0064913482135,-55.106814865362864,True
1.0641590093916333,14.31133177276843,5.125296923428189,66.14898023942342,-36.1977766134615,True
0.9295388934772596,16.774253372310703,5.13718567430736,200.9103790398925,-62.55273854494298,True
0.9488587096276029,15.579928863907515,4.680186459550709,122.19371243861131,-48.886140282604266,True
1.0753217377003927,16.36649358571281,4.8234107084141575,98.72330020589895,-43.90256368511784,True
1.0760892648282667,15.466756462933635,5.153374327424993,90.3928364556522,-41.998793740168736,True
0.999190840440805,16.43707779856739,4.894912863988791,133.68162672581536,-51.33759493925269,True
0.9988316198595392,16.08286197556808,5.08041551082276,134.30380568641073,-51.29745825125992,True
1.0586405221731188,15.552294159960846,4.7661598257336735,84.20412520550055,-40.82757849099464,True
1.0266065706980967,14.561666631751846,4.598565488786184,66.91619500056515,-36.285849714156576,True
1.0303168038833832,14.558455255862109,5.333253382922835,89.05346677986483,-41.633590736660416,True
0.9537592358596269,14.050040627251018,4.731074731637868,83.37090897097595,-40.38918758505772,True
1.0574680515759451,14.92561295140372,5.2729597617529675,86.98688348569304,-41.44174955061448,True
0.9900169617126561,16.10722451623836,4.748423642503201,120.86090076208427,-48.77768622507554,True
0.930382231755158,15.581033603706892,4.952438506942368,148.0299863569406,-54.09591720216747,True
0.9609327567658913,14.224908150835994,4.88389284703004,90.45598636990708,-42.24117535636403,True
0.9701459830834592,15.968120075981327,4.936941115374653,136.68501392928778,-51.941463430890934,True
1.0739007570724355,13.823959953345044,5.2273983549296155,55.386414418686975,-32.97103190148546,True
0.9651684028406272,15.332430161402375,5.489564123482862,148.81222775190648,-53.89233963531871,True
1.0192344708551173,16.394837982164322,4.942478668037353,126.06605203634734,-49.86905716170842,True
0.8944873004023806,13.823913706817198,5.036339008506986,113.39031386060425,-47.031937823742304,True
1.0468402119172808,15.170516251497176,4.919168863019901,84.73221619223489,-40.59048119747733,True
0.96042071627738,14.301371407603693,5.02598721764463,98.34179348558504,-43.993282818333,True
1.0195410811774606,16.628372760945563,4.784640626812201,124.4886163236939,-49.243611421758914,True
1.0195215895172582,17.249635971704706,4.689315526478305,135.42970576228998,-51.442585582287386,True
1.031649396482482,15.555294683415294,5.097488358806227,105.30496373071061,-45.23627938754299,True
1.0166153144731427,15.878215094928889,5.066941191623855,120.27526609097002,-48.36510249489325,True
1.0957264692501374,16.36634767223077,5.340799150834151,111.7082024782263,-46.63858211408691,True
1.0104368430150101,15.764923742089197,5.014806419791912,117.4659721800113,-48.2489596036343,True
1.1124264921468947,14.176623900134292,4.9858354719340765,47.64238593554405,-30.456626179737384,True
1.0318866406157008,14.555171570347717,5.155293447691952,83.50495972029174,-40.44793133942735,True
1.0137356600763463,14.54802887661959,5.295456245331245,93.29933363287648,-42.641178803341184,True
1.0445755143048194,13.26710076736304,4.952475215851784,46.789244623694195,-30.180752924856854,True
1.0098361171922985,15.977866556349467,4.227499688056109,87.57658801532824,-41.646491996773015,True
1.022457934917623,13.748267574979605,4.684947364956936,55.05170049358313,-32.940429326728115,True
1.017364663138493,15.828605656040304,5.321054471392284,130.47672508711074,-50.66885343325673,True
1.012375671260429,14.273129087283767,5.511655035584062,94.92900563710424,-43.3964989159415,True
1.105926049934391,14.777707482221588,5.400038192962433,71.86247515828912,-37.538005285470426,True
1.1136186518558493,15.558103530293078,4.8683562486379754,71.13851796005791,-37.49125569943474,True
1.0163515929954223,16.527547415605852,4.901484894870638,131.023782029791,-50.468363994818915,True
1.0629729483834502,15.869462039150779,5.221908808807844,107.36924224309837,-45.71757621624328,True
1.0600474505950872,14.882104736032058,5.180064797762677,81.8281931975668,-40.30221643573745,True
1.0546376468174434,14.965800690161863,4.254303864329621,58.583707443285654,-34.13799203845755,True
1.0272525762310034,13.82293491750485,5.012966517350291,63.77789568014279,-35.54159757269486,True
1.0331699553454805,15.636728781318931,4.9838354612816,102.68845223375673,-44.98944454856329,True
1.0285605520887158,14.917949498156947,4.654355408447516,76.64686494938837,-38.76153771598072,True
0.9640723328489404,14.069593705277953,4.8208261067802445,83.70543841396554,-40.562991997090535,True
0.9967343324590852,15.778232638569442,5.079198588680776,126.33443883484452,-49.74036760619476,True
0.9401601414824201,16.419255508993448,4.934703035963742,166.9457697584058,-57.26812680969977,True
1.0288221151908528,14.82165994576118,5.279602995939487,94.80756753000074,-43.32788926243889,True
1.0215586213833494,14.437521413505698,5.528158059057304,95.91567388622556,-43.20675502187968,True
1.0349661153153933,14.421797671069216,5.2835793382672485,82.28857497252609,-39.94283077486644,True
0.9612605117096586,15.40164730364251,5.134107087145783,134.5562911569058,-51.39142458856309,True
1.0482244116010624,13.807617180840955,4.955396207645245,56.438041676597294,-33.219067058793584,True
1.0235656880988502,15.075524088197321,5.23889190144656,101.76900577936892,-44.81019889916779,True
1.1116478588377463,14.593985225601237,4.813205178755079,52.22942354378463,-31.975512705238422,True
1.0403024942678478,15.50545794125899,4.835909476275789,91.04305116397708,-42.4889189567723,True
0.9701114623804904,15.58184846788448,4.630545561936941,110.6692108901835,-46.465592284871015,True
0.9324871002309673,13.877300398976544,4.5348974940175655,79.64726108250694,-39.706266433869494,True
1.0109078569750822,15.667723074328446,5.384201508618643,131.0396591229419,-50.704204442413385,True
0.9485389052894884,15.457769989110519,5.080976028416994,140.13486025243427,-52.26635691942033,True
0.9632742027380183,14.809408961450515,5.159390761359019,117.8923805784861,-48.07553066452737,True
0.951702208925796,14.56949808802072,4.962071060535554,107.2658688479191,-46.08058331494475,True
0.9709436360042049,14.575251474855321,5.566937318099128,124.80496452536822,-49.3519974847847,True
1.0728102141441014,14.828842263204685,5.527590160604261,87.07495914403084,-41.496022941776076,True
0.9516328943019062,14.068684837613352,4.994994918154793,93.69561947730061,-42.82034438262672,True
0.9787656576276087,14.315652292191599,4.991546873468581,89.76061321756472,-42.13634658943425,True
0.9284720137273125,15.204338128709507,4.933977687620269,134.27520338838627,-51.37550372614025,True
0.9146796745610941,14.428439799256768,4.665574166568289,105.9286926422222,-45.54274781967038,True
0.9860290243258106,15.878173119659657,4.87717075294981,124.01579559772783,-49.115065812066746,True
1.010374219546124,14.868710955172217,4.905448194848073,90.16720559327304,-41.93258472863169,True
0.9424822818006289,14.525111311942593,4.334895593113235,83.26219547196581,-40.37926441463102,True
0.924028267410806,15.331513126964499,4.316516425162938,108.52897406450101,-46.035129987595944,True
0.9064333796430449,14.594070581314622,4.980728520173026,129.05482418857844,-50.46077961771551,True
1.0072719294007872,14.220285917969974,5.249726195524932,85.43284216577727,-41.14997633014601,True
1.046746991272432,14.662057423326152,4.768914983932385,69.04112313165062,-36.7511512554971,True
0.9285853887774624,12.957604164329332,5.52490891438666,90.7881640602166,-42.23656096858496,True
0.9676122309829103,13.029189731318786,4.915634361913193,61.46942716228855,-34.8802611250492,True
1.054113692345703,14.079683125238818,4.745868588463145,54.48335373640535,-32.69276128380362,True
0.9893225236071558,13.806323118898783,4.572843133115218,62.39147976729911,-34.886478161586034,True
0.994980670596663,15.650096647693072,5.029263535337527,121.0153092514141,-48.58881815289835,True
1.0190152716021352,16.259843903904788,4.39691685915628,96.77681088953078,-43.587716404114396,True
0.9778415959170176,15.324794881803696,4.775069121825347,107.88760463353665,-45.92759864767075,True
0.9611148308317421,13.10329633586708,5.013391642981041,67.75805475203909,-36.608654499546894,True
1.0153669388032767,13.590229513122392,4.5807707649237015,51.602120892139986,-31.626070215813893,True
0.9309372645225202,15.350163783533747,4.843199911858628,132.03401701617867,-50.99216660588192,True
0.9193892695567869,14.828313989207217,5.007428672533538,132.4609608892352,-50.98638174323525,True
0.9653978316063607,13.143415791603193,4.63474595575096,57.08382893800506,-33.32104121975786,True
1.0356028402079942,14.142674674822928,5.195257699407025,72.39700028703878,-37.87737831631597,True
1.0581232840371042,13.925194213343003,5.282525483670168,63.12651550227691,-35.21753843524541,True
0.9762546657688177,16.4570208082854,4.696797212584143,133.75735829089618,-51.24367540770368,True
1.0415145535621086,15.705277056327148,4.939891741404998,99.23153893349928,-44.05862350805836,True
1.0690851798047976,14.712511980077963,4.96264700281115,69.2984576216623,-36.6486143377542,True
1.001887644045061,15.228741309659684,5.104061320421092,110.75536345833603,-46.797247507715525,True
1.0318212165365066,15.145794265234258,4.910710281196127,89.25220088337217,-41.62693416497534,True
1.0933280827929985,15.079183298556806,4.783298635593509,64.49334020402416,-35.33188954820254,True
0.9647605446803227,16.826640963704534,4.6829814070925195,149.85622308547852,-54.38507085718194,True
0.9879186381621131,16.40878022949869,5.2509443518467425,161.6923681282366,-56.17694179790717,True
1.0800255170099575,16.524901519776694,4.826328756260194,100.71867031159758,-44.49370479386452,True
0.9529886035764643,15.33078800899772,4.76705285002907,118.58444905028261,-48.350096063875306,True
1.0077759969529858,14.662186998542941,5.314139725353984,100.58801804798523,-44.29706322895519,True
0.9685857922371133,13.759336463015412,5.043384937619351,81.1658221667084,-40.09575059026908,True
1.068185266079703,14.004691663854492,4.693300180724309,48.72586935360324,-31.08405557869986,True
0.9407600769020328,16.01410164512101,4.9414455706628315,153.3301623295876,-55.040555355805246,True
0.9966428061347173,13.725737723925837,4.709071976212575,62.75027162305772,-35.13562869231221,True
0.9476519075558859,14.820496415503813,4.645799821034602,100.47044503871908,-44.50732450221193,True
0.9266721142253498,13.614800843752578,4.836416281042876,85.99885002821806,-41.06759793232616,True
0.9050948417074669,14.902671294873722,4.938548987003124,136.85332199594032,-51.91269282120673,True
0.9917665670176558,13.93862924535387,4.814807248292502,71.51679918995843,-37.293927957787055,True
1.0241825509364437,15.66398876945307,5.1625203049725465,115.59699566478326,-47.50998494755051,True
1.0009160249475477,14.756058108291167,5.1953817348565146,100.22203026427961,-44.49222148052064,True
1.011730415468362,14.19103928895219,4.787617657280421,69.45445054834909,-37.14928758696113,True
0.9782798505750372,14.043669641438665,4.9473130473697795,81.49205074231324,-39.793410370039325,True
1.0492189320011236,15.133801606526207,4.858739114001827,81.44159041928701,-40.17601771323833,True
1.0363899441332383,15.050712122553717,4.70316569451515,78.69840971471788,-39.41982049145854,True
1.0062763184211905,14.447749403862215,5.047187599280888,84.87145724004182,-40.799436651537775,True
1.0102717810098492,14.68183149733868,4.435965902128952,69.27080783978927,-36.86362463453123,True
0.9767111422792695,14.50715475367125,4.712234566068182,86.14049766762578,-41.28193798591129,True
1.0972713550668947,12.821110300200434,4.6510151913081925,24.66100484252,-22.091165165110098,True
1.040410472877622,14.961037998308917,4.728946593806089,75.57339327921117,-38.624294939301926,True
0.9948595437596949,13.444192063798887,4.67425210439952,56.35392788187286,-33.11430536197026,True
0.9913687138200368,14.112603672605369,4.515150851485768,66.4751715928227,-36.27159273728218,True
0.9805147810095508,15.320850476500343,4.912489801994046,113.48104481858168,-47.24170003359598,True
0.9850664652715913,14.760399014247,4.888651518115919,94.88074177639082,-43.31658870121574,True
1.0123199564566971,16.52802567387474,4.996936840533777,135.5793326510677,-51.781603836726525,True
0.9146664517085172,14.20271426733806,5.0707112513302,117.70272061143012,-47.84796233277282,True
0.9875446340454243,14.588810563635924,5.121705136904564,99.1086375510629,-44.09252162479557,True
0.9934452412913753,15.162254161194756,4.758642214052639,97.72262684167633,-43.97048485878298,True
0.9995844318873474,14.962842913322113,5.018504688510974,100.38173457985872,-44.57872892695024,True
1.0087306118767105,16.047653719205734,4.921407189702136,121.17142299531935,-48.78163549633885,True
1.0015940552233322,15.640114892434895,4.9676951074425135,115.50873959135853,-47.49188317966054,True
1.0202549788834463,16.38819319924172,4.862775650810087,122.91465082372436,-49.312580569735495,True
0.9932516222262523,13.384264948087523,4.759318611187377,57.99987188652856,-33.90953667388542,True
1.049400170056377,15.786267267918054,4.926435826597056,98.31501518707402,-43.746987218220795,True
1.0328915577621895,14.01864664479127,4.85715363263916,62.49008394528802,-35.02954995484673,True
1.1122969004459309,15.444602553174729,5.089803345638921,75.01983117415682,-38.56634894670445,True
1.035087002063277,14.756189009078104,5.283538636463272,90.74459156031207,-42.163257820628175,True
0.9627417400418039,14.311297086199717,4.717843941119404,86.41594206648723,-41.22455373614849,True
0.992160779680766,16.173977446635757,4.838817653488738,126.87874436261382,-49.93791250219221,True
0.9746346283989913,13.322573199738992,5.6956099209449595,87.36015293936116,-41.276489568598805,True
1.0003982674483423,16.812894343701593,4.453777265556471,121.35690166743119,-48.95909558585727,True
1.0548931582907775,15.631164679237127,4.516908758782533,78.30111072502109,-39.017644407604124,True
0.9838074531065829,15.169096770542412,5.315953111983848,126.16288476102939,-49.9446026502557,True
0.9715742941144211,14.851408029713143,5.573975880245207,133.79373802320941,-51.24834168384645,True
1.0258143671216384,14.629397265112178,5.4357944202455375,96.10535862409942,-43.42967622613473,True
0.9592369364275458,15.468497051892388,5.094221132564922,135.02155841163577,-51.66473889928995,True
0.9562836946356039,13.606248145935007,4.870679513639823,76.9314236892684,-38.68205108250946,True
1.0190987275382952,11.92682270203381,4.917682660747545,27.673157231604392,-23.491642831419036,True
0.910422435845561,15.085702765473423,5.120307175937758,151.42087863908083,-54.45698300998669,True
0.975863904131048,14.254103039138617,5.280555492211014,100.31109555842444,-44.22875204623455,True
1.042791841101346,14.083970126379306,5.160989289340394,68.79887659016981,-36.6976827125312,True
0.9083199569043359,13.42438919855623,4.395552744100339,72.47372264493457,-37.48530844182271,True
0.9119571294335767,16.20422664854426,4.647041266624367,155.8502227596406,-55.20638151481293,True
0.9283006607400763,16.8206134252417,5.083357015313112,199.61400182349175,-62.58706882567382,True
0.863441428333099,14.948273456515427,4.584785213578627,140.08311623808885,-52.3072997874525,True
1.0948332982073887,14.844344690381023,4.428694597493672,51.29764502198826,-31.878482272914415,True
1.0060242131756545,15.423144306456903,5.262270841214888,121.17925325588607,-48.729321643397995,True
0.9664772213499829,15.363390208865852,5.077334000064834,128.26169035318105,-50.38298421778494,True
0.9354922570745354,14.479786206606914,5.464581961577592,135.2718075982782,-51.71910631252687,True
1.110060703353399,16.21296543857874,5.291448437252122,100.27858103481734,-44.23497492156608,True
1.0327509473123258,16.1323566739705,4.813194958341827,108.82581023698587,-46.3738046722668,True
0.9935806732563144,15.74290874163077,5.0740027039998115,126.75967992088704,-49.66543525623135,True
1.0609759586389342,16.7781189113526,4.762542317283039,111.49623333459223,-46.71850078223618,True
1.0194380012811755,15.774286117594604,4.516024828786191,92.4725494170213,-42.41052052713851,True
0.9749010210230992,14.343796474301469,5.358651922518185,107.21661485188807,-45.6268693298813,True
0.9696793829353507,15.079067263087579,4.9417069052452804,111.48482388110536,-46.63067777923263,True
0.9704800435608701,15.939934222710018,5.404351816826801,164.48196909389475,-56.65387592282884,True
0.9491988520381437,13.948455705663513,5.032573067311632,93.30976186507895,-43.01986398711307,True
1.055578772095227,14.727214397482758,5.083410961696675,76.6061582840305,-38.71786597163377,True
0.9741009347499895,13.41682276290974,5.17303447511482,75.23821817354087,-38.24956758231941,True
1.0676592338090367,17.011538156116135,4.9449024751669715,121.85081511045414,-48.65922250262087,True
0.9585656888227561,15.407233366574525,4.9287533285021565,125.7240934781788,-49.4390808003223,True
0.970049003176369,15.59634399628412,5.072677916296119,133.59730380029137,-51.41874612870528,True
0.9773792781109001,13.49149063734855,5.373802749130782,81.93458784585286,-40.23679736495327,True
0.9550461799737361,16.112007876880295,5.151457945843109,164.15957087553284,-56.97143741098285,True
0.9706786200777179,15.311048786272094,5.005136146822846,122.27244925724258,-48.85456709692092,True
1.0275287901642474,13.201604728630587,4.876782239837506,47.766905594600566,-30.73070613972317,True
1.0600996473495905,15.456767963090313,4.964542831051235,88.63181534126636,-41.874570489082984,True
1.0149532904848986,14.02217463800044,4.740910936900791,63.64107241722813,-35.41896571692372,True
0.9404658820840734,15.056527519176013,4.705318392225593,114.14021549980636,-47.560173055591406,True
0.9700248590217944,15.75276540375042,4.92869002506729,130.39770102226245,-50.57773666276091,True
0.9710689882838801,15.194913512033905,5.001797901327457,118.73299993673757,-48.50954505644367,True
1.0850252889397296,13.155868668975106,5.218159077232434,39.43326465428686,-27.5770546352502,True
1.0492777648530554,15.26451270529411,4.661241926982459,77.60102316848176,-39.04560309870666,True
1.0607105369055736,15.852235547050626,5.003175037429394,99.75101695815869,-44.210147192590526,True
0.9645524401520519,14.799645572335626,5.128072067495138,114.77514638301383,-47.52978702127018,True
0.9363273561182337,15.515756767373212,4.705603669292944,128.8386626223978,-50.28987829692068,True
1.028668865536739,15.532583928884241,4.86199962391453,97.74598730809484,-43.731504963922184,True
0.9769893798565814,12.9787710581097,5.227822356049065,64.84291484575223,-35.714113367610636,True
1.0145792899119421,16.25035002964183,4.982268026313212,126.67656965767908,-49.89832032463802,True
1.020623409507243,14.440361204226317,4.394916626143328,60.57201074009827,-34.374794366036824,True
0.9802443779797506,14.275515367169092,5.23225608089008,97.2458338333535,-43.71559051779544,True
1.0502055428000325,14.305065260911626,5.026687923399432,67.48013947383505,-36.179913450258894,True
0.9269800220365264,16.230462202543574,4.518211997281321,142.24134226487354,-52.76920217694464,True
1.0054698235742476,16.473691441943558,4.736630529900311,123.86661134514603,-49.21515110898267,True
1.0339245076356203,15.472388199057036,4.962111046020226,98.29418658098176,-43.877412374442585,True
1.0851133186475561,14.518930202806864,5.093710041586272,63.3272708853409,-35.25696420670267,True
1.0067407200950858,17.909119638596728,5.308573366887234,207.07406150851136,-63.7497395023387,True
1.0628714388662872,14.982072777039322,4.729587859222536,69.47605789050405,-37.03072856393169,True
1.0595880060573482,14.347420667584503,4.8645948501571645,61.81893172966986,-34.69422965787984,True
1.1168400759251487,16.024670479141395,5.265097546913246,93.22635758846046,-42.6554180315199,True
1.01618673466979,14.878892406130642,5.3134794935053495,103.212735635442,-44.781398936709046,True
1.10260397591685,17.0905045195556,4.902998279593104,110.14903202077538,-46.38985850078963,True
1.0405032563127679,14.153662003790691,4.840171592954544,61.85585104389565,-35.06986603630336,True
0.9232931168375724,14.819215497169633,5.149967731730948,135.4012536881764,-51.73748654902961,True
1.0014367638343,16.53280800189115,4.37862538114783,109.13129095558472,-46.06101130036656,True
0.9541724220098377,15.488135079993338,4.995947955077246,132.82937695783573,-51.2749563709375,True
1.0765128348064508,14.703683569724406,4.991926854320681,66.98345218814386,-36.183382192593584,True
1.0084288742414627,14.077429634426045,4.8596366062791665,70.89462914613307,-37.054653779860125,True
0.9340222609567478,13.864041444311267,5.141483845480368,100.99829713582861,-44.71012555080217,True
1.0441385653397073,13.70526752336491,5.327562114182262,63.49685298009241,-35.23388822664617,True
1.0660774852578443,15.971795288092691,4.707214067985988,89.1050476572213,-41.651291294444654,True
0.9798413167327924,15.785622265893211,4.781605475378306,119.1973807357176,-48.23814507110176,True
0.9776479956768891,15.521072149324873,5.199832136429225,132.72505084729485,-50.8611586528249,True
1.0100833987227893,13.894975604828826,4.564308424944833,58.54695763234773,-33.840177812611365,True
0.9094660241416938,14.708937534668102,4.840272587171456,123.38297545104483,-49.09018460341533,True
1.0354859785270796,15.32612868526037,5.650482981535545,122.32585367940774,-49.050846518880725,True
1.0845655831191663,16.260691081461836,5.056740257886137,103.01378619873456,-45.180643789715866,True
0.9674653228243448,15.36101506345107,4.9148366999317465,120.31501541207584,-48.4454431689953,True
1.092152958405595,15.131909771255543,4.482697677353851,57.846456063221396,-33.789962166491826,True
1.049741233850718,14.071722655229848,4.277984833770376,45.417618586506215,-29.667739976776904,True
0.996148856903878,15.901676841457558,5.31897124505084,143.29423713341123,-52.91813022588237,True
1.0317417886660807,14.7216661606143,4.650970692058859,71.63259484465416,-37.4133726604125,True
1.0798844294327434,13.590255895576751,5.013645642464646,45.395506517124524,-29.641169236171038,True
1.0070909072687606,14.11545278440126,5.382315810002643,87.62008022432963,-41.542742741426935,True
1.019628567004197,15.683545833818139,4.8505889306511,104.87906865718395,-45.29302992207002,True
0.9732261463702578,15.716051888526898,4.8621014507903855,125.25994219828307,-49.38380583141631,True
0.9940061785675892,12.318953892129109,5.2088287617011595,44.97752154249847,-29.602007114375418,True
1.035040004660057,14.908464230493257,5.406457878133387,100.170507496299,-44.12452688749074,True
0.9909824449130792,13.707429669044132,5.2540728872491105,79.65608650248865,-39.50454165751531,True
0.974828111862781,15.395774814573949,5.441099575371544,143.06032822356235,-52.737892029163206,True
1.0575493264201898,15.588480313397843,4.3077400298241075,70.09091156424547,-36.923164008219466,True
1.0241251723175269,13.926002154753803,5.126408509164063,69.63162162278033,-36.899561181806554,True
0.9759943452065514,15.009881290359578,5.38524126481627,127.29454309132458,-49.87854448635068,True
1.087640148754724,15.836098199200284,5.135091009570873,93.49387812020862,-42.735727104909195,True
1.1056808317886462,16.02364721253009,4.9568230182505255,86.4622086174198,-41.33545464258055,True
1.0507300107640523,14.154637795619779,4.6324939359643995,54.35795679118336,-32.515726718226375,True
0.9402671678477711,16.078966695645438,4.779929082433535,146.4034436100876,-53.786467596638005,True
1.0203517605879107,15.257923454378082,5.449876942820037,116.44258878364859,-47.99492611006275,True
1.0294310219695801,14.506523651284214,4.989140891316888,76.88614288931132,-38.92256034453236,True
0.9207518519147373,14.909443558830873,4.81093154312205,123.91129090216634,-49.48598376747027,True
1.059603495201168,15.800215591244063,4.534689164739212,80.2695497214398,-39.57244092012048,True
1.0104579961267732,15.783096647259718,5.139769200087658,122.6723076318421,-49.05031113717104,True
1.056128723617264,15.907531668003182,4.758330791299496,92.90034213776758,-42.47885082657938,True
0.9847232475401287,14.327477535726146,4.990380386319931,87.87495537399494,-41.53774763979797,True
1.0242110342987425,15.224229136658911,5.517673719863737,117.95188926884816,-47.97586915595606,True
1.026595493686039,14.760173268284008,5.239024426199921,92.26210254946406,-42.72710840604671,True
1.0094293881779968,15.212023904231708,5.39289722648521,117.81017929632094,-48.11441178541325,True
1.0245691649114614,14.493032526079064,5.043118820879041,79.71780816936199,-39.41827722750274,True
0.9931446038477413,16.58741122674906,5.2138805369011445,161.7078794768736,-56.52197547986126,True
0.9408480786683242,14.981902907510973,5.398977013909398,144.69617505276685,-53.31332920942105,True
0.8979156380701362,14.860967079531942,4.751326528327288,131.00552917152828,-50.54002349400378,True
0.9691325417850345,15.444199942575741,4.988957879453976,124.39943610195387,-49.320964692985946,True
1.0395406791605473,16.109028052350606,4.793254320031377,103.47904446824145,-45.29978850855234,True
0.9480578454782622,15.045177983514222,4.817389193179916,115.28833688243932,-47.620057984733435,True
1.0530402602442723,14.687685013867235,4.955599379887326,73.5425280020028,-38.17057232389131,True
1.0695592913091327,15.89016783571141,4.713894494466858,86.22434725282649,-41.26446932232784,True
1.0236359194816589,16.7415958472178,4.888914141175956,130.99832016893671,-50.823854555644196,True
0.99170220198354,16.42082774586661,5.20579726963076,156.97441800365337,-55.314321119415396,True
1.051235412544338,14.016008097143896,4.97105651426698,59.85106396068173,-34.37854059399262,True
1.057850907293784,15.772907412320203,4.767274137036309,89.30462561861604,-41.73591012951467,True
0.9887446479639127,14.929892610328451,5.235893412078325,112.21383872192048,-46.78430482166592,True
1.0042406334582186,16.273756511399615,4.725097426201509,119.1747424840033,-48.59407477357733,True
0.9593251924627201,16.83336644065036,4.668657101922529,152.8564154773237,-54.868672349411675,True
1.0143100318304168,12.626489787415643,5.360285930312767,48.81330360381818,-30.878891352378925,True
0.8966521330857733,15.013535826552078,5.253607329515928,166.22536776921297,-56.935344271495914,True
0.9853731882376746,14.543421375721893,4.897958664627963,89.39592774814707,-41.96591568565542,True
0.9573386959306758,14.289202549221574,5.568665353379612,122.0555187155392,-48.84960371780972,True
0.9955958455332932,14.0769365558418,4.830358463733494,73.38871837097842,-37.86334211626849,True
0.9602397528023536,14.553120909342447,5.204621074032207,113.81772221342365,-47.47199141574112,True
0.9043460996530552,14.710562870442443,4.5258680354760585,110.82084385800108,-46.65033926514264,True
0.9673054743974201,14.649292182675833,4.695469854140062,90.95861956427721,-42.126668616390404,True
0.9762163618471936,12.977970847633138,5.308704020070967,67.57200987897984,-36.29577502630876,True
1.0532614857352494,15.128044296324626,5.4261994158737,99.00468428198356,-43.855893470098366,True
0.967946335568674,16.055336018315085,4.954961619249462,143.2353132801206,-52.9334475681806,True
0.9576237661907694,14.442166628988824,5.683896927659259,131.64662866006017,-50.88635592235265,True
0.9404053836544736,13.358224026246694,5.392708113910451,92.78332546055472,-42.485846251599064,True
1.0571274690652381,15.09531556169128,4.791104055750914,74.95089673039585,-38.387110004285084,True
0.9888491752576717,16.060701877695838,4.8865411943011,127.84059747721449,-49.90712379256128,True
1.0136163767264754,15.15699062425506,4.584140279836406,82.94995934325036,-40.10545304904754,True
0.9228107135793087,14.272909472686194,4.867187065379415,107.0716981973561,-45.85678233225473,True
0.912257890231388,13.950769304898298,5.071766083555502,111.14923083510047,-46.59488371703214,True
0.9549062136605352,15.706001853120053,5.012092624532967,141.91035511953916,-52.807663005119416,True
1.0811611827356937,14.768034656582469,5.009243776063872,68.34856895137892,-36.47742912191581,True
0.9454296227977383,14.480886658633878,5.299201486252417,120.76002436045331,-48.80385122480826,True
0.9686941530266759,14.392775375994992,5.049992545330563,97.48890054125035,-43.6685293056372,True
1.000645627911441,15.219957496671416,5.205505445215382,115.3891426393771,-47.67677861102233,True
0.9687421237273637,15.11694079836275,5.134002988932574,122.23871297955027,-49.12773875365171,True
1.0239231950162242,15.054309367734799,5.086067779715926,95.36274290638113,-43.22735854061455,True
0.9584460925509763,14.035153780552156,5.276491164532069,101.34145572861581,-44.523129245760025,True
0.9449494136996794,13.974649023457708,5.240616200309403,103.43927947537495,-44.983904815966966,True
1.1358913188634585,14.349309250372334,4.662100331347802,40.146968197534015,-27.935579007373462,True
0.9531619741539207,15.290112201119971,5.545673346627749,156.9384663125583,-55.66738233133989,True
1.0397580999669307,15.549517118807925,5.03613917283133,100.01150499467772,-44.159566991324695,True
0.9528881212926374,16.466601667477832,4.714788448358329,148.46408475791392,-53.78503587368093,True
0.9229526483420553,14.16331743582179,4.980500788402649,108.24504456518703,-45.896700551138586,True
0.9954870519608718,15.725554057077876,5.07825281472819,125.37691890271469,-49.4185935854247,True
0.9329547615287133,13.280235095537817,5.176335952115823,86.80240543122267,-41.24759534391417,True
0.9803427314250859,15.350170133888827,5.288175010576328,131.0988351325455,-50.919296543768965,True
0.960207723623497,13.487590759253624,5.230387386402285,83.6014707851281,-40.54219473772896,True
1.0625925610223947,13.774566075500925,5.551492255408886,65.33341877523362,-35.806758191205816,True
0.9229030580485227,15.752983435583964,5.031721710068302,161.05364145271648,-56.04681736756528,True
1.0337943121205788,15.152877480782177,4.952318698551216,90.53933623101426,-41.97981935054989,True
1.0142553054499257,14.682997411231439,4.5597700871312306,72.8619007184519,-37.884008219340366,True
0.9885457857887385,13.6060018975839,5.290997995662672,77.91101691884505,-38.88663520024189,True
0.9620922249011873,15.369108187392108,5.182865260972967,135.72461923355277,-51.819203109182446,True
1.0086138425471063,15.086556766436749,4.830309175756075,92.31435393504327,-42.72259011413267,True
1.0112643359812548,15.723414765677541,5.072860637004791,118.28095960009729,-48.23380369229004,True
1.019687392922547,13.263368994521443,4.9969418176267935,52.994893414766864,-32.08255311157172,True
0.9865432826321817,15.62011717289408,5.052543723368896,126.42855631739242,-49.72378302777221,True
0.9427488538320316,14.457778647720072,4.917727903952564,105.83242189679689,-45.73194344822916,True
1.0439232111367385,15.291115276173112,5.033921309999574,92.10979789354982,-42.27741542129006,True
0.9998278673036998,14.937284348040277,4.544327635357951,80.87072801815526,-39.93365526491286,True
0.969355906884016,14.148740968478192,4.878277008371803,85.48934527543237,-40.80398802581713,True
0.9499200779057326,14.588097531383443,5.092396261861889,112.93689151486832,-47.24636101108415,True
1.046123371087164,14.122941499432784,4.788461580382354,58.50490029845219,-33.789233657171124,True
1.0692179070823895,14.474766542061952,5.116709457341599,68.22016514927026,-36.719271395764814,True
1.0287669320547719,14.090914654030065,5.6195646881632255,86.62313722887588,-41.31353223190576,True
1.032122452543303,15.40157282534326,4.653616572155734,85.88991310705187,-41.208999872868716,True
1.058619195954869,14.140122439502212,4.450182876706167,48.9040147518124,-31.125880064048463,True
0.9819070853299139,15.557770047131093,5.361775537696694,142.10580157444264,-52.76101218681443,True
1.106705051361613,18.265758290671734,5.627919761596751,179.7766743941712,-59.29433591131764,True
0.9470215303580258,14.743097531243304,5.111374231485526,121.1758998040437,-48.827026820706436,True
0.987831788806815,13.41797297487127,5.001885856967446,66.62149099286066,-36.37155258587404,True
0.9614221271790864,17.104034477365413,4.806372806161194,170.21325085702472,-57.92381088865742,True
1.0031794125730025,15.349001879152144,5.1617696444141465,115.77564528822589,-47.47765017407676,True
1.0865456175307648,14.86984254182783,4.995373208389206,67.5832164173105,-36.53985666652283,True
0.9880797428427207,14.625515743820703,5.254816350779367,105.79028506496657,-45.64611782817528,True
1.021079236162778,13.948825612576547,4.486155132618951,54.29804254405432,-32.702107442471025,True
0.8545928560492559,14.661434264547106,5.09811477691587,167.07816733721683,-57.20166590788749,True
1.0213845282219358,14.220100303325758,4.749750770765102,65.84248651464779,-35.892709996632725,True
1.049923560071939,14.22932078189592,5.284196124972496,72.62476251927312,-37.55208020978117,True
1.0061470713793688,15.585889010126571,4.656498580096065,99.07847926838782,-43.93286615401224,True
0.9466850228625713,15.971281194221236,5.188870953185971,164.17101339527488,-56.9696283169525,True
0.9399767498047125,14.774249855347762,4.825364117408954,111.32714399036281,-46.88477215133403,True
0.9722730938373003,15.502013983599577,4.869562138870979,119.68849544568019,-48.42293747589496,True
0.9395580602982713,17.095594911396528,5.254898292270007,218.44431187495917,-65.42960461673029,True
1.0787997875696558,14.159338337582636,4.761094090432657,51.09823195167558,-31.666094546167606,True
1.0233750259484178,13.366167834847909,4.549721685940726,44.80341155041938,-29.844043013047568,True
1.0722340984759295,15.832791612418301,5.021798354719914,95.12602359127666,-43.15083851151439,True
0.9855449425822747,14.266224071679568,4.801670725066081,80.96918920587099,-39.66598121981664,True
0.961774368552318,14.472613674021138,4.588846996746725,85.00573050746121,-40.65199884660499,True
0.9648535715307476,15.12304229345322,5.105023429398361,124.2487759713852,-49.26178743869287,True
0.9768898143329722,16.23913259886587,5.086989370390544,150.14844695227742,-54.03266922596251,True
0.9752826477213232,15.131031672015004,5.035056871744965,115.04008118807745,-47.71022822237109,True
1.0610895878608562,12.8804983551247,5.152307076983112,38.965032500277886,-27.62003398685548,True
1.0456823133858084,15.35823359560858,4.401497567732485,72.30267559717859,-37.646584135465496,True
1.013543879626612,15.231551644371837,4.771077840544133,92.08602506755886,-42.6425326497369,True
0.9170131409553514,14.139766230029409,5.08326348302221,114.66539885916153,-47.41970568782434,True
1.0147527765094608,13.297735314923983,5.310817340527283,62.98088986642528,-35.34891238956739,True
0.9844601725225872,14.617770115701807,5.071972761633513,99.18351630984323,-43.95458138940225,True
1.070311755197109,12.696921823912488,5.350489638907434,36.19629036126708,-26.6832410820217,True
1.0447715972863807,13.213254270582544,4.796826231550646,42.136473531707686,-28.565271912130445,True
1.0071081400652593,13.649003108110655,4.815639623960445,60.81228365277153,-34.331556127262466,True
0.8951152817361622,13.747391091225838,4.888491219131074,104.28019351589283,-45.40764717399177,True
0.9931952226566964,15.879166203086664,4.9751963646265525,125.85782013558917,-49.55219642033968,True
0.9673347656584808,14.849187844288746,4.4674790750279545,87.78468489677226,-41.284712587063396,True
1.020267048198908,15.348545179450948,4.993688214725405,100.32554047810345,-44.46372647766116,True
0.9428938923792403,15.208093287327436,4.989712660320941,129.87416247475798,-50.31766375986755,True
1.013117123957826,13.461321371660947,4.816116133084244,55.3916208679973,-33.167386537832016,True
0.8890918660635505,14.43633499954201,4.7693622840624155,122.55120027274086,-49.10108818592923,True
0.9307191954506114,14.771770833943513,5.0814504513843906,127.53388956429535,-50.01961099313617,True
0.9560072517687231,14.867015649201432,5.1767590390089016,123.04799384736643,-49.11650109380152,True
0.9726908597104864,15.479017830857462,5.043323597735712,126.25377593031617,-49.61879629551923,True
1.0194457929384289,15.925076507788622,5.0427923311286555,117.99982389658807,-48.15189565516578,True
0.9172474094903116,15.369821816728349,4.989032328529759,148.3175576936684,-54.048187519723015,True
0.9679412084443859,16.761665306636463,5.004587468290861,168.9719018071645,-57.73805049888047,True
0.9692130318767965,15.438519695875536,5.204203019204234,136.92751302387535,-51.751154572224486,True
1.0343999426292751,14.465555794537236,5.486389474642826,90.00893092539526,-41.78630425115364,True
0.9904137538100195,16.28407745587045,5.447831676920114,165.07137657562214,-57.052281003808936,True
0.9516311761126914,13.780435743699044,4.6748913628271325,76.1553699431156,-38.868968318444686,True
0.9460585059215597,15.534111827827736,4.366689144893838,107.09638632612402,-45.96328525099052,True
0.9723610873797583,14.849855769556063,5.159126012659319,114.96206310996115,-47.625328655714824,True
0.9175791571459779,14.14183350450615,5.0064061700063265,112.22979199642648,-46.75583018584694,True
1.0812937577427335,15.209289325321615,4.981953114606552,76.27927137969628,-38.56187243215055,True
0.9997820784529977,14.714519921905366,5.114276710110232,97.64504550520518,-43.88570475627084,True
0.954322595802147,13.154253463305475,4.926681591178038,68.40733438626495,-36.73687013638558,True
0.9472767588070191,15.184198662966313,4.514128170523621,105.19430104358942,-45.27711144784667,True
0.9396341020659688,13.967812811265562,4.657444279283714,84.60906514388333,-40.986740284003496,True
1.0185589077073764,15.122483673188208,4.675793361301127,84.20014102077664,-40.58187884381642,True
0.917331145229919,14.872843436733131,5.2000010554229075,145.84495516182662,-53.692371047631894,True
0.9911004677456696,15.43052781540282,5.565722010332746,143.31796007082977,-53.096121799040304,True
1.028681239359219,12.727577594628473,4.859055024576286,38.80529139850904,-27.66370700711171,True
0.9707020867668077,14.009101158462299,5.7803785680206206,114.37072668765467,-47.258326366639125,True
0.9494064466382207,15.10744540787201,4.431075797953483,98.01248416940055,-43.966303166119886,True
1.0418849186268244,17.882997455604137,4.84768206648964,151.33543074378238,-54.58470566218466,True
0.9434032983576546,15.138822891478748,5.054987437164867,132.68418416292272,-51.085636941485205,True
0.9861155790211419,14.559966319183808,4.234403639943536,67.35305923933929,-36.32988017897901,True
1.0057610136443567,15.873128573760178,5.456634610705255,145.32159351016713,-53.48086115058972,True
0.9697935159372992,14.410927300741564,4.792417041232347,88.12194436440583,-41.488011412429564,True
0.9400807603280521,15.432596027396096,5.010102306132652,140.96549491357743,-52.47596303973483,True
0.972074515477975,15.051995636975896,5.134458783203143,118.77943529764136,-48.27581345988442,True
1.0170162859130765,16.071997718238897,4.522688595333156,99.93767623319452,-44.34445025085256,True
0.9635724487095338,15.661622412370804,5.729702929746978,176.49492330732173,-59.08669574325982,True
1.022748114002431,14.52083397356796,5.040106512559794,80.97833802554871,-39.644309786344024,True
0.9872385975509645,13.497938587327289,4.897824710494493,64.62755687683499,-35.519652713866314,True
0.9697470693140026,13.930799431154218,4.666697232809879,73.68120724916727,-37.9401448068139,True
0.9637290132551728,15.296400447573657,5.061418161628356,127.55567920169568,-50.01580494293522,True
1.0116032873559635,14.948215114248665,4.52722114020035,77.44268155987434,-39.204259443505606,True
1.0563473339891234,15.027283108016105,5.041764127450464,81.65325814393458,-39.994201428346955,True
1.006092242029311,15.25415734346824,5.419001828195393,122.84404611507304,-49.312755067531015,True
0.9517621742491708,14.181147839630516,5.3495701399585345,110.63984933572681,-46.83461021362811,True
1.0546585870899705,14.89553822635921,4.833336243091113,73.04350219912234,-37.93921380239071,True
0.9557382691598647,14.989999645349767,4.916497950501329,115.06224820907347,-47.44066087906906,True
1.0864459969550184,13.56228609490603,5.1624192007263385,45.99222140930491,-30.244535053588883,True
0.9919572266553418,14.388267471047827,5.354607378385381,101.2148545339797,-44.78889250540668,True
0.9560791205436341,15.391427518626354,5.459899286183714,156.08679073059318,-55.174820202295834,True
1.0279376561530238,15.698974672819784,5.488855365287984,128.62173626075534,-50.39933712261706,True
0.9844282771772658,14.192220469132545,4.720110381286627,76.37694076892235,-38.940110702408184,True
1.0221426703966927,15.49942866097447,5.225941005060229,114.04724127787375,-47.430260676750216,True
1.0046001519519212,14.385552802491256,4.584972641679174,69.64846339757705,-37.134471548570176,True
0.9310412212950333,14.120914684910566,4.861029560674249,99.42732965991678,-44.383686895625985,True
0.9964963144812476,16.910180342774378,4.647716620978914,133.89821842314527,-51.07368975032535,True
1.0250704210826176,14.58493359228216,4.654024691933917,70.7802628362231,-37.11333791369319,True
1.0056256773333963,13.525152582193801,5.072591850014923,64.89311762063379,-35.884100537709905,True
1.0627920173194663,14.561964891785838,4.792436207564306,62.61686031324091,-35.27525773104261,True
1.0155939042726094,14.733743882611614,5.085984957360923,90.34630139779534,-42.26017308587029,True
0.987904710429943,15.912723381377127,4.637379542207434,111.7938413828472,-46.74389785229295,True
1.0105127102662774,14.641009716697106,5.145211747747887,91.63801627077582,-42.612724500836464,True
0.9753779214521845,15.378397659325254,4.870948005228915,114.93218186517508,-47.33063928752529,True
1.0180247478661957,16.062794797131268,4.912487838463036,117.60875588536533,-47.9554534753881,True
1.0179559656485813,14.41655530741704,4.6098708529315005,67.9311794939202,-36.65999897865454,True
0.9380619204104583,15.290914321021585,5.305692599681306,154.34653251844193,-55.03711975508993,True
1.0386298329392691,14.937040910295961,5.042146238073709,85.45723318954417,-41.16949322662364,True
1.1116734526194396,15.225246645102263,5.161937878118118,73.34754060329142,-38.163389710525934,True
1.0272999508561849,15.100926544032454,4.617022844555812,79.21444426491205,-39.55673241614797,True
0.8984979083677117,15.146140420755811,5.202713191457192,166.88897742402986,-57.178308214995255,True
0.9786607575755113,14.71445876519107,5.012344420820264,102.12112116072375,-44.73473150755313,True
0.93602962012585,15.025163665606678,4.851193726799113,122.61898288558942,-48.87511517747272,True
0.9854101380344634,14.727195327267323,5.41306653611501,116.1878334718002,-47.54991813003565,True
1.0342972620557669,17.331210603276325,5.122650043873959,157.3503083819491,-55.45848251904041,True
0.9640860289323702,15.605163758969232,5.135769495540738,139.52471267794434,-52.508103783399235,True
1.0942351742728362,15.002292558546591,4.41054474588716,53.97459079242957,-32.67466480189265,True
0.8559638251196279,14.662087070809651,5.3243715260397035,182.90447314490788,-59.922582985728056,True
0.9875946698227914,15.978694392062764,5.134273226360384,139.30960371384575,-52.05406292985659,True
1.01896331058559,14.184677801845114,5.371313132419282,85.05045511255705,-41.076745203506135,True
0.9390279523692115,13.716614304577426,4.822192411838649,84.01573654857232,-40.49834655238078,True
0.9456083934580507,13.641531218182893,4.7859881046654,78.20404413465343,-39.15476328670516,True
1.0378143938591498,16.297491934261107,5.484473964662954,142.69738282243534,-52.93182998807643,True
1.096419928961609,16.245550835936974,5.287519829928674,106.21460478996933,-45.566899108842875,True
1.1023016259733154,15.159828103019368,4.571421105420852,58.482603301428526,-33.85572647238101,True
0.9826708166831735,14.439734939558699,5.004863399555985,93.29443626702617,-43.0228987590047,True
1.0675666051003871,14.450502081843451,5.306789560185866,73.57789784966249,-37.94529832985904,True
0.9965610464695743,17.042065356321757,5.053369838866897,165.28913318215868,-56.99254020835428,True
1.0458349053402496,14.909198754049038,4.835048766397801,75.98483890651474,-38.76943719423594,True
0.9894676968274887,15.343044882409874,4.799370418588939,103.72914684381631,-45.251459547088615,True
0.9432657744985278,14.560023955171228,5.019310351957293,112.87464568416453,-47.12691283626579,True
1.080091341038963,15.09041717781107,5.306373361264096,84.82161192699597,-41.010866277374554,True
1.0931257768465041,15.37785797418785,4.701397397205513,68.88289707538505,-36.67352312912699,True
0.9789604968091075,16.806256828852465,4.359715297985603,124.63488112971002,-49.54071349229037,True
1.0468314105110554,14.91305621125654,4.87832724077768,77.33564282290132,-39.086087096705604,True
0.9927496303128255,15.516667747519815,5.135042990067607,122.97041196408144,-48.997546555029786,True
1.109045489934473,14.642693950692484,5.201557475732204,62.93460358754121,-35.16090930617055,True
0.9253545275452517,15.186194911953187,4.695866587772735,121.97472934444993,-48.92577523177375,True
0.9910856386814579,15.341880148252532,5.080914087298622,116.35476312120089,-47.60164600526008,True
0.9276371500307058,14.79548668822889,4.808417609392452,117.40551495145858,-48.21220367863143,True
0.92066569541528,15.23689659472622,5.220658759056317,156.70024952423023,-55.35818807612309,True
0.9942053768329427,14.290756613087831,4.96043550154386,83.59615252491128,-40.45425595338626,True
0.9774785162321928,15.502717187515705,5.25151258671114,137.3760418378966,-51.8109992678655,True
0.9494344528179401,15.055626875850058,5.02019083840288,124.65206839775813,-49.41178435437906,True
1.0418596269213303,14.447602311973913,5.150014022695884,77.53787416549947,-39.23442687633521,True
1.0649374425203126,14.882586850328531,4.867183650782881,71.2342299574695,-37.470103876802355,True
1.025643429147462,16.307476075694122,4.786992585709371,113.70634938183456,-47.287190812681935,True
0.9061619008203601,14.895456277451343,4.914671202283075,136.0640579301666,-51.557580529281566,True
1.0169748248675141,15.427610151199298,5.184985682149512,112.06653099930914,-46.683478156809336,True
1.0164863313819354,15.424674857394207,5.757230662899381,139.57586224759436,-52.27088275759761,True
0.9578877015783958,15.579795378092037,5.378043089947752,156.03299895600605,-55.39639857274797,True
1.0172927915769436,13.895383377142359,5.4559929911574105,81.06396064269346,-39.65152068168662,True
0.9746516872427258,13.964806423816777,4.96860873496193,82.485151955646,-40.194015138726236,True
0.9589831440420359,14.251695366867217,4.8389656571849,90.00000763134231,-42.20940150380768,True
0.9408640754497458,15.606886614943996,4.3388881429330475,108.43360299813723,-46.0534705772813,True
1.0417170882484863,15.261954328320249,4.820572553400817,85.02885550240312,-40.777780103666046,True
1.0646714881175505,15.211730974295756,4.5861540191017145,68.99814406295657,-36.79097564275281,True
0.9929338770336571,14.879102280649711,5.230587206921701,108.94241118495623,-46.406312743526605,True
1.0492359315066926,13.675273859536087,4.940979102195448,52.472841728133595,-32.11240445655283,True
1.0763237730599264,14.399620678692914,4.604050736388979,52.615973860537714,-31.965875284865614,True
1.006565341133518,15.211166968827847,5.16399121712733,110.42616168119335,-46.495350381346846,True
0.9961295080423042,14.8295314215385,5.095077057506238,100.20328478601132,-44.24802467903164,True
1.023481475940187,15.178668315780367,4.659892903037277,83.82955489697288,-40.65948850325176,True
0.9581124631246086,13.442817654888133,5.453980597932594,91.30175394710757,-42.51413093714974,True
1.0273442557773282,14.986795012888935,4.774211593944344,81.8512413492265,-39.8500811959309,True
1.0075547757068803,12.912868160919487,5.178970515349388,53.09685452165082,-32.43756179122143,True
0.9346651909422916,13.696042324478004,4.962535351842308,90.43696672103549,-42.00039613647526,True
0.9352504291108107,14.028678903174242,5.4941967868856665,120.0280124427895,-48.46395595721766,True
0.95073488217208,13.157296409284314,5.276361429286039,79.83300680272107,-39.46787423777801,True
1.0256323393680826,14.198428270391348,4.670549479832809,62.871777725782614,-34.99715140917369,True
0.983132696844134,15.276893246507315,5.545898836922784,139.76350592569227,-52.5700823457179,True
0.9987483588179797,16.16615647159344,4.619956894866199,113.74854044605341,-47.358165337186264,True
1.0683159573102607,14.464515879816009,4.6822119147888905,56.855874492569654,-33.483121335134676,True
1.02214077368659,14.343288807974863,5.487035415669396,91.36023235305511,-42.502720516477055,True
0.9678744395284304,14.879725823720666,4.991721151358089,108.98926195416489,-46.24744141705822,True
0.9506451751924408,14.731937401997321,5.093648042121753,116.82994199363725,-48.00593131336881,True
1.0152552876705476,13.987055322576474,5.126911433412001,73.8809530350219,-37.94004235805983,True
0.9514465458628371,15.541608733514671,4.676984032318124,119.99991912947706,-48.304336688679975,True
1.0626513920651632,14.705700585237757,5.564174399799414,89.11192506069028,-41.69484974173591,True
1.012288671239683,14.340979600359223,5.658346432026143,102.2147620701501,-44.816741940437154,True
1.0064586579419552,14.431205903591245,4.439478563197564,65.53869399870318,-35.76473976774347,True
0.9522518701162919,17.351289116537988,4.865038127991068,187.5591043658296,-60.80851619987561,True
1.0309685421401353,15.774751467174585,5.203958408335956,118.02896225605622,-48.18125004395381,True
1.0564222598993336,14.660503344252536,4.966455661632651,71.92811182485072,-37.54148375413101,True
0.9931864494287703,12.563690257175566,4.837005710161945,43.07052536089197,-28.900077828339775,True
1.046411314673417,13.295939617024919,5.168558353750598,50.71994245714196,-31.537120010389884,True
0.9797582126042884,15.086490792150597,5.197914608516131,118.5920135764597,-48.44047738538835,True
0.9968859999966053,14.709297008235886,5.507606105522512,114.55740420627681,-47.60039113400416,True
1.1043016558991239,13.847896036828596,4.479744015260438,35.33332878374441,-26.464690415959062,True
0.9814259907143777,14.868030705230805,4.697454282661273,91.07398418757971,-42.10324432739496,True
1.0269842492010646,14.2553012637375,4.773806092675049,66.35603829221202,-35.88694839035157,True
0.9805452372371214,14.35882441861736,5.7190330661466025,119.283089735314,-48.2336421516993,True
1.014021993549625,14.826680777561952,5.45298897106615,108.47251123677141,-46.12989193792229,True
1.0348063943235768,13.983880987580308,5.082524776186008,66.35065022262211,-36.04802788321297,True
0.9549585468588381,13.614322507477596,4.974753269518881,80.77571205684804,-39.570730459298844,True
0.9647406690845051,13.645666464266647,5.132254625162309,82.87880441194757,-40.46190115217576,True
1.0283833408853529,14.594949542576854,5.352388383518672,92.43403372652452,-42.554000736287875,True
1.0080814053056266,13.416892537244935,4.923994069734143,58.166497682296,-33.69029466298922,True
1.058623744192043,17.190214724709836,5.082127827517988,138.38216689219496,-52.07233967792422,True
1.0134959592813109,15.933488158536894,4.898946280346753,113.72825296096738,-47.06206166618111,True
1.0930084685652568,15.719798863941692,4.581391422994345,70.91979834529384,-37.33766421575284,True
1.034840921139177,14.114878167163868,4.463138220218408,53.91396410252002,-32.30703065775905,True
1.0939325501143309,14.15173910594484,4.792710277719584,47.500524344345315,-30.608946026918428,True
1.0844760667222857,13.583836013641701,4.888246593430474,41.62880170630214,-28.385506089855696,True
0.9678998624170967,16.838395568552308,5.130995894389689,178.4239592289229,-59.027792484133826,True
1.0740197154887592,16.343390489958527,5.080564972998138,109.07831647977551,-46.489645771204536,True
1.0470134860733131,15.672321199674437,4.582685203239331,83.28066994574651,-40.52596138714359,True
1.04351548487471,14.878946054573406,5.002829075232886,82.44781234445867,-40.31916930323779,True
1.0592505056842783,14.611782913158864,4.8362075508894975,65.8987591991303,-36.10189563656133,True
0.9845410024483476,15.505914718908803,4.925171905460168,116.8204930288183,-48.0990471506755,True
1.0164230946790898,16.597735471053557,5.024083831201525,138.38215145295442,-51.932753991024626,True
0.9789726495648879,15.642826281777968,5.384308805250303,146.5001408226833,-53.506880111492414,True
1.1154922500072726,13.887100000637954,4.861982726298668,40.212215430397045,-28.269419753537242,True
0.9623575313324905,14.23362814495074,5.5034773190049195,115.6481347334519,-47.40542236902642,True
0.9360780609528896,15.467978331102774,4.609983720868843,122.2742823494509,-49.22078502737253,True
0.9591232273387703,14.136326410732547,4.736752929943952,83.54187323313984,-40.35319510881268,True
0.9972500150818044,14.529054157597386,4.971128034385957,88.3519057483266,-41.44090492419764,True
0.9969098118090601,16.51045278036384,4.649264509043667,123.23072575406847,-49.0469142785462,True
1.0445076723440518,14.68587103761998,4.60411942382757,65.85817918413122,-36.154085245027325,True
1.0015497311381318,13.424396016304808,5.022060661906268,62.60928528203227,-34.826198785739756,True
0.9752602889333538,17.885749069788083,4.602628865822876,172.3926910453837,-57.94750141017572,True
1.0241468564963212,16.087667581274065,4.712119023446339,106.55052912074206,-45.55778969128719,True
1.058241699026446,14.936345149441925,4.975270576165714,77.41245829513386,-38.809979509062295,True
1.0103565399179788,14.992735882727969,5.510873031774613,117.1611176268482,-48.116246852348496,True
1.0434327140182411,12.873447585909439,4.942413210178301,38.9478100551282,-27.709417318632525,True
1.0041690705214217,14.607040112578325,5.03913639903893,89.55663814462942,-41.8082044152264,True
0.9870087707215717,14.255856060879015,4.655091440569515,75.35197222909147,-38.554074376154894,True
1.0349174204780993,15.09774308988285,4.685488825716613,78.48612446353575,-39.344729845722,True
1.011431564014296,16.62768143214589,4.312347603149115,105.11871509903673,-45.226090176659454,True
1.0502209890435308,15.440113209538874,4.704905013743775,82.70648478820458,-40.03856636037801,True
1.0771108964629599,17.030304922206877,5.229481029293916,133.29669327981614,-50.89824046498867,True
0.9943337005931008,13.60382548752834,4.827503244031147,63.50274158543082,-35.17896170449869,True
1.032345110674635,13.457797800060503,5.0452885085443056,54.66795389380519,-32.757981215760715,True
1.0534007523505498,16.242047922725256,5.066959157791946,114.6460607691974,-47.42323775905069,True
1.0205150354826584,15.104036442767017,5.220812518872113,103.7627607307123,-44.92287061684674,True
1.0255067515025142,15.46730774083626,5.497860127738663,122.6117305444832,-48.99020208829986,True
1.0071696224385618,14.97309211592051,5.182121788010068,103.60465410214759,-45.31917457779189,True
1.012771164988617,15.195169526732208,4.928507004900506,97.3158871142401,-43.45239468348234,True
1.0260933857841372,15.687917743989193,5.239039732303516,117.68140509528097,-48.243872955805195,True
0.9696107039270304,15.25278713346999,5.091224164749938,123.47721266579579,-49.26473552608073,True
0.9150805683261986,14.428674398175124,4.328506685361592,90.60037954565854,-42.26370217798779,True
0.9956143375429608,17.330199087266568,4.640180868508711,145.72552310389483,-53.45659695732855,True
0.991542256758341,15.094336660409772,4.932518583965516,102.9133024356119,-44.81820626238233,True
1.0810053575192802,14.800531633306607,4.82445166572289,63.71588259519388,-35.12996377121983,True
1.0148087845246885,14.654514804652269,4.9631036554341845,85.20828599497085,-41.10216953949315,True
1.0281011907522475,15.340883357106515,4.2720403958538515,71.88165096740617,-37.37075120745005,True
0.979422014441303,14.757430184111742,5.252371818784276,113.41727980357169,-47.18180962491839,True
0.9702063693280693,12.970866282842406,4.984982500179891,60.633677550081536,-34.687586115588104,True
0.9582679850103111,14.745859566565759,5.364876908611361,127.57419030066973,-49.830120727156725,True
0.9369894457852799,13.916790447878325,5.007724951245617,97.3536898537647,-43.695041205144186,True
1.036321472768197,15.267497523252235,5.060323755340955,96.13895535175459,-43.565784321608845,True
1.0153315381197952,14.969931410738473,4.689253082411058,81.9050506087861,-40.08524061189715,True
1.0738630553083466,14.336199655498637,4.638454143014176,52.08768974111371,-32.09794631472162,True
1.0274858626944425,15.9410493213388,5.039813841192991,115.04303804447218,-47.70968567991334,True
1.0121437913036706,14.929419114099302,5.000661672422529,94.72048840964146,-43.23101219611059,True
0.9009313738676896,14.623096376482517,4.507483358495346,109.97448867929705,-46.321049775371975,True
1.0954154908698501,14.637893981482277,5.282025791834223,67.97517219612801,-36.596292962595,True
1.001958208716506,14.615532920403849,5.014983775014382,90.57533193186116,-42.093808613627786,True
0.8958093692796301,15.506856641810163,4.848165868727605,155.66257579753665,-55.34635352885577,True
1.0112892592723308,14.220580825794942,4.739116336327156,68.75709811449313,-36.70179255854091,True
0.9594549732972872,15.070295289295531,5.226935133518407,130.12556695310138,-50.46300569774111,True
0.957670065205282,14.495956788046362,4.7912702558736004,94.68436037040378,-43.101878533252986,True
1.0133251587578682,14.3569499127424,5.070859436160927,81.85997268324712,-40.0668994438866,True
0.9706263657476036,15.472607363611395,4.949514854993212,122.0529467489604,-49.11330238757467,True
1.0513344381658787,14.0649438584791,4.840903011971936,57.233125125573125,-33.706315446292145,True
0.9942268473980523,15.520798369303186,4.610590439080386,99.80054013707772,-44.148209873846,True
1.0199950852286468,15.309666681603645,5.390371325076031,115.99261152008071,-47.94993291119625,True
1.0283294352807901,16.327321641639443,4.698459151051033,108.46672584418437,-46.038653868401056,True
1.0125917385052772,13.24103982103008,4.741518193011916,49.12115598373064,-31.082169371207478,True
1.010716155714829,16.01904201282433,5.401625749519784,144.90523813491416,-53.41436260083368,True
1.007081651391887,14.697472055279196,4.969428894806095,88.96759375782568,-41.80639213039073,True
1.074675164378405,13.212350271239128,5.095977471955289,40.49133806335502,-28.041705735070614,True
1.0421947275848034,14.340983387545307,5.454228197028053,83.81220512027984,-40.56647384516989,True
0.9654590614558289,15.51189812136728,5.446915593843181,152.1915134800642,-54.68059863224766,True
0.9444248594508224,14.914078198041054,4.835328911641266,113.25158794710006,-47.016233713499965,True
0.9602993618552652,16.34779814556756,5.345589299772597,179.15237980264945,-59.5069841208106,True
1.021390728005932,14.661661823346718,4.518970760370003,68.83694399531517,-36.71054113742841,True
0.9447806431801061,14.96655402762483,4.472527127022447,98.61428141759576,-43.98164797659784,True
0.9673601609075375,14.815089017692172,5.013349533272129,109.5885480528914,-46.26541625179596,True
0.932849036550096,13.978492570039494,4.974678128867956,98.8070509314144,-44.26784128167524,True
1.0465791206614123,14.971287142499502,5.194263593708624,88.62077818323512,-41.86263503854569,True
1.0331415963344721,14.780812597878278,5.162771689062929,88.66457066440086,-41.853832529768674,True
1.0439331383869075,15.087605614848732,5.20748327942228,94.26396577140493,-42.82456063305786,True
0.9762603048780033,15.059323313150504,5.480696344769533,133.5541800613142,-51.028137436372006,True
0.9120614159356807,15.00169847980311,5.588860342848315,174.519443984534,-58.47401042060308,True
0.958257287997456,15.096467039240377,5.263276354100738,134.07195553425146,-51.3908479941699,True
0.9326372234116842,16.099530571043008,4.993469156848415,163.92191744500892,-56.91414064621364,True
0.932110918021759,14.022285533883352,4.938339744076233,98.32628711418161,-43.74477703643495,True
1.0568470683893043,14.276123865295697,4.995650198445322,63.65751149225303,-35.46389451605648,True
0.9876562350239642,16.416831720673066,4.827781850437926,135.7538886096984,-51.81825196384507,True
1.0144672701810724,16.270664655243763,5.277092551031495,143.0277605308548,-52.82576381230623,True
1.0551587236408977,15.258994824709657,5.3122130538008125,98.1305285678861,-43.785403160021886,True
0.9490233542097881,17.024144327994065,4.809680100374059,174.8217312669953,-58.67632073379908,True
1.0307122349113826,15.488778972770886,4.950373335274984,99.90128315570357,-44.05520856894614,True
0.9273729938433523,16.873901635624726,4.469337909261129,157.4751053232969,-55.46080159287288,True
1.0126245360621855,16.459743900311192,4.972806778841887,133.47990687443274,-51.16231049793369,True
1.0533816012167256,16.627537066521533,5.011551794594754,122.59376827814862,-49.28768870033058,True
0.9430340526821405,13.85147604467837,4.667816375841722,80.67480073861944,-39.85644369227392,True
1.0414277011122515,15.66822381387714,4.841626088646818,94.427297200105,-43.28051055997901,True
1.011242574167229,14.916746359664556,4.654051444468215,82.06101841650593,-40.052231552062246,True
0.9772833969279697,13.661765713567656,4.527668143682027,61.50284400996721,-34.49405499762689,True
0.9399762726729048,16.33611173895159,5.4445282244283755,199.15118957995338,-62.733418765474234,True
1.0120902830118579,16.194332209419436,4.528408477597323,104.5279021095938,-45.40650929910798,True
1.0246920077525417,14.854729006391949,5.034225843382201,88.31624649201171,-41.56828858747239,True
0.9841283463700964,14.38227045992293,5.292780752081967,100.52077700901765,-44.188621625068365,True
0.950949951834585,15.05802443529768,5.426513244742104,144.4252432730527,-53.002786235859,True
1.038123192757744,13.185501463481497,4.681624848987789,41.34877150271456,-28.593947247593437,True
1.0592273551321405,13.652793743006898,5.383387921016761,58.992047335158276,-33.89279775196386,True
1.0476824389415778,14.700461639968857,5.048405269035755,76.99451157844439,-39.01338051522463,True
1.0794533143789269,15.61556857993143,5.171898874157054,92.83352955891814,-42.49585131843978,True
0.9674223436141985,14.814629565378228,5.527861833257696,132.315036575639,-50.878531936332315,True
0.9292400221986205,14.444181624028307,5.183300688420376,122.84110195418447,-49.15328187481164,True
1.0205303733484956,14.172151834952345,4.721453158140101,65.11245479254136,-35.57003338102502,True
0.979852063225446,17.438548793411073,4.383427120973353,140.26692401755838,-52.656153849773396,True
1.049382390383051,13.926095835749756,5.191946372374403,63.2983057025104,-35.468577807342314,True
0.9481510890655795,13.172127000321332,5.122141062562771,76.66925460938481,-38.81646178523727,True
0.9518079061449858,14.424315792338732,4.761603008526254,95.11751072364221,-43.01567945798165,True
1.0034032109060569,15.51785365678559,5.055040675350385,115.94566810197352,-47.67636655671716,True
1.0087496757665537,15.108159038885528,4.59336738839605,83.46582596738992,-40.48677492753656,True
1.0337403729897872,14.24904356048154,5.107902299898932,74.05055836462894,-37.9035680936282,True
0.9950818472464283,15.192313583076515,4.597988845081165,89.86206727501364,-42.094455430766445,True
0.904142562292791,16.10903112628486,5.362894455166774,212.0261523284384,-64.67265932232431,True
1.1725929237546246,15.204058178395998,5.630240170141661,66.58725176453845,-36.122548007626165,True
1.0016761836949883,15.153867493218577,5.086700848881784,106.66891719861485,-45.96010240401598,True
1.1444264069544539,15.15719684240061,5.116282469142985,61.48897760122134,-34.796539181540645,True
0.9937027372720446,14.25418512005759,5.1762937539541785,89.64551112684353,-42.14751519863811,True
0.9473577317725997,15.449426972514898,5.083069155948995,140.48272022137633,-52.69814637613896,True
0.984133510892247,16.04187136933237,4.671051302593904,119.1195466540237,-48.465135314333565,True
1.0550253968625802,16.352230383008994,5.423889096339309,133.49933494715737,-51.39692628014276,True
1.0309629708924033,15.429683409096977,5.135052183709844,104.32111483066463,-45.05814342817648,True
1.0153805560887401,15.014694195049573,5.167989440811785,101.43664836104323,-44.75025868688166,True
0.9969339502376654,16.876731282427016,5.3026134154848235,175.80620322663842,-58.54380103410091,True
1.0064670963436348,15.12033497976489,5.289515303682163,112.13151107411585,-46.926153228471954,True
0.9925518425966706,14.515880201264551,5.37033339110473,104.65452934180227,-45.12253640152515,True
1.059841630719251,14.310904384306795,5.136320959360698,67.4092508972327,-36.408216467281655,True
1.0457977244781025,14.196263748899229,4.742216780039113,58.76969952295742,-34.111250113581605,True
0.9528808935656407,14.496710522062447,5.125050034190403,111.13109995033382,-46.727666675864064,True
0.9261293169986835,16.92650204536226,4.9924426108104205,197.1749568341413,-62.14346236862389,True
0.938695669553586,14.243300649327624,4.737542333786597,93.58919152556365,-42.70286534837096,True
0.9821862384512333,16.52676282217411,5.435469910502323,178.7351526961086,-59.36954125816526,True
1.0110574415080493,14.794634073761388,4.954959566166274,89.9248305908287,-42.10333807219526,True
0.9972562090762309,16.04195989284464,5.068499678811151,133.84102006767552,-51.37690642615006,True
1.0315085382366678,13.921373401892781,4.781519447895883,58.42106784978164,-33.80907565685647,True
0.9992734139653028,14.982173647574188,4.983690401004032,99.02065214972794,-44.22616299517504,True
1.0797853998951812,13.383903228473173,5.2791844736977405,45.87333540658592,-29.954180644326527,True
1.025439781527747,15.022142532536906,5.613789743307826,115.3521214867059,-47.70353187737394,True
1.0008979267986178,15.786794713034414,4.561943722711267,101.42914506805154,-44.675392597428264,True
0.9244597326829811,15.966676780801608,5.006664921452072,167.50700944574004,-57.47713237074952,True
1.017514552251826,14.99541941341774,4.060863931326955,62.21697285887898,-34.73406112512029,True
1.0249571100185386,14.641601982968513,4.87123696677482,78.23331651751154,-39.38457133315262,True
0.9643178162806453,15.087172558259438,5.035175486781036,118.67192900169253,-48.030048828523846,True
0.9421884439571508,14.427995057139622,5.04892512603985,109.54295598895109,-46.27393813290631,True
1.0547365011324485,14.426598098072848,5.491366734975804,81.57154605445331,-40.03895765391811,True
0.9515718803869759,14.591823969045869,4.931818042422935,105.79794085610551,-45.738511265503696,True
1.0082784041283626,15.227875633764299,5.468555951585014,123.24930622584631,-49.36933515705739,True
1.0014962125927147,16.43617473514645,5.074080227658706,143.63219909962697,-53.150240736464035,True
1.022328709863828,16.298962462085655,4.846871652098371,117.22914785746872,-47.754064613308465,True
0.9519380312495046,14.681340601822493,5.057194715954139,114.75499473830841,-47.40334114368793,True
0.9939733448085053,14.184673535110129,5.038695197781813,82.74345949478567,-40.257576146919675,True
0.9516283031397609,14.267283839576624,5.059614039001968,103.00529587609887,-45.1822687318471,True
1.0037061781243513,13.520967627251661,4.790748051526,57.91652261701301,-33.929500570775375,True
1.0252035566641526,15.727968831394257,4.787107139236179,99.65067911665267,-44.08169675772631,True
1.0447707431038336,13.606473854595507,5.340656691619717,61.05241995861576,-34.801276413794234,True
1.074740339644478,12.74219829883228,5.316465480740564,35.39180836938783,-26.331517534371645,True
0.9868211027487347,15.728942064461346,4.751387777707032,114.71896327487904,-47.58929753025505,True
0.9859375428036338,15.685477654726782,4.959578719088566,123.6426778171053,-49.45549949918124,True
1.0636317930872135,13.919084708029358,5.114977170181454,57.96295357583822,-33.64816777306092,True
1.0287551169984794,15.302595538734012,5.244390740908032,105.83982680276726,-45.51294826116501,True
1.0618555917743253,13.681433816271541,5.056462179124073,52.514511006908606,-31.898763998325233,True
1.0976259046948047,14.902625371353452,5.3462021386431475,74.61653128086708,-38.215277625080624,True
0.957819344599668,15.358896607009285,4.976618856917986,127.19977859999558,-49.80612491630031,True
1.0404648594478216,15.69359169648175,5.464023166906678,122.6322125591243,-48.986624443821064,True
0.9700396016638789,15.39618735227284,5.765561231824999,164.96162315951946,-57.056081365325106,True
1.0781735266082964,13.105794727530117,5.021782760875363,37.061397320024824,-26.90446071466008,True
0.9406114120675402,15.30221150879504,5.112590519150184,142.03255600513296,-52.576910755439805,True
1.0458826157647787,17.180880120850752,4.717900030320965,125.00443185039506,-49.50099431242941,True
0.9723193155638092,15.39275107720283,4.948596227277625,119.03996678814983,-48.18573331124546,True
1.0277211897438443,13.614855918998625,5.053699477722042,60.37447011841929,-34.46115719805339,True
1.0634057430114467,14.289860989761863,5.20954937670876,68.4866606628603,-36.87091523893183,True
0.9677999421366333,14.488392029960291,4.938598355539764,96.47988555959859,-43.61631655694144,True
0.9265822294729478,12.668385110404136,5.223944108102349,74.18289592181185,-38.09313384642303,True
0.9870507443878086,15.100623928702879,4.8874307371549515,102.76087408042392,-44.7182175690002,True
0.9806292689052399,14.649593140943807,5.302669813940426,111.77949961486249,-46.62550007066739,True
0.9357769216872783,14.696433714390116,5.124455569856311,125.15476483864045,-49.59193542678927,True
0.8995252556155944,14.87548012203214,5.110934367028241,150.38516159269375,-54.13627268972227,True
1.0608330881848516,14.27791293470374,4.8619201275644155,60.10694481849185,-34.11215910678557,True
1.0745808179994507,15.855022617546634,4.974852938619164,92.9639918043293,-42.47544192948671,True
0.9699052502279157,15.183955955659902,4.887818309293637,111.98283642054898,-46.89604903803738,True
0.9853694094613893,14.466218329122302,5.260656017585087,102.38581704376867,-44.81564605805331,True
1.040388709676785,15.44497732570647,4.593389889102822,80.62188631924546,-39.621200787327204,True
1.0411748659176678,15.355490957090575,4.7880683721775075,85.52810832914761,-41.0424749576896,True
1.0889560678686967,14.045010136453774,5.362054133249286,59.187985270940125,-33.84801193807086,True
1.0310809322933574,14.82705075850674,5.056274887837699,87.1253803920672,-41.438470986382285,True
0.9487320318017184,14.825580287167247,5.366847410230725,135.09430952932985,-51.48415240011305,True
1.039553847760779,14.414767941969831,5.248991284618997,79.01816873064345,-39.526412764449276,True
0.9651094897111602,13.6432718113957,5.2797796582290974,87.56750500687393,-41.32504170716101,True
0.9967196165778538,14.383738044784032,5.126276227743721,90.15134593963445,-41.92845081207312,True
1.0556266907506466,16.266340329291282,4.802727536802997,103.44278707739697,-44.94748325434672,True
0.9547300510488628,14.350984094768904,5.022635803685212,102.02019643204265,-44.754140109222575,True
0.9963397328271998,15.898985093897863,4.625561632761047,108.11096679705926,-45.970620610083934,True
0.9387112251171613,14.96469524127637,4.950363894058912,124.55801096949482,-49.29277360542311,True
0.9505661924744804,15.167670537126455,4.8364697029724235,117.58552918929973,-48.17917354324773,True
0.9726568312080257,13.775809262183024,4.4416543683232055,62.22942587361961,-35.07432717294773,True
1.0815107948758538,16.163948072449447,5.127908085892412,103.76151838379434,-45.164086974515335,True
1.0016685226294844,17.060159520338217,5.098372221671983,163.05908204698198,-56.36411746292766,True
1.1322041538245922,14.30181102934445,5.378648776887247,52.977558455253714,-32.34061498122725,True
1.047744974237045,16.303517245649598,4.632928194251686,98.61831952148007,-43.89181296604353,True
1.0491038740286949,13.730756712540531,5.324278763282228,62.59216866866729,-34.94576546771526,True
0.9453041473821527,14.946192593376448,4.304205893127345,91.51057073084715,-42.565701911165554,True
0.9923253709935087,13.827691276240389,4.955827161013026,73.23609609661305,-37.746327871002606,True
0.9428499229876601,15.377400115382587,5.592887907199228,169.4344401842651,-57.77886357329262,True
0.9845089175837257,14.795911439892118,4.991387181979488,99.93917280852865,-44.04788689690266,True
0.977149278106408,14.94916957399297,4.779556616322978,98.61085089278112,-43.79546534132389,True
0.9979046945520896,16.311943783926328,4.974987040078948,136.14187680466264,-51.685029733105075,True
1.0412764416900002,16.24352562426889,5.254547848719179,129.30872837616212,-50.247469112352825,True
0.9869037182932666,14.827799881181214,4.915392763111404,97.84626432238713,-43.83889915247311,True
1.042176691329286,16.107295284998596,5.117688670522017,117.95142807558561,-47.9345039503449,True
0.9267045538663155,16.1503590992731,5.1142531141162575,179.46616257397517,-59.35917746962203,True
1.0224132002693176,16.109459428965657,5.164697834498827,129.1252921616896,-50.5021875044693,True
0.9782141513045163,15.147743968824717,5.310910610503491,128.20348920470587,-50.08021492092067,True
1.0126742340704435,15.330590322951196,5.593891148194479,128.94205266110384,-50.110675508823334,True
1.0431463819615625,14.71635156932771,5.026237333747344,78.81030215844068,-39.118831124538815,True
0.9279239238622492,17.33401860368337,5.096836321833522,219.67328732609988,-65.6138031601253,True
1.0734545136291036,15.399004496965485,4.643871386245804,71.7001858067103,-37.28045262770558,True
0.9903175664208907,14.91785273962253,5.283451971432976,113.30751597707442,-47.20185781240647,True
1.0930963831287268,15.503156191649838,5.408233949399816,93.89187664833699,-42.87629579643943,True
1.0035506119465054,15.271625332332738,5.206510911302936,115.60443912675869,-47.63763379513477,True
1.0660443965796267,17.06243544173982,4.584146123748319,106.943452826399,-45.56679610978007,True
1.00298769264738,14.978082925688103,4.878649711497474,93.63239941912627,-43.0745150409699,True
1.0133614298605975,15.765678187760463,5.015359927905418,116.23599735192705,-47.982091390558686,True
1.0058111616636245,14.880517770040422,4.742968365472522,84.8062096177686,-40.57891466296489,True
0.9890236454524722,13.31250311962404,5.643469629350925,79.94222389276246,-39.70760123378539,True
0.9871326620954871,15.001463377851545,5.122872896060581,110.67080416948048,-46.812906635281365,True
1.0112781818579022,15.853467362799368,5.27947677260953,131.67615672059407,-50.820185541528886,True
1.0274171766394007,15.13595365019885,5.284215046953453,103.81707326672321,-45.03567403441818,True
1.011678380480398,13.843758118573083,5.033588215690572,68.90605292486332,-36.84404379447484,True
1.025958862029295,16.58526821374939,4.639765855180848,113.23135906398495,-46.964334754395324,True
0.9240935773426574,13.810305835708297,5.236630235427313,107.80139955767405,-46.12729914809828,True
1.0451993222579088,14.227019767349775,5.603413848788135,84.19954139075915,-40.8134617218482,True
0.962871058824716,13.874945545158115,4.886544210915118,81.11748990401217,-39.75363441184929,True
0.9176291628920206,13.963705967250696,4.830013572708464,98.65072449198858,-43.91679421725715,True
1.0923762152924623,15.044998438286445,5.251624243910762,78.14061639915484,-39.32905153944402,True
1.07050992956864,15.610959144386003,5.277178104554489,99.64872413626873,-44.3555216964079,True
0.9994758345910205,14.413059793932886,5.343444370238683,96.9980339893638,-43.51269057896848,True
1.0534814967764592,15.56434353732154,4.9576122631531945,93.45608340379033,-42.868013252977036,True
0.9834386659393223,15.769079890707191,4.956909278869194,127.18161343592897,-49.80932582626799,True
0.976529735308282,14.67105957693317,4.211544782411805,72.11223654478874,-37.68290646709349,True
0.9702838178480451,13.486195343460357,5.015076555861518,73.87920540329466,-38.209402063807616,True
0.9680129582995436,16.513957719130964,4.830807452020224,148.27877837240342,-54.11022027126603,True
0.9870460477261821,14.329368468235348,4.337983704137639,65.91252276066862,-35.9301946445486,True
0.9643025022660737,12.789922644331709,5.5681715461965124,73.21421733687019,-38.04950160484394,True
0.8575736569285056,14.610960006538827,5.0724688804619396,163.24666785571074,-56.824959627555536,True
0.9908286439681832,15.583725451349727,4.464994015550738,96.06897952668682,-43.510624718253915,True
0.9515398673754532,15.733608887143745,5.112994954491425,150.31785541027853,-54.147306490118225,True
1.014863506590558,13.863018692605769,5.558191694034465,84.05988860321791,-40.73359274307178,True
0.988008792612896,13.151292000395841,5.361093478901542,69.26209817284432,-37.01210850316882,True
1.031740648062909,15.305898913259966,5.289998176780739,106.73079141238925,-45.961364388392674,True
1.0006526579678277,15.516918518861468,4.630449763788945,97.35543130321501,-43.65138984094752,True
0.9366787184295947,16.117921640457578,4.836715400361317,152.61372610250655,-54.86450801598248,True
0.9366932310826628,16.003221479005997,4.73944918740452,142.9317935364132,-52.753674824336684,True
0.9379502481611244,15.146673682796168,5.005424602770798,133.05428902532225,-50.8840837887375,True
0.9568095769192241,14.081412186070942,5.232620324414843,101.45505231000463,-44.37949955999911,True
0.9648646100648096,14.517375437247235,5.131212817207428,106.4976319032638,-45.62847982957286,True
1.0459670514509585,14.75704241038621,4.727726090906314,69.7438474422215,-36.97055113657946,True
1.0093141478431904,14.084643415536421,4.944800567636758,72.23225053916939,-37.85339548589685,True
0.9069482270918368,16.080975972634086,5.3130379549661235,204.88834431271428,-63.57137581246926,True
0.9562217270578336,16.027859172539753,5.1532040641054815,160.5904940326101,-56.0653913892254,True
0.998167849732904,13.604035340165428,5.119873745785738,70.36174566428541,-37.23012050776407,True
0.9497862335284012,14.678321314981389,4.736646013696344,100.31456084631247,-44.31187532425246,True
1.004051289352281,17.062179567486968,5.048021432343199,158.6681829463729,-55.93816000864944,True
0.9580492255260625,16.16288266716532,4.659534888979586,134.11563327589312,-51.1810946242981,True
0.9932920427823635,15.188213155919202,4.7522689756819725,98.41660069744684,-43.83374124188238,True
0.9715488653582728,16.095876144702224,4.556267852391975,120.73850588366051,-48.86822951896608,True
1.0056093485648123,16.64939439336666,5.518552912576104,175.36499058029307,-58.694796881773705,True
1.0720388468227058,15.094610499383341,5.530654431767047,94.39897139457103,-43.00792857796709,True
1.044647807943642,13.643079029517224,4.698761781339265,47.78959811630305,-30.832096021324112,True
0.9459396736975554,15.859671425114163,4.7672964031530185,136.9554949625163,-51.957962238194575,True
1.1255618210073692,15.911472918432134,4.904702877213974,76.38391417807347,-38.91546469288743,True
1.059039248088578,13.994258270101746,5.36554864350132,66.85739610189123,-36.06332052417681,True
0.9657045509433642,15.260511404864404,5.182322822971335,130.51129404269773,-50.752687178753625,True
0.9566843853771382,14.209339294944016,5.414420545717332,113.38695085943695,-47.0733241694708,True
1.0170245746356845,13.35525948360497,5.5061290638404135,68.4836438743151,-36.500576586168826,True
1.0352207601238974,15.220699488789354,5.145075998787263,97.25056496078773,-43.47180292023537,True
1.0883575788266258,16.452135999696797,5.089490772881533,106.34224124273364,-45.530950001364545,True
1.025422726687876,15.321236691166648,5.408589752916512,116.07007329579379,-47.57094673289396,True
0.9668125707507093,15.176884749011199,5.324167851030174,134.83818229205437,-51.39446910304159,True
0.9746320274052673,13.667368773045396,5.3224133548179,86.19021936522189,-41.22487992621782,True
1.0313306732605003,15.628274947456147,5.142547031344043,109.46098574074094,-46.54644708504793,True
0.9329772733603012,14.446467420236448,5.312505797852433,128.1778047183639,-50.0846817881106,True
1.0747325449092513,14.222013751167637,4.909932371127208,56.57330355702754,-33.086790819755386,True
0.972768538345742,15.882230000303428,4.8297750890273194,127.56553113008745,-49.81635732210837,True
1.0479757297812788,13.78438392197402,4.898304046076771,53.81878945641235,-32.66762073783948,True
1.0599713141787523,14.788178684492639,5.681589773095698,95.6828362341423,-43.101509718645985,True
1.1527454596014781,13.85213474291045,4.686913501525437,29.856217737552594,-23.96376124451023,True
0.9847359527954226,14.70051771338337,5.282764121637403,109.39787308395404,-46.44755795687479,True
0.9861052314214841,12.807800676451283,5.594127817164541,65.98353465658712,-36.15668980398117,True
0.9835192740956542,15.541607499687691,5.119134584590895,127.99890741184429,-50.07351185757114,True
1.0086863895556557,15.390179096383497,4.904524610672559,103.80276363394704,-45.137656031933254,True
0.9677715130968516,17.176838018357685,5.166763515835222,194.19577846577585,-61.72294454713897,True
1.0605960951587645,15.24233910308887,4.852000715946331,80.22636783387884,-39.451731675369565,True
1.050408098380479,14.097823365193497,4.727086258310725,55.737343094784094,-32.87741022078441,True
0.9871503175928155,15.991671395529886,5.403775305937879,156.70909967871745,-55.427404051405105,True
0.9644659672728824,15.96890068304125,5.384555633781243,166.03883951313884,-57.250369336476346,True
0.9781905904177373,16.30671679178751,4.904435529912655,142.82469501311502,-52.86008487174533,True
0.9765447096002049,13.039218049343864,4.853620219446544,57.8858383395888,-33.65422761193168,True
1.0246895078377039,14.298933764904305,5.064886967830723,76.66918178290891,-38.70452766499285,True
1.0096539596668095,14.092432751401658,4.971302831416906,73.7691594833646,-38.12157092251577,True
1.0410949906913483,16.528614243628386,4.754609999908342,113.09826275194594,-46.909823208940274,True
1.0743675235938257,15.805541560004391,4.542845182391659,76.08961536382915,-38.52024387608152,True
1.0149328333153524,16.130456512662562,4.5624974239983,104.26901549397058,-45.10211536348392,True
1.0296528553445679,13.915051302500537,4.639764086338223,55.1719835298884,-32.80594304149068,True
1.1228150759471116,15.132569132861336,4.688031285480672,55.649952696655745,-33.28496601293198,True
1.0285338273449525,13.372649564325183,5.0636933789809975,55.013820023627424,-32.772521887898876,True
0.9755163198011788,13.89769154501003,4.7588818991733675,74.22485161763575,-38.05530838958783,True
0.9965837905370935,15.12352853108552,4.766747031515578,95.61729312519427,-43.40672027359318,True
0.9167086801382025,15.221707401836248,4.623922288394054,124.34319940958194,-49.336968574850054,True
1.0272732251212233,15.393356158008778,4.6294580753938614,85.45563715141476,-41.17425788512194,True
0.9725245124502676,14.349715755589525,4.621377492986778,80.41432934177382,-39.78919261467232,True
0.9554612796082713,15.425372599373315,4.976078465517231,130.31090455003317,-50.73187693449198,True
0.9567458311457235,15.004610653250364,5.312624931361029,134.36811612418282,-51.47414133488421,True
1.057172800521441,16.57003237709995,5.450676115770767,141.70922545237295,-52.604989551473295,True
0.9870577781261135,14.573381793690379,5.0158294484822905,95.08214240440049,-43.159442665803844,True
1.038216176350526,13.165454882795961,5.318412425208985,53.111360966228425,-32.21949741971102,True
1.019287016410781,15.61677403968924,4.765188762457943,99.15932084267881,-44.17789244479235,True
1.0100175231605972,15.335848907643376,5.170503434348992,112.45145735510633,-47.103023989842114,True
0.9808380635048009,14.11015202849643,4.738532605143954,75.70174319070365,-38.59639278462965,True
1.024787052748194,14.673499053560516,5.130445989292817,87.27086659184357,-41.52679462791041,True
0.9787049318182983,15.193927279904422,4.754065917394066,104.18025273312982,-45.164289326931424,True
1.00782292804363,14.620600806394805,4.778257884860981,80.01983415770718,-39.74735900369901,True
1.0553120722292524,13.889551319075368,4.984107820165504,56.209293201438236,-33.2732087097188,True
1.0658506909720515,14.80029129271782,5.485651473015825,87.26418634390569,-41.347574856934216,True
0.9781981663351802,15.884333301451237,5.25616100933312,149.45273910477258,-54.21969565636359,True
1.0186092345475335,14.638381696292184,4.781076926510525,76.97332511596355,-38.92944321817006,True
1.0292136639615572,15.211760305584512,4.683713460157857,82.70669421143667,-40.40608059017215,True
1.011871577128024,14.818532193863168,4.754739139039166,83.14659188717182,-40.55855143724151,True
1.0381781639966148,13.7649330423499,5.193147092754474,63.02182841506659,-35.04055855026747,True
1.0387326617147072,14.893637189382241,5.065461597359655,86.0748110106918,-41.161284566357004,True
1.0918821517050297,14.554749828873906,5.195643820391854,64.66848843943392,-35.65118694090865,True
1.1078136124561664,15.758522760195577,4.845879596891454,75.29546499258464,-38.42880108856856,True
0.9917585752404665,16.23533360271309,5.100652502747025,145.17600603082533,-53.523723994862394,True
1.0830149610965043,15.88169498677391,5.081228969863558,94.3729694514706,-42.931887792813676,True
1.0219547368472333,14.264831434251796,5.379613023761679,86.06282411401853,-40.87325394693095,True
0.9911255580715309,13.837197702349313,5.473936737290508,89.35590374444028,-41.914979557745745,True
1.0303544882514017,13.486302613257786,5.271123114678195,61.44983171680544,-34.61433746512874,True
0.9883498435729667,15.169364091148887,5.3791717889985975,126.33185914477362,-49.55486739829278,True
0.9978660340738951,14.290833977982341,4.994049917505313,82.32618892558621,-40.22702326165736,True
0.9451730770433079,13.887069797641654,4.7902328031311345,84.24547325308403,-40.81891921401383,True
1.0040212311619086,16.961890438325707,4.990833643738582,152.49445054817346,-54.832220318665485,True
1.0466338841512597,15.48621533535105,4.960329606786144,94.00916546927513,-42.7579471702935,True
1.036027979110467,15.336176743330284,4.940130486328095,92.30390074229544,-42.48384485154092,True
1.018184707229794,15.286275399319493,4.996906067004891,99.53917055317108,-44.12518201871088,True
1.0868373584306719,16.618775106100518,4.948795884408101,104.66767378322957,-45.4633002317658,True
1.1067055254790656,14.832962437685907,4.8626010217213596,58.92937197064769,-33.897737403397045,True
1.0249135161666227,15.617821436710846,4.9607716477000094,105.39987084070299,-45.453076617876185,True
1.0798857781090203,15.903392387065292,5.2405224145539115,101.7271810764952,-44.81816550923901,True
1.0174589541667598,16.857742425064753,4.740473481725416,128.7744261682485,-50.30124758084093,True
1.004399556720337,14.998529863657138,5.4035743137282015,115.8109615908983,-47.6175654791174,True
1.0480423976854765,16.234601927576797,5.3247305049751645,128.36670524727467,-50.05182952221307,True
0.9964749769095245,13.171586569807344,5.025986323990031,58.55789960971457,-33.800686137275726,True
0.8820177832006476,17.117393822238885,4.285197756633246,175.52583423798112,-58.79453580580677,True
0.9870629466128171,15.422607727021266,4.346714452882231,87.62703713552935,-41.41385533988856,True
0.924718443530496,15.755264391818384,5.0334630409239685,160.07385605591713,-56.203583031053185,True
0.9806051665411488,13.716114960472602,5.203519114103743,82.08725216304349,-40.36215934782608,True
0.9727403625997632,13.651419364645214,5.531790919429031,93.06772511995865,-42.77440774369733,True
0.9730392737178881,14.35383057270825,4.8784090504642315,89.2086586144649,-42.003939875235574,True
0.9474206797586092,15.019804417949716,4.845723259662542,114.86643990796803,-47.698187054079966,True
0.940057100824485,14.74549301032827,4.634773134303267,101.57471803672536,-44.78130038495581,True
0.9676504556137006,14.590018267264439,5.179640029455876,109.46588111770504,-46.18255700135717,True
0.9814502014239531,14.803085677704486,5.002098710020217,103.37733758347902,-44.98500712695637,True
0.9850947611384262,12.665351567096872,4.856896829722333,47.94358464545912,-30.68625857975876,True
1.012945819492012,15.4265128984853,5.006966084712768,107.28057403414594,-45.71675018223661,True
1.0353185195947,14.830164321005173,4.97170649681739,82.39482654518463,-40.212735431049836,True
0.9495101348821559,15.951107573230741,5.290312645074332,168.10695869631914,-57.623199035592265,True
0.9562670393699108,14.524115015748734,4.8719643279197395,99.96844820570321,-44.278102789131054,True
1.083236423665657,14.627977305996465,4.999067350153527,63.56421862322024,-35.48521860040684,True
1.037867074560575,15.158085693269571,5.254820784389297,100.26637658806155,-44.23731070084944,True
0.961219405907441,15.68402682157685,4.9206688319612315,132.59372979214234,-51.176329601366504,True
0.9373288857459042,16.15065376005852,4.777596411613122,150.14941899197683,-54.143057013779696,True
0.9750756244634076,14.959316575094178,4.615681778802268,93.53042801078918,-42.947600401860754,True
0.9873418322283951,15.428554668820333,4.687700297269695,102.3329679464316,-44.76662820557431,True
1.0340931444767958,15.03306995051475,4.807003713978051,82.39693879040736,-40.34640235991425,True
0.8849013056298736,14.70612498355388,5.288325360621044,162.01079038154808,-56.617098358648455,True
0.9517687182260492,13.077563550339363,4.778869767749598,63.41947583174538,-35.0896818886138,True
1.0899977815567206,15.205931231709759,4.935516726971727,72.1366749518966,-37.3839011094733,True
1.0008114874783893,14.089327598853062,4.6912859243893985,67.64826687837365,-36.348353284943215,True
1.0031171010073934,15.870743183654156,5.0160753175115875,123.62635793903739,-49.10329768945758,True
0.9717785198409976,14.131870879226057,5.086064735123283,91.23326323264993,-42.0828953765871,True
1.0394339009904134,14.43178320127525,5.106476203294556,76.47168327537028,-38.85849823928293,True
0.9098129873570241,14.178058531755768,5.526861903195998,141.25312259477911,-52.81364915788768,True
0.9787513926679758,15.533241442957426,4.995798497571378,122.55873591553708,-49.15866620349106,True
0.8959409482964404,14.696778941821238,5.087915220531021,143.39197551062085,-53.19044552123496,True
0.9990094315841187,15.568344675780704,4.830745229357127,107.87522787945436,-46.0626598340652,True
0.9776972032357936,12.329772871521516,5.65171198160378,58.49817996791645,-34.06510503510251,True
0.9185062523797808,16.994152370651552,5.254192794782821,230.2442685102777,-67.238190305764,True
1.050527108660728,13.989686475143245,5.26522764829444,66.8613740848756,-36.34982340665735,True
1.034504008212815,15.768678173674537,5.326751547050589,120.80897278704849,-48.92432782530111,True
1.0514885411513455,15.499952472210758,5.224622098062723,102.11418602697246,-44.74445028057664,True
0.9246667559429627,15.711672818869634,5.341078239650091,178.02478704454865,-59.187331508401606,True
0.9498164913672318,14.182198448517838,4.943778972869173,95.5049017480718,-43.31850460434221,True
1.060103982953943,14.661031358135457,5.679596155374974,92.06267282497618,-42.32361153140558,True
1.0405254389089094,15.398370686925562,4.536213789330143,77.9008973820511,-39.10464730824979,True
1.0701771814773862,15.003950323447153,4.91756581344193,73.71703436016195,-38.02019361735611,True
0.9880026799679085,14.090661050228324,5.519425427989082,99.67926297540166,-44.45320981596196,True
0.9945327829849192,15.57336321949491,4.948772418886904,114.38145228559026,-47.56557756227698,True
1.0308063054477126,17.28372184066913,5.1988127263120045,160.7709791004095,-56.036628828619925,True
0.9324437479739506,14.578245242160595,4.858481772246005,111.43917932246633,-46.99719454465741,True
1.0097903919462046,15.488148067572844,5.133836804730359,114.61784915067446,-47.55838651805915,True
1.1267524865841998,15.227857195270657,4.891964020942186,61.27332575652663,-34.82038132797075,True
0.9821080855427827,14.629201171146857,5.350595499990001,112.59063476564513,-47.09314433504195,True
0.9198282533593777,15.80628401556179,5.087211171920584,167.9854453692283,-57.54984778521899,True
1.0205549147433415,15.79262045273109,4.474987873782725,90.47123011525012,-42.19855852533678,True
0.9549420029519294,14.45018603974531,4.756022251161883,94.57128221918177,-43.124381647924054,True
0.9946508187465458,16.432995561174714,4.707522594138683,127.51047847378346,-50.03448598682434,True
1.0543784351017338,15.010677929398177,5.4218374651975285,95.40440477634576,-43.07397504301043,True
1.0279055179839753,16.075558548381657,4.627568262718788,100.46956077222981,-44.50749788779808,True
0.9755739951874577,15.344335294678949,4.91956068514432,116.2576288276346,-47.711824985755094,True
1.041924611350477,15.039582176729395,5.633448346316121,108.60871751554542,-45.975501360809886,True
0.9166034911089213,14.991693010350206,5.374285888294225,159.1167315992692,-55.88621239537239,True
1.00985535405641,15.676210165526705,4.743619300224171,101.99122506850617,-44.96568930708615,True
0.9808001272862955,13.900067184941076,4.734742118782256,71.0953315245288,-37.15868743899363,True
0.8820152546883875,15.371326366674465,4.705833901957799,152.66606095703062,-54.55934529635851,True
0.9394643774735051,16.310217046134838,5.061907643679415,173.7975585682099,-58.60794462267019,True
0.999269285553033,15.510580347788332,4.851281452505164,108.49851128554329,-46.077080040273536,True
1.0373353969720704,13.253301032540215,5.06908823648894,50.242860505698374,-31.469405397374683,True
1.0010885701995718,13.616956832345,5.092759241058131,68.38384017742165,-36.577035319906855,True
0.9851965783471816,15.021010181016553,5.014104917851714,107.74514252654072,-46.11959574970926,True
1.0404891989105152,14.213053589479491,5.0443064710017325,68.36111951092076,-36.47464010868431,True
1.0137121766216328,15.889674600646588,5.025821621441053,119.49324474480022,-48.372564009945854,True
1.0498637306781162,14.525761367773255,4.768441054603892,65.41343540449266,-35.611900478973126,True
1.0287215049790925,15.55131676224663,4.566183443964373,86.52798625457714,-41.31420183150219,True
0.9643987270341832,16.939366214312937,5.016273048321132,177.0487515836464,-58.9388074486697,True
1.033545402001751,15.023015086930089,4.7655155969188865,80.66096943454592,-39.61149059586331,True
1.0480473313792469,13.98819019678488,5.292836247371125,67.58812593859383,-36.19039323746584,True
1.0700087483889202,15.395830175645802,4.624933648204505,72.60464435928807,-37.56993458682491,True
0.9736430915228229,15.282732938263786,4.892952357161258,113.07190804029229,-47.18393106227119,True
0.9818436936056151,15.25003157565415,5.046490884456578,115.52246025494284,-47.62171830184532,True
1.0440195691595848,16.368027010480976,5.378196316547481,136.7312339390071,-51.69837823814221,True
1.042077723725798,13.813836997109279,4.882205266951504,55.905243671658134,-33.14534283313581,True
0.974484030330754,15.999487246922909,5.055238365463544,143.83940198460985,-53.115562429353936,True
0.9663785816309297,14.393812632630095,5.185068575265987,104.37502513651471,-45.17313267554224,True
0.9783486141174987,16.380592714335215,5.2288933188997415,163.0754836859687,-56.79620335654027,True
1.0039628726470853,12.877736667085118,5.110052440470826,52.31440799044993,-32.04143783362657,True
0.9556094315821497,17.230617842299115,5.542483397084345,232.7200687874423,-67.67880955873241,True
1.020986573840488,14.72917875000548,4.8808817401276805,81.50110744116543,-40.16355341546274,True
0.9136598289084992,13.789721323253069,5.519260577247406,125.1793714095803,-49.65073975485554,True
0.9584155820025078,15.907547565620261,5.206893352101046,158.2715296770298,-55.59728325167516,True
1.0092009442797552,15.511641848422144,5.073571626629546,113.29759778137947,-47.17987137670423,True
0.9540318303246583,15.45318904021769,5.097041998223692,137.16881126055333,-51.78836829607599,True
0.9790814670621617,15.929598927734627,5.281263403212079,150.47800031012042,-54.542806071817,True
0.9936350051560293,15.036392930180488,4.7842824364991765,94.58837713169055,-43.12097967528546,True
1.1060519442698515,14.70743971340831,5.043718394324534,60.2746971877628,-34.38243088656683,True
0.9346948469211809,13.840608330215318,4.927266358383496,92.42177881164916,-42.46026923767017,True
1.01178409788416,14.88614897286796,5.480753649461273,111.21510361999128,-46.60975276347192,True
0.9487582831664741,14.488554241028222,4.804898709608494,99.98429368462097,-44.14581006183904,True
0.9468831289889224,14.991634773552502,5.5993659216617795,152.41266259621324,-54.563363438359254,True
0.9562480673599248,15.112925447825871,4.8657140767947915,115.93684608067258,-47.63594772706494,True
0.9921734911684793,16.73737396988381,4.583449170218279,128.43726462315075,-50.421248511439835,True
1.0716900752445617,14.25268798716384,4.738831032848955,53.3661687672292,-32.476001538955806,True
1.058741803076885,14.858945876265407,4.745040417544113,68.18222198304618,-36.340972276580445,True
0.9770910220553287,14.564591508884703,5.497367762221173,117.11997797079151,-47.99909058297035,True
0.9866761300263157,13.597111616032823,4.596635791752021,59.0166831328629,-34.21816871069155,True
1.0295667340048797,17.911728633470016,5.096933229117594,174.99160610065766,-58.42353573735009,True
1.002882857429458,14.063872005705996,5.440290421288014,89.452998906009,-41.78272793940416,True
0.9681675872920255,15.369399845696153,5.831271859866749,167.93362354309193,-57.22582464990955,True
1.033070815855627,16.70021752779576,4.966946762935507,130.91727020066014,-50.625961537002574,True
1.0810485042556353,13.760620438086196,5.033608201140704,48.29585273859124,-30.87576475590345,True
1.0529213480016086,15.876059545338515,4.650142549974054,89.43610047190826,-41.94790246730086,True
1.0678290191020445,13.460615485606295,4.885771435104192,43.1259075226899,-28.975105876420987,True
0.9930311296755653,14.197600489060466,5.655695821020707,106.2399697560365,-45.545254382459085,True
0.9458682557664192,15.561315947572727,5.261439233278023,156.446497090545,-55.54050849951077,True
0.8999862927835686,14.727278620293266,5.364454399375226,159.39648595458405,-55.841982457773206,True
0.8964014511936165,16.45451899510804,5.194351129448793,216.20661497807086,-64.9412908802706,True
0.9898325533595244,15.128504575221072,5.320444318435237,122.0531481512209,-48.70411979624404,True
1.025341311211507,15.520996740857287,5.5815757256070295,128.89888454692192,-50.11808634387606,True
1.0421541040502889,14.310145481449023,4.862977567473046,65.89439584711766,-35.7215602605384,True
1.0121547162732627,13.961461916162751,5.221302432020892,77.19999147780356,-38.926038636251896,True
0.963919433480765,13.84404382502928,4.792583656033954,76.78001440538888,-38.97124012856457,True
1.0327249821524096,14.065053694849528,4.389288808850271,51.195278586790195,-31.798314372792362,True
0.9400923364085103,14.30505275945293,5.079467755154069,109.06779715108581,-46.49160285561193,True
0.9448126754549808,16.157099730159086,5.037286125573395,162.0621390157871,-56.37620809273214,True
1.0306468858745137,15.403401931228986,4.977488448108838,97.79847791733866,-43.974136016129016,True
0.9383410110876637,13.722268469730091,4.808211897129113,84.404963887932,-40.90775752334752,True
0.9617364044158245,14.588132916068798,5.041093044063663,105.65270610965665,-45.53339507364967,True
0.9511156840675865,14.969640919876763,5.12704648649818,126.14943197186982,-49.907481233005264,True
1.0084567923381804,17.9334520945797,5.588553522344477,226.6259102037614,-66.6943392944051,True
1.0294102756199286,15.00857847187968,5.160560507271808,95.84534286570432,-43.37662822132596,True
1.0306977906419759,15.453628371927774,5.176180946289422,107.10775701187197,-45.64050103063436,True
0.9709843204794761,14.007633285266488,4.775258703568988,78.20459859870223,-39.15464468476958,True
0.9916077934722861,15.720648801212105,4.713592153184951,110.18777922021184,-46.338942599960006,True
1.0367534760860155,16.380449248464323,4.705747988899541,108.82976659519275,-46.10467139713344,True
0.973481238791957,14.84917933423922,4.911149392598464,103.70091056776823,-45.15724316004458,True
0.9543543057848075,15.615496532788358,5.018076842462658,139.3598601531614,-52.25754065200651,True
0.9679213237641162,15.57547974531828,5.064705451136969,134.00686942424915,-51.34843443360527,True
0.9696068137321211,15.069453452336992,4.7546188975897605,104.61211669557619,-45.081269531947136,True
1.001534869156864,16.290968150755017,4.327605544046795,101.28239818880476,-44.510391447761435,True
0.9986562979880979,14.20131068734573,4.874101629939853,76.75191619965793,-38.72044840649029,True
0.9916292218235403,14.127823807098066,5.281200132963824,90.50641242148222,-42.21046021463041,True
0.9599951448306699,15.004450405359671,4.88707987641988,111.31446580212443,-46.529897060069835,True
0.9533869932513397,14.626660415416087,4.977737662156842,108.14193547642556,-45.91606376029566,True
1.0324597270303846,12.088514057417076,4.521786769989036,23.457361860385937,-21.28250417130607,True
1.0171574864625408,14.26866413987611,5.037310789831105,76.91308810072363,-39.03070465942053,True
0.9782591833153871,12.869927789800949,5.122828459808911,59.50686938832515,-34.270863359005745,True
0.9971558182024756,14.679397934570577,4.829011023234542,86.68389910151416,-41.41685070071873,True
1.060606805038292,15.713233864309005,5.289321071632089,106.16955349096727,-45.57528074586656,True
0.996403873089952,15.054141001091699,5.3596531680227635,118.9788419914036,-48.39674586819489,True
0.9996873779403345,15.133430645252231,5.634749786766035,131.23754423867067,-50.82837809514053,True
1.0763698288425383,14.844440487287914,4.721946520545853,63.14315395604542,-35.04426070789647,True
1.0535172199674196,15.211681956563943,5.08589635812537,88.60662167220401,-41.62885745282331,True
0.9679585785393641,17.82493236075125,4.643710676731374,174.63651058257767,-58.57736944022213,True
1.053519654415321,14.64786413177527,5.181330202332063,78.44693239249165,-39.044048190054134,True
0.9915032243110734,14.986743888652247,5.145257931112958,108.40231029279654,-46.25335321629971,True
0.9474699634368318,14.135467117689556,4.421816980303088,76.93643011944694,-39.067185688033646,True
1.065208370875397,13.096308527585625,5.081650163372741,40.497667214931965,-28.040051054919783,True
0.9645246922611642,15.265532280640135,4.9402550347066825,118.93207432885352,-48.20535012202661,True
0.9745019890455889,16.131744065089247,4.644478838874909,123.0311520767159,-49.083172349688,True
0.9809336106716952,17.320047109418688,4.912386984532938,173.0264044286239,-58.277852026569825,True
1.1018493505312765,14.812457513556685,5.618564974878963,79.4710347246261,-39.31302862762733,True
0.9524018331967714,14.74082156589675,5.172018944191898,120.89430657509138,-48.51837883109482,True
0.969868231273525,15.935536750458974,4.751891174588046,127.7447509220532,-50.13452205830161,True
0.9828851226661692,16.712194245660747,4.900608505530036,152.7470332279281,-54.64565029050351,True
1.0263605719603301,13.764272919035982,4.419386151081176,48.74078088866441,-31.06462834060669,True
0.9965252100823093,15.664561460633841,4.675893949092519,104.5841869018957,-45.31134311074478,True
0.9666343255032109,16.827854308506986,5.505250563445103,207.67955579722934,-63.77517293656309,True
1.0311896350029273,14.751047233643078,5.275059285267911,92.05971951238882,-42.39461930790368,True
1.0678249811998244,13.841852736826329,5.135319704626948,55.24533235200198,-32.81379827011722,True
0.9188424055322169,15.785208996451232,5.1170069493598005,171.14619663090465,-58.18532222776664,True
0.9659233829970896,13.654475437152342,5.425030406996861,92.58390788578104,-42.63977031344057,True
1.0255968492235323,16.19032576434807,5.096103252433971,125.07022016754901,-49.47263741540983,True
0.9383584933670963,16.99067176011052,4.9150085953869675,187.61584090951342,-60.4643284346595,True
0.9922553450650133,14.499884176355668,4.972539168486676,89.43388508655403,-41.71171368800935,True
1.0635366376596993,16.658035930918125,4.921481156793074,114.48654624007146,-47.54629426787675,True
1.0311327390082714,15.631273314853532,4.917532533511391,101.27231854455341,-44.64335562241679,True
1.0260502895717332,16.385961797794742,5.508944483183203,154.4450517402947,-55.08333172155276,True
1.0373669715637175,14.350125807620802,4.6829416895026235,62.663528064960964,-35.04586478012612,True
1.0162462603166078,15.62340988027403,4.848484743277233,102.54664282219629,-44.629318688039156,True
0.9831381995333662,15.242183993654239,4.452548460044076,91.10795809091908,-42.06778808391405,True
1.0482433356436138,14.2143768296381,5.303280683620776,74.18798034395137,-38.30599354384015,True
0.976208379461406,14.64806545249878,5.102754979740198,105.37954178715819,-45.34894022883805,True
0.9919243183556942,15.576118484728052,5.521528799524523,145.28038203738637,-53.62223655124807,True
0.917205065654896,13.875072900813194,4.808102308680485,96.44484124365219,-43.370343318088665,True
0.9761117792387546,13.798549900865083,4.761604244744575,71.81984717975865,-37.603550347014675,True
1.0039313282598323,13.722920078119113,4.6505566168728505,59.39314951103024,-34.34534442849579,True
1.0013208077868263,14.224309738876629,5.136702969239671,84.41010207782935,-40.63743324942258,True
1.046191604738409,15.286287235854605,4.894952465645734,85.85206837606296,-41.21931225366573,True
0.9781063300798387,14.493458952729235,5.09003384140421,98.37493456666807,-44.11082906924289,True
0.9801221316265706,16.277693296994705,4.872771436760171,138.15886686549575,-52.03767521622385,True
0.9729417926079406,13.555980267488234,5.431674245537146,86.96787845126008,-41.29474930974799,True
1.0120680389111378,15.513100591381662,5.379498534501602,125.71193721626261,-49.66315070458289,True
1.077315167559851,14.633037789742799,5.025825845506586,66.61291955934915,-36.37347875070808,True
0.8844811348455529,14.89522802425155,5.315978936010318,172.7303420632089,-58.03357814412162,True
0.9756163849423147,15.68437488116863,4.960290046388016,128.3659912267991,-50.091124893956064,True
0.9824508454069335,12.36551447706337,4.9862664925330344,44.52960324707616,-29.772524650426508,True
0.8934192407212731,12.862265801913345,4.350749104384083,65.1593181597289,-35.735633179010826,True
0.9937966413889393,14.937335516484325,5.15209475137489,108.14658709363002,-45.93750705234789,True
0.9823343705748523,14.777505633077224,5.006862702089278,102.3299799477613,-44.69456635619976,True
0.9780567024611716,13.571876205548712,5.264057410390443,80.78658430664257,-39.76074159447823,True
0.9448321912672496,17.005187510618832,5.21426916870508,207.03110137134186,-63.94145694695102,True
0.9956310237388734,13.84140581288532,4.775378701784432,66.80663749334158,-36.27470904105279,True
0.9416776620686588,14.46770042235041,4.942352673272667,106.56073798492577,-45.59343622925927,True
0.9578973003304304,16.149999419677318,4.856590631250768,145.45719396027897,-53.255262517108065,True
0.9900279057911311,14.32491101621458,5.313409801296934,98.34954769277222,-43.74328409754379,True
1.051079931779158,14.132151862334798,5.472023120985585,75.36323671742542,-38.375000163889986,True
1.0205166245222432,15.389065751610856,5.239552206606513,111.63686439613235,-46.89017167043441,True
1.0306931312471355,14.256895284931733,5.5956757825496135,88.93145770376124,-41.73040981206676,True
1.098080002999844,15.39484726791277,5.157171239124333,81.34379479156061,-39.912109887759456,True
1.0220243792158228,15.513075878851271,4.707636419042729,93.71312116566297,-42.677829057441826,True
0.9476587865383458,15.37926070919865,4.583712343851897,112.34506249840305,-46.99202582189611,True
0.9718625202142246,16.17897114591207,4.72402661626095,130.8974685839201,-50.90741340632975,True
0.9571451086803382,14.614140298085399,4.863940064642552,101.9934994273722,-44.86650252611164,True
0.9932137023399056,14.495945329044309,4.796775956555207,82.01207732669208,-40.30654183562075,True
0.9794303172643717,14.914471872550525,5.016303184158244,107.23626319089786,-45.72511071869848,True
0.9528681753668176,12.170246618853493,4.945805251031691,47.25052700874171,-30.46298683322999,True
1.0462012796599145,15.213682919333474,5.022400633639764,89.44256259088363,-41.831249981639694,True
1.0497774838741643,14.670359059844628,5.7324711521239085,98.07880953088657,-43.74179065454971,True
1.008970978899211,15.382456204251248,5.262781509216978,118.64870033398131,-48.19935644233514,True
0.9499025892227191,14.103679245419393,5.080863538000967,99.1567840852003,-43.95974703667626,True
1.0060780844848056,16.3452814550763,5.318557382751492,152.55519620236043,-54.835544967361166,True
0.9694097141528232,14.792241921201287,4.757954312806396,97.64284478072973,-43.986205461925174,True
1.064289214874587,15.835560022727229,4.7451428572243755,86.73397970001231,-41.15874645360571,True
0.9402162241276336,14.492507124965012,5.274885220928976,123.67401573765267,-49.26921969380569,True
1.032880387435931,15.466690957242594,4.999871643002482,98.54048603663195,-43.8293539440718,True
1.0318245803629769,13.444794088388376,5.036806109701152,54.54013771585046,-32.78841363908325,True
1.0448223329201312,12.803477747400159,4.657146162748091,33.72563586561871,-25.790188406916712,True
1.0098147525660708,14.793082508920023,4.857843297735706,86.75745572808006,-41.033414209624596,True
0.983494855692387,14.979875049230449,4.8771470601045745,101.05021248694179,-44.55828019576004,True
1.1196556801297164,14.903814972901781,4.855706194040943,57.03076157963028,-33.36625770547783,True
0.956146996994274,14.71079778292035,5.643496109933498,139.57246299330077,-52.373935868875854,True
1.0359053924997674,14.598421167408505,5.636269285752274,98.1941528071229,-43.9837872062032,True
1.000921604379971,15.675364726006295,5.341491661186045,133.6771299639729,-51.101516245474684,True
1.0171446916765794,16.78389350235605,5.028959475117089,143.51184592395776,-53.02900488672973,True
1.0168770274480876,17.587410823059056,4.823826097358671,155.21729261923628,-55.418757297685104,True
0.9458755162078037,16.094499740878774,4.689614597830725,138.03939572262024,-51.97187412487202,True
0.9328863581500068,12.712354682741836,5.1024859977685955,70.31200241751583,-37.240934257061795,True
0.9361402465548965,16.05089144557971,5.382133007782474,186.93927550122442,-60.4485761336468,True
0.9776987431498239,16.038160876091425,5.233424314350761,151.95884266110113,-54.65254997380464,True
1.0124109337556761,14.899243153065102,5.030572043807099,93.86110095139203,-42.91068793041744,True
0.9656320672460632,15.92723698281836,5.200381663964966,154.88172699606184,-55.16044725869962,True
0.9281807119734371,15.360161830138225,4.994320540079168,142.09762516715034,-52.63462022495348,True
1.0459276118091227,14.985262193532572,4.9166870239038625,80.82837159637307,-39.93313229550043,True
0.923068054449434,15.253246835853531,4.695900288619851,124.92493520092505,-49.37430534512553,True
1.023988036865555,14.445902838941514,4.901203384556861,75.71686763153765,-38.56841556311022,True
0.9624299964748694,13.1602349640894,5.091060478964697,70.04548463218217,-37.19177385088917,True
1.0608786610889136,13.122570117089786,4.874981845524544,38.747191032556906,-27.679304420790128,True
0.9737197562346636,15.916967346629745,4.657031496172434,120.30467687432846,-48.739173173638605,True
0.9119716450380243,13.974188150951477,5.034387045086933,109.80695905063911,-46.22459176623565,True
0.9980215485339357,13.4704905541363,5.091099196465091,65.97796229216614,-36.13131010230927,True
0.9579815709510943,13.450125150868933,4.889268518413843,72.6814451851158,-37.64217318358128,True
1.040542217212938,14.52393451400934,4.993397656873046,73.77745277400814,-38.11977777859287,True
1.016486872411306,16.515876930140195,4.2407888398713744,96.30281368026584,-43.27050741219064,True
0.9685458398456376,14.85486637818498,5.222528136728316,119.09301389954108,-48.480738589367654,True
0.9498652347990488,13.56887424808844,5.086484446568182,84.74945472159142,-40.94223492890432,True
0.9451215363029324,16.48172023241357,5.424613410660274,201.40300839318587,-62.899916058534295,True
0.9707045953830926,15.32659936369689,4.936104896004074,117.90157794087882,-47.90221310165837,True
1.0681865231955527,14.6534835382932,5.220158456961195,75.31620377227398,-38.34250451653747,True
0.992812426218734,15.485455880678375,5.3535339519493235,134.1680846038722,-51.15115155678767,True
1.0473514886353108,15.01167412289991,5.007408602066957,84.26770724802766,-40.43342118597371,True
0.9259562222543086,14.282649036319658,5.103297105028051,117.0756960833606,-48.09250525757076,True
0.9039510145496656,14.453273190526193,5.042792041566899,128.42012833899068,-50.21904765982616,True
0.9527287541816722,13.763139124720716,4.520285551667038,70.66717530482042,-37.27560667307409,True
1.032854323802561,14.530281765796682,5.1160992746022265,80.98009554557478,-39.87386551133859,True
0.9855563914061997,15.930347852475352,4.717585941039909,118.10752333635197,-48.29939480066934,True
1.0444839410485058,15.90295437535326,4.742495555152162,94.82640709120669,-42.94562858175865,True
1.0631905080896262,14.824096790070726,5.157283211490712,79.42247649391925,-39.33024576043577,True
0.9521387022272125,14.835065900885457,5.387927258592284,133.635670535946,-51.24177522792406,True
1.041716490319728,13.966513778333105,5.234236887412779,67.75537547411615,-36.541137258436024,True
1.0694018697343963,15.395984776398286,5.174627416176544,91.01217117450454,-42.36604304984986,True
1.0516759354491179,13.616707835417484,5.101274400899892,54.9176740327037,-32.89122046840394,True
0.9203028923676324,15.831752231954997,5.260622129748842,182.07937887037124,-59.899357906358965,True
0.9072533626632894,15.418683704452107,5.505253389180116,191.70455872650035,-61.1667833975911,True
0.9775686886327957,14.734831044242098,4.826939869940898,95.10702914359074,-43.14475660522957,True
0.9794612205313651,15.435460318417617,4.836801956659815,112.40287141844729,-47.17420160402851,True
1.0421432275471818,14.658798597978526,5.219338733042737,84.10252021181034,-40.439939752691785,True
0.9516179017801113,15.18868959436856,4.488492238768348,101.3295529543485,-44.42439596958649,True
1.0207871193184035,15.214854684345898,4.970317433632045,96.76603855943935,-43.685388953805045,True
0.9458398847052883,16.166608664417645,5.07832273477174,165.01355185112632,-57.036110379268464,True
1.017253136559342,15.489432048547298,4.837187666155597,98.8873761197434,-43.87039193730523,True
0.9771452426916372,16.04864319752038,4.424729424098778,109.63905767104573,-46.595155681705556,True
1.0179251856438374,15.393145368385401,5.415620659419258,121.61049313748117,-49.03866787061731,True
0.9818086889607316,14.942647385813197,4.820113766580192,98.70896054591421,-43.90537538315406,True
0.889629332296247,15.514796566593448,4.833487740164041,159.52639198211696,-55.70084806740041,True
1.0254485128914115,15.34492545474121,5.398493898754892,114.63100410128207,-47.214300162663854,True
1.0585018882560036,14.638780046453878,4.113987849746118,48.79853956222241,-30.89668037836257,True
0.9582080904269533,13.592354457875079,5.45336985287149,95.68861677938763,-43.135008750356405,True
1.0404764906061779,14.477763990730272,5.667846426596469,94.57961299621576,-43.31205492895391,True
0.969332049855864,14.470354132820326,4.733161658717485,87.8667284037165,-41.41569001985227,True
0.9325047149241077,15.555240845372948,4.8532123060471,140.26726635713067,-52.659418492403226,True
0.9694345542151759,14.93492235616847,5.1464666066364515,116.53897916002593,-47.69959015272252,True
0.990809343277836,14.187471285908387,5.0751841712460735,85.59530172052112,-40.768727852200826,True
0.9339790206054557,14.835391958088046,5.2954160764934475,138.1349864863301,-52.17340734407926,True
1.0674816148934738,14.679371015681465,5.149342380814088,73.27074878652346,-38.071269078167006,True
0.923458431004824,14.081172975483263,5.249122917469651,116.4962474764656,-47.96691486910527,True
0.9729287312654917,16.467101502656284,6.031612759267949,224.6698598352207,-66.33399191415923,True
0.9538872609607045,14.813803994193064,4.521747186363631,93.73188628761531,-42.64431085098679,True
1.0676900272405943,14.208199606773462,5.402725527236513,70.46034098141668,-37.346561079265264,True
0.9246313398701018,13.337755508996946,5.443785522559663,100.78251402296243,-44.49955395793161,True
1.0412588789922197,15.087465743754649,4.670604802965183,76.34419754303552,-38.82769452611246,True
1.009857570073336,15.518102742914484,4.760370070458564,100.27335390211758,-44.4506992386112,True
0.9376133289720608,14.348380195362687,5.15061536707886,115.85417118915822,-47.463437341328806,True
0.9824214143045651,15.140288631204486,4.62506362247981,95.13252397153238,-43.11494020569351,True
0.990871583653068,13.90862009710092,4.815677311794944,71.13286853418272,-37.37924588129274,True
1.0292475972924615,14.770662615017864,5.071767194756661,86.39266768794897,-41.096745139502765,True
0.9677518454751073,16.084690151840046,4.794893669463203,132.93260942501226,-51.184253812224874,True
1.0315721384791632,14.76651105929157,4.931722532488151,80.53031511273969,-39.50538102889691,True
1.0024387307221763,14.355721324141209,4.739871203918898,74.28894491333315,-38.41471540366306,True
1.0225606194037817,16.34218652479206,4.717301968555447,113.4273235417375,-47.202752609021005,True
0.9559389076710259,15.197830488211004,5.141461238266706,130.84821866474863,-50.55860979743499,True
0.9879437257010506,14.496895902634934,4.96964175213684,90.9440828074933,-42.388963254775234,True
1.0055115334626097,14.134420250499344,5.037014411686016,77.60058786954072,-38.884428112863695,True
1.004082339710037,13.851122513400629,5.211249958924891,77.22506011765428,-38.920761027862255,True
0.9980222106216498,15.42678230384734,5.055145500656967,115.72595851513977,-47.7164961616183,True
1.1046149622483292,15.76701329535354,4.89945954549476,77.97392410689326,-38.94955634077151,True
1.0287147248643624,15.000110933424953,4.735856912300939,80.01019797950237,-39.629303621382476,True
1.0363725500698222,14.80157685145398,5.134695296384197,86.34192955708401,-41.224182743452246,True
1.0123448197441944,15.588287257149343,5.598312776496858,137.53874733543287,-52.09108412796098,True
1.0266630856149437,13.582024456219905,5.264138370525495,64.76337823208554,-35.83275905428259,True
1.009930259384741,15.075893075962561,4.548486028275133,80.61263991756701,-39.98915808224365,True
1.09088873522824,15.017219460542563,4.392622503522867,53.740413582521555,-32.624417966661284,True
0.9969960166183026,15.414642122382284,4.779465386389413,102.60450035231891,-44.978282540614686,True
1.0415671265771946,15.478918498930055,4.538822767093451,79.20971156026089,-39.31062248689982,True
1.1042656991221071,14.592031640577979,4.614569233848328,49.578172687926674,-31.25828539546164,True
1.0326524939318098,16.854417528939493,4.287344587422034,100.15698960987034,-44.10413390848351,True
0.9857749944362092,13.91535860911096,5.069935786834356,80.58603767632518,-39.84157849710469,True
0.9632988734572983,14.523495506415102,4.652512125919505,89.40691856386104,-41.95388849972082,True
0.9752220832759844,15.85803887673905,4.649562603502272,115.60661404587181,-47.50207610261629,True
1.019585488718218,14.365079785988263,4.800926064286871,72.28378404220419,-37.615684825889204,True
1.0892127129843434,15.111434404661376,4.807233306749901,67.59478057722771,-36.20794818489268,True
1.0301812328589361,14.467505063917674,4.921291958071377,74.25414418817269,-38.39393061126682,True
0.980672401999561,14.608701267770014,4.579836355393468,81.72350061807721,-39.87606136511719,True
0.9847537406398078,13.705539866600297,5.295489075948493,81.85380751722059,-40.03201384262144,True
0.992527720150991,15.76075974582895,5.083701835513401,127.769349714888,-49.97848258255228,True
0.9329685128342196,15.782996573755389,5.124151506425173,162.52863558566062,-56.59412530386332,True
0.9771138096219668,15.779546362322193,4.86801490547562,125.28010830460161,-49.38022074584857,True
0.9749222999060845,14.570708480109776,5.322335175737449,111.97040622405163,-47.081035231990576,True
1.138905611703791,15.332151872843449,5.146584812785962,66.46623683603606,-36.127275147547564,True
1.0463437192664704,16.995137312058265,5.057118026647654,138.5061270113602,-52.051240083172694,True
0.9463456636618726,15.290170828391295,5.299461619388382,146.8240579500014,-53.66954190123427,True
0.9215397096307539,13.843799051359827,4.498856130491781,80.82025078818607,-39.8184025322841,True
0.9346993720324961,14.14598787957302,5.058201599258341,106.82522348044643,-45.93074911165324,True
1.0706813902326031,14.098812790954375,4.7991838751719955,51.928807976280055,-31.95024025434041,True
0.9325480074063647,16.3208896249094,4.782089592011026,158.07665301102733,-55.78581125327484,True
1.0804867881522708,15.394305711656157,5.239751680325595,88.82188041949972,-41.939283916100074,True
1.011986671658153,13.425994725528916,5.41155431549271,69.43518494264264,-37.07652474351773,True
0.9877010484183557,16.302929129180782,5.381725590748861,164.26553126011822,-56.54645195919706,True
0.942768657103363,15.56666521732527,5.002031616813366,143.83215033646496,-52.97517221235879,True
1.063192018341969,15.174412590348544,4.902867513052325,79.54125595690228,-39.7136040090732,True
1.0273108623280416,16.51726249154928,5.372262576487293,149.78372795790085,-54.44196713232369,True
1.0450051666962468,14.770957029691393,4.705433355855092,70.29979907845497,-37.33611818461689,True
0.98637400678975,16.36193798363313,5.509110873180095,176.51672585308728,-59.01079153741091,True
1.033332313589193,12.79044893615789,4.88419460680355,38.89934960802174,-27.638456481068026,True
1.0740809405946496,14.267009471834063,4.985098966267258,58.78447251888449,-34.13753566809724,True
1.0297635123445863,15.791785092062108,4.840037287548237,101.58983404769774,-44.81504678685481,True
0.9472147291878021,16.678203587949465,5.010475841958381,178.46500525931964,-59.21248392987474,True
1.0259963219719392,13.782215927488929,4.726773385164601,55.96777841682677,-33.312216044138175,True
1.0377397547442417,14.581917293633841,4.888253882955601,72.94028151666001,-37.585596936249196,True
1.0838429771097013,15.166209686146125,5.046088483248593,76.08274347861254,-38.716873727954805,True
1.0292492995857603,14.060597781997526,4.968086803345584,67.03712718200374,-36.171387780557836,True
1.0550757897554734,14.736745292668608,4.253234170258348,54.72800077133976,-32.644355151864254,True
1.030814767083076,16.58245526898489,5.742196403594449,170.15591895498932,-57.594210846566426,True
0.9322514743557513,13.968615006634758,5.47449005081215,119.52312828409555,-48.55292232879367,True
1.0414692301709052,14.759624398058572,4.65048389031509,69.60112173517163,-36.887449890356706,True
1.0059984723730715,15.272988263978977,4.813533460695009,97.77916463349978,-43.59718830715691,True
1.099848293521352,15.465441704289052,4.948513477177858,74.65902573187137,-38.305912884375815,True
0.9280364071218906,14.135259190752333,5.199410835266264,113.80637337209447,-47.345913539343435,True
0.9433926891923213,14.82170414613935,5.141689064440892,125.32947264990953,-49.56101369028149,True
1.0362698776090276,14.71015703586999,4.67034986577138,70.08765068495329,-37.268111578781415,True
1.0755804984548576,15.303631910884162,5.702738086102336,105.93686670245961,-45.717542806888105,True
0.9939867377055168,13.823833404795128,4.88102311451818,69.73661171873155,-36.82043313547901,True
0.9942506875924131,16.271414966036932,5.541479309856164,168.4329811907151,-57.302445201428384,True
1.0103574294843352,15.25804149128796,4.81877772421367,95.80973531611616,-43.4961068680958,True
0.9757927998486056,16.067109742610178,5.317031211992885,159.8786076434428,-56.11551465977091,True
1.0493768711461877,14.428745693108064,5.112708712827448,73.23287384505211,-38.07941422687052,True
0.9758692470639074,13.779802042329282,4.743319877423772,69.99804250339301,-36.913428650922945,True
1.0350166668406657,14.045458579496415,5.176296481063629,70.32739124334208,-37.344581148996305,True
0.933837086014663,15.70067064850906,5.054972613472764,156.09256131853184,-55.51733015084498,True
1.0859266843715065,14.55920786151854,5.276631816794173,69.04944828057424,-36.85197851790731,True
0.8939817732252606,13.380166381525125,4.76728646438363,90.64054963775811,-41.95471580959226,True
0.946837231650241,15.180494693588349,4.974835090333842,127.130830420565,-49.81827437523081,True
1.1126721128588133,14.679212859103528,5.242658875543836,62.69601153541937,-35.214525497658606,True
1.005051031444878,14.704670356166378,4.451668847837667,72.79850340720148,-37.65703555146337,True
0.9670098191726182,13.289782377068342,4.653727321911631,60.861890176770125,-34.4880910824213,True
0.9361447414972137,13.491009786473962,5.012088231397612,86.19356949591071,-41.01922051103865,True
0.9781967961647519,14.452002125622757,5.054008208073545,97.22967746097626,-43.843460495419265,True
1.0144882112159848,14.072466269270532,4.97133140704469,71.79063073031287,-37.5715342665983,True
1.0243349982321548,14.430649540433674,5.239498500208057,84.66360642169266,-40.815932362919895,True
1.0161131967732127,15.832513945220594,4.969922515403308,114.58822550762032,-47.66076488338794,True
0.9106878068912365,13.935876140403291,5.306783081145573,122.6178155229963,-49.09467866849618,True
1.0069465929278782,14.094291041011086,5.097048939503024,77.69700831963172,-38.97749823923138,True
1.016949035028971,14.47288681674527,4.6646375180841595,70.8527766957383,-37.09713369927637,True
1.0174316082831005,14.03665288399599,5.048513086798899,71.48255461315387,-37.258373997140474,True
1.0014731728080137,14.784599430036973,4.976475339127121,93.1710113769287,-42.92474400459129,True
0.938551019050729,16.02764767702279,4.798673651379534,145.73202439170873,-53.4083390139399,True
0.9539230927556246,14.71250731247492,4.544820620363022,91.3499247429213,-42.14912760348547,True
1.0606547860852784,15.258215685911324,4.646043525627076,72.54496755379982,-37.58319609915561,True
0.9612154286473965,12.67887018547134,4.7456379118506895,51.27947126180363,-31.521332184549138,True
0.9638987084009026,15.081538334266332,5.317628755846594,133.22212064657276,-51.17929561597043,True
0.9851870177533247,16.475815790139826,4.902545201079148,144.39320045269696,-53.08697051215173,True
0.9391684067491595,15.0982623292499,5.366635087259523,149.71902729639808,-53.96200166589414,True
1.0316903069988042,15.128203724568177,4.693333255635182,80.13227865676002,-39.481991196414974,True
0.9365771573917875,15.28554608249377,4.788201604213271,124.78253967603166,-49.68138974420953,True
1.0542002800377013,16.568007639468888,4.831297435123269,111.28848518017296,-46.89199809716392,True
0.9327601447157499,16.353778735001335,4.912606545664952,169.0943484622998,-57.42026795869286,True
0.9860209801801149,13.978043576124445,5.072099350969659,82.05821485701,-40.025812983003135,True
1.0171889535853504,16.202633040566102,5.188022021773551,134.3274536383987,-51.56706804491006,True
1.0395283988209902,16.37607228448672,5.376705775997703,139.15660849066182,-52.271818662650674,True
0.9887496419924539,13.289863291956035,4.34020188807599,47.07255664579335,-30.311800882685997,True
0.9648633313771868,15.026117011832829,5.607216040000998,146.03588404889584,-53.765291211561596,True
1.070952241112202,15.525550038150811,4.681732797804849,76.50157199934071,-38.79329573784906,True
1.009073378806523,12.19962651387656,5.030070137370843,35.831592035968086,-26.745353503792433,True
0.9914673833157924,14.319635675025959,5.2882093316582885,95.79869869812195,-43.134782860266284,True
0.9090679716988225,14.284225369907494,5.192674604514651,127.83630573960912,-50.236669303125026,True
1.00957854205845,14.354891840769396,5.336142776260836,91.44990990239125,-42.140468646589945,True
0.9997508264791835,16.044632355517706,5.3053502663604855,146.06208082646734,-53.44182281533318,True
0.932205925148019,14.94344518417565,5.125110805970745,134.79287819923843,-51.3509823591045,True
0.9609435990449355,15.421188291281515,5.225053985501178,140.63362570283903,-52.59768895750597,True
1.0046677374175619,15.089448119683828,4.628621538108491,86.22938344229381,-41.013060741188795,True
1.0233697865049174,17.468113822457163,4.786979706438667,145.5082436113133,-53.445791864215295,True
0.9490800756708883,15.996420077242192,4.7078508182151495,136.54467752830212,-51.884874564085806,True
0.9495582126243516,14.982430639908642,4.288884184047868,88.74902207124266,-41.534736215446564,True
1.005782713027909,14.7359783780682,4.718276075732757,81.56947899997786,-39.78804170213237,True
0.9579391058354526,14.303460982837882,4.689602210727914,86.09953084160526,-41.16548324526318,True
0.9899656926815675,14.026787265946082,4.72064479099154,71.02675901858711,-37.17392577364734,True
1.0887659196590385,13.803093197719136,5.200284701724185,51.07679922020771,-31.54185560958855,True
0.9978670079332506,15.982049829973565,4.77002810743079,116.72901786791526,-47.70918103817227,True
1.051137497437317,14.104995596371708,5.253448354696355,69.33116259228568,-36.79040161917256,True
0.9377248866212518,15.642034293881641,4.529792656287615,120.937135798322,-48.68919985351887,True
0.9616075702708832,14.496475884146221,4.803974668260464,95.16372027540199,-43.13353063853426,True
0.9605470038268485,14.248908277925493,4.882867055006981,91.20709391806413,-42.08961428782629,True
0.9448031697183537,14.669739099416136,5.355848471106911,131.92359504574412,-51.0429557861383,True
0.9115793131596952,16.79191217898839,5.01841708286927,206.17349353369877,-63.44505848435975,True
1.009653349251703,18.037682316706462,5.087473946733306,190.77986354742643,-60.94236229778033,True
1.0193443612888413,14.63350461188751,4.670820231584872,73.47716881906514,-37.9852361725823,True
0.9527161190253618,14.541821013990667,5.255441559259177,119.17621125657072,-48.595235649045584,True
0.9627419102875938,15.955010227829858,4.982341768549644,142.8024868810202,-53.00615622261258,True
1.0038984618714082,15.152695377244966,4.4739705616289,82.31764841011233,-39.987663441687225,True
1.0010404000588367,14.346692414883359,5.210172577767154,91.04233542385353,-42.47814645072208,True
1.0516544862422974,15.490781945146008,5.08750744414875,96.07414703797696,-43.57842984624839,True
1.0566853960350837,15.767520116624485,4.896808930123337,93.34216228615207,-42.64177367439758,True
0.9665843529943461,14.75998323364171,4.896492639029483,102.03862547843633,-44.857782516244185,True
0.9966175875224342,14.787938071726613,4.678876991177876,84.00233428939262,-40.62330433729998,True
0.9499588119504423,16.71497733374451,5.347583692051795,199.84659098626662,-62.824204204888765,True
1.075112011691914,14.179148570988485,5.218110367584108,62.59729083801516,-35.23670992404158,True
1.0133154018247748,14.459965218470447,4.682479308657454,71.65792923540367,-37.407711344043896,True
1.0496882072122187,14.537459891834073,5.0151836764847175,72.7172017766123,-37.97097243986692,True
0.9818367151637531,16.69905465533862,4.787231848587722,143.7657941309407,-53.24921829013653,True
1.051037927178406,13.023324379681915,4.617367857352307,35.246997745944256,-26.257733029311517,True
1.037217752098663,15.822409914777596,5.4666311710948206,128.0566976813578,-50.00583945384412,True
1.0639451282010761,14.970501290258868,4.8938808230938475,73.3691907307636,-37.98234628835769,True
0.9328093670795732,16.813490222064896,4.74768930119335,170.27304809040308,-57.60927982828287,True
1.003739974771512,15.35562909972686,4.6429309317290475,92.5341058831983,-42.6583775993539,True
1.0548770352212886,12.848612681695183,4.92755379953848,36.05467851963151,-26.526512734347556,True
0.9532165247634522,16.611488509433524,4.363969838020363,130.9794950577488,-50.85219643417795,True
1.026093986082951,14.76399062383952,4.954316509771389,83.94566459818732,-40.38181821799226,True
1.0285666321739189,12.95931328177117,5.363254227640207,52.235833181669356,-32.02528800433866,True
1.035052376339551,14.594574583035513,5.278185670584004,86.61361140347525,-41.02627911487937,True
1.0166868871043078,15.036102605745583,5.144554120701702,99.55060506757977,-44.00752787161926,True
1.0308801650362713,13.950849877202538,5.721512278896536,84.90451478747659,-40.88653667574721,True
1.0216373513482144,13.468603935669082,5.076872369479522,58.95694266488732,-33.807909210430715,True
1.0592456361835059,15.296591569338165,4.726612566097368,76.90812265316644,-38.82463637974644,True
0.9641150230404237,13.756181514413933,5.250408769954381,91.0729101465055,-42.098564503151614,True
1.0170206485888185,13.974045855590905,5.040417321130738,70.19519017044284,-37.05059556693567,True
1.0609396413101424,16.35733675255892,5.01198127516699,112.38440678775132,-46.72719781708308,True
0.960813856892145,14.669444980199792,5.088718968639096,110.46807891519217,-46.72158531810374,True
0.9654444553085781,13.782797687149646,4.881156058336455,78.02781773096248,-38.938028292842255,True
1.0262183544219978,14.104417568372686,5.560738736613012,86.42499816969853,-41.24370434433861,True
1.0691046500088548,15.386207525772928,4.511580131862096,69.57907463908603,-37.032375082025936,True
0.9932871442496671,15.421919689432498,5.244827429782468,124.67884789172749,-49.45124159794252,True
1.0047767635311466,15.665713021988191,5.039923737574308,117.16461789407902,-47.81325129198561,True
1.0181925464423258,15.804276998016908,5.136613659018939,119.8509664462095,-48.57324478446673,True
0.9756613528661995,15.333523185572897,4.885926509330727,113.58779503846173,-47.08795252747249,True
1.1096868462190466,15.608021359747989,5.454186445780012,92.28061990048838,-42.32313270234374,True
0.9537685815935363,14.524385629124184,5.2653432988077284,118.13839966926949,-48.29089019385296,True
1.0045022629702212,13.882179968648801,4.768954909902234,65.07963647024525,-35.68819737822969,True
1.0053058687222558,16.3579631082185,5.335874204032155,153.38757530312284,-54.701290273689786,True
0.89058149485325,15.88025463803918,5.090056374782422,189.61749698855127,-61.11520490876549,True
0.95788410207603,14.718564153300923,4.824922644553624,102.34798664035654,-44.66783269119288,True
0.9323906543239673,14.335633678327376,4.492224038877982,88.3128785097726,-41.66488528294869,True
1.0360137832252876,17.28613960513991,5.230632916083688,161.1565695650707,-56.118984989671226,True
0.9153398882474828,14.095517583280184,4.782783191128781,101.0751136139178,-44.294258319235546,True
1.0470939620788575,15.227229725139496,5.1579960082180305,94.84833395494192,-43.080666545377184,True
0.9410115731334378,14.329758957774944,5.43853890685912,124.9069813128519,-49.44219890211271,True
1.0480759694093107,14.588810077621151,4.756629954166851,67.1776434156381,-36.190865894771065,True
0.9301772269149841,14.249768658377477,5.403409019342718,127.77575484410058,-49.925201751017084,True
1.02120179189811,12.83580975255206,4.65534850931919,39.05203987811656,-27.7427068358867,True
1.0467569949572508,15.3901628838676,5.444914018504069,108.9060468568465,-46.419239108835484,True
1.0286555382672669,15.656787283909631,5.546212576977311,129.2929157097309,-50.41299304107163,True
0.9389440638870328,14.335375361270298,5.269928660804453,119.2946810656949,-48.57398545906816,True
1.0564885566983813,17.606298131968668,5.131534852271081,154.42657929233712,-54.94915783864431,True
1.0272893031643748,15.283300645747499,5.2671411214588195,107.93534707507914,-46.22776100928758,True
0.8821073728258706,15.167274499840087,4.898980137229034,155.3811738413451,-55.049620597331334,True
1.0055346794574946,15.386950570947654,4.60167382709773,92.62258656466614,-42.64050271420885,True
1.141685558307597,14.407026541666031,4.778044666818747,41.630161282092025,-28.699394362359783,True
1.055824080568775,14.022392883425944,5.686524386175465,76.33973536180814,-38.58483633603937,True
0.9750494461627218,14.238654568202112,4.650657978415168,78.80462983432173,-39.27586381960613,True
1.0272016487974307,14.45491170119135,5.287765509243064,85.87009955232978,-41.175728733200046,True
0.9803580132479294,15.560646335539715,4.966705258150421,122.61296068758483,-49.148939786980286,True
1.0507286515964815,14.622205320053679,4.892854402504161,69.9298605704912,-37.26786230486385,True
0.9592898459094579,15.618729426714292,5.506691206747069,165.42342927349517,-56.78737530643478,True
1.0604286840121158,13.738408441269641,5.027821137129035,52.973102930515275,-32.18410772758672,True
1.0460200870216003,14.355703749122332,5.279808161228982,76.91048187730503,-38.60567133459581,True
1.0321309705788304,14.287706324141208,5.719710580498143,94.0795686655072,-43.02821073037956,True
1.1035411633850838,11.182956613823269,4.9372811844217965,4.099002894241381,-9.188678153116463,True
1.0502922350440391,14.542032729940479,5.142057298545286,75.53807878778227,-38.566637491961224,True
1.0510792094281927,13.962393951246755,5.211359435117863,64.82897728373133,-35.71721060361529,True
1.0563200886576212,15.45711723076418,4.903310164479657,88.14012914793719,-41.36271854123733,True
1.0356875380483095,15.732616093585055,5.147615894348663,110.48992709110699,-46.35590239053571,True
1.0232098183129283,13.599739498791418,5.3383953286642125,67.50130073277546,-36.31130203675268,True
0.966136589438623,14.754555634461923,5.234767555072867,117.17823438387386,-47.84403434524794,True
0.966823299623474,13.720280653205212,5.035083524197818,80.81435175492643,-39.67847359272366,True
1.0216025248401805,15.324486674336882,4.134999966791177,68.34572335652216,-36.82917685728892,True
1.030460166801853,14.312967383401666,4.566178841029518,61.11943000774759,-34.697055027752086,True
1.0008912263102563,14.465952699395059,5.550377721866486,107.26130459730055,-46.10229824706837,True
0.975921032433124,14.783206247987591,4.713571091541537,92.98847754935983,-42.82422170720005,True
0.9931946121724078,15.285916208843885,5.350336088675632,127.65596954447024,-49.8159598191393,True
0.9973582782892982,15.055102076394075,4.632169446281531,87.92010960436264,-41.64234853518299,True
1.013752986867447,15.393202132002337,4.710979856968225,93.84587711176432,-43.14173457764714,True
0.9888924164934134,15.71876939551152,5.204012289669022,135.8869122631127,-51.43702758252322,True
1.058285432130151,14.866888372635179,5.466283084854011,91.79694526489304,-42.41750824099646,True
0.9944652825488759,13.964406237511342,5.195211795576787,81.90427714415085,-40.2864477421449,True
0.9678341024291321,13.398702729797119,5.10697516380617,75.49708046429511,-38.575360539511706,True
0.9959601455533996,14.237165550922532,4.5918090593033325,69.14436832997275,-36.75789133785928,True
0.944930610215107,15.22484556184527,4.361631851077794,100.1982113594131,-44.37412460509191,True
1.1006661400405136,13.616916157396016,4.870273200698097,38.78356842607282,-27.669538677564375,True
1.0327757688071777,16.07378418647024,5.046364429309295,116.39901322985669,-47.952452140026026,True
0.9993687660792304,13.949113131085051,4.984459609439701,73.77466394060482,-38.12038076959898,True
1.0708228819600396,14.887092894742063,5.6632497759028935,94.22006320381172,-42.89036828635183,True
0.989747752574195,16.47632523416969,4.537371296658477,120.09796712208124,-48.35267575741627,True
0.9983268913317822,14.817754602575516,4.908594564863718,93.28717465853258,-42.77769006829347,True
0.9647924472073779,13.907913492038146,5.501106953101014,104.22976873581976,-45.071774308181496,True
0.9529725945619618,12.489849737952866,5.195241227097343,59.53917053082382,-34.3622582587691,True
1.010541263889364,15.40615179682576,4.671716677820926,93.2988551603668,-42.63290599791622,True
1.0532009012642958,15.310190734744166,4.335472828076867,66.27103884761587,-35.84583791820805,True
0.95608662569497,15.576086594503352,4.882158638927903,129.22234999064878,-50.154143173453924,True
0.9880363637011748,15.113090654908083,4.696497180016584,94.48299055585774,-42.885388832993435,True
0.9898219895361541,14.463517789585014,4.866513042820678,85.87279075779057,-41.21501745952528,True
1.038577422264826,14.213632317732795,5.686205975049619,87.83475996228381,-41.673656592725116,True
0.9784282450956611,15.041724113938052,4.696229349791893,96.2972462653882,-43.503234574052094,True
1.0376562191730592,15.98996515831882,4.805954580992761,103.45579103270137,-44.94498249371125,True
1.03577095958975,12.040568956961526,5.274067712445108,30.205958057077314,-24.22637363942697,True
0.9669018137399684,15.938691925862754,5.088302457037125,145.8564353805048,-53.270110310289624,True
0.985348027050724,14.70950175823795,5.449636124415834,115.6717551832187,-47.64264771473536,True
1.0040240283141457,14.832748516195087,5.245603065979589,103.0085568866033,-45.06517322894276,True
0.9781500020011269,15.6952395041246,4.792946797747551,117.501129109339,-48.057462719755385,True
0.9552574604801535,14.829227962738685,5.1544117660761035,122.24796729474095,-48.76822803649048,True
1.0741205092744546,15.225791494096725,5.034925592468472,80.42866383010937,-39.7591234041875,True
0.9108677048493558,13.366111769811868,4.471982286318152,73.66991373576695,-37.952806986420796,True
1.0116405459712747,14.722578951085676,5.648617385594402,112.31439357486946,-46.77607773425771,True
1.0682266579659763,15.506405639910671,4.681961580919535,76.91385904957052,-38.70367912441719,True
0.9597147253974934,14.608353835069973,4.967723029746284,104.96135541333217,-45.53620750458155,True
1.0013175475931857,14.668363475652656,4.858415429821416,86.75170877551955,-41.034593071688306,True
1.0451392868679816,15.164045973285788,5.035036827058614,88.62472408165765,-41.5059698824934,True
0.8478766223181013,15.43109981345362,5.05791753723065,202.42151518153094,-63.16053210374992,True
0.9974804120629734,16.52165948716481,5.173578527953755,154.16553031334055,-55.13435946342657,True
0.9213855603657528,15.439557973933729,4.8572896860549974,142.45775591517,-52.77873106916956,True
1.0481670512025516,16.35151583181855,5.324656597031251,131.77340453464313,-50.936439395787446,True
0.9603784650156214,14.90299123707479,4.796319331418948,104.01403551356997,-45.19640859641159,True
1.0892225199709307,12.63144821863463,4.840471610818932,24.844711022388395,-22.235731508367177,True
0.9522533620519278,14.571895133159162,4.48398056517022,86.75157757813133,-41.50107014070549,True
1.022482531550007,14.189917494524531,5.068980565539545,74.84299794011994,-38.11367423740754,True
0.9561807222756955,14.93695023365269,5.455983434162028,139.9715233292275,-52.40290484162193,True
0.9881351227082434,14.678824152293526,4.925573358672469,93.59630124005027,-42.715864751989955,True
0.9997868675717199,15.263401955199008,5.529490998338015,130.7871963623441,-50.648060450881296,True
1.0012898172477187,14.329662119072964,4.672938771484372,72.52869080512266,-37.70434457345357,True
1.0827425579656509,15.215688943086866,4.592692839458209,64.3074200080698,-35.418591810977865,True
1.0713669299668147,15.369713790510524,5.4165640920085645,98.51382205316351,-43.94939103749263,True
0.9625309944682869,15.03541965239994,4.949262288847212,113.35806222349832,-47.26447458824102,True
1.0021424664191563,13.53670682029702,4.707736708833249,57.441479688069315,-33.447607304079725,True
0.9418143731916513,15.893765627134941,5.0788524298987925,158.07590852967598,-55.68849059764233,True
0.9304329807858599,15.619732959393295,5.099785161603246,155.29024111221824,-55.15676054862857,True
0.9666544839540886,14.8086888774993,5.283572628117367,120.84350551892382,-48.78901012996908,True
1.0841665724146097,13.188851902799524,4.90073106450122,35.77948838466701,-26.601907291872084,True
0.9156203456790756,15.302018928033199,4.593174704169548,124.40709620710304,-49.18243733808088,True
1.0288152262103967,14.472092557864585,4.917942633302231,74.78025473068998,-38.279558754197836,True
1.0230167446202103,14.450465202854918,4.994094567526503,77.67055638197746,-39.24527136214388,True
0.9628394764265522,14.921748041566657,5.337925484506135,128.59041678484212,-50.0130790026134,True
1.0322492877422764,16.455305586026682,4.547449750186552,103.13289364172033,-45.18748163887835,True
1.032021458083711,15.146938470234018,4.8870388691920805,87.4181257669843,-41.38839215036219,True
0.9981264412503028,14.889337974819554,5.088003273489879,101.00113900430091,-44.58483942501418,True
0.9924805071957331,14.47851586428046,5.463655209498691,107.47462012177034,-45.82333500059532,True
0.9877242308875457,15.031100452266175,4.799317713305377,96.64338808350537,-43.69302227193923,True
0.9578035322218865,14.998871080392194,4.755978513938277,107.57339222803715,-45.987164980466886,True
1.0082695585647514,15.603028554307627,5.1995054117639095,120.82215750705298,-48.53120533207944,True
0.9747443740526539,14.46852294208124,4.316847338014842,72.05957116787388,-37.45519973457412,True
1.008076229673955,14.187945749062763,4.830012293387372,71.95589393791111,-37.687748585074516,True
0.96949709078521,14.557134812525753,5.17720084210136,107.71517063382149,-46.01777057975411,True
0.9671361006911549,14.912942081194881,5.105820975781693,116.93228857709052,-48.118579349619864,True
0.9727630659882379,14.978765453235994,5.060657240555844,114.07324089217342,-47.52786239412355,True
1.063450735343411,14.990244120187787,4.507954686011283,63.74816205891208,-35.4353736331972,True
0.9311305559516833,14.009051565356843,4.617430673264979,86.8066858203793,-41.383289412420986,True
1.088629178796634,14.914551489067714,5.402801247380064,80.68993785351103,-39.6198392135692,True
1.0384040770299907,15.68362913035201,4.971685345116595,101.87635868893345,-44.65455146107564,True
0.9218484944060273,16.27225332099388,4.9344605596513755,172.86896354073122,-58.30226146655322,True
0.9710851058748268,15.984417468663068,4.763127101589235,128.54987874857414,-49.99173722492084,True
0.918869987990218,14.939223335054434,5.005554251740911,136.2728227227552,-51.80230808158027,True
1.0323427493410884,14.841689057617653,4.853490386622622,80.34730493236478,-39.91663652225084,True
1.0638322568258896,16.24304590981768,5.2570771455937715,119.32061778637308,-48.56933313248909,True
1.0114596282530286,14.890127165927334,4.683862556619634,81.40627306032805,-40.19080199781419,True
1.0609526591097935,15.86711841117691,5.250451106340808,110.17859765035533,-46.30364559440453,True
1.009183654335319,14.970903950758974,5.493308750897552,114.92696698356907,-47.41082879218491,True
1.0485489514528938,12.600829650567258,5.185353406024692,36.562314848587114,-26.78053249044052,True
1.0145988064423745,15.664019988572083,4.629794202075597,95.77047372828724,-43.47785025434255,True
1.000702172790557,15.966253973888493,5.246344592342631,137.7368226430268,-52.10448345033441,True
1.038683247541953,14.671931629147059,4.853112009842933,74.59961782973298,-38.20449614492261,True
0.9921839485387405,13.842709136532175,4.843004970848461,69.27896582398063,-36.81047959011675,True
1.0728470916622752,16.521595052990754,5.0405559426088296,111.89311638160856,-46.81817752192434,True
0.9842270825937489,14.854143577272307,4.925827702665913,99.5609909662975,-43.99465223955386,True
1.0283580600096625,14.656222832145607,4.860785261855284,77.47678532488133,-39.05589618719117,True
0.9646666863102098,15.448872339915138,5.205790869151781,139.59534297638612,-52.28169025606949,True
0.9213400494163781,17.73630386131998,5.034658374300692,236.22607607856546,-68.08321607046396,True
1.017897693022774,15.48411266315816,4.426450820948209,82.93668366834034,-40.217242836523354,True
0.9098007093770453,15.178253024605567,5.306922271022271,167.276443560852,-57.405168974866804,True
1.1074582286885815,15.069780225566694,5.359710953590889,76.80349920488091,-38.84379336023441,True
0.982291894612571,16.654105798470763,5.180434410125748,166.93845354319907,-57.0254582677334,True
0.9961115715621652,15.527324715716857,5.198149172491298,124.13015455713901,-49.41572606922658,True
0.9844982880921341,15.863816872775555,4.933297823716357,126.85368236216763,-49.72965356421807,True
1.0070386786213616,15.303930479953786,4.641092295272345,90.22182325433428,-42.149117703197085,True
1.0170092733212375,15.5358577421517,5.053288512845434,110.69547413115025,-46.6792792314139,True
0.9580060877408658,14.721603484825273,5.464448864110874,131.66067189406863,-50.85993669888191,True
0.8722943348461836,15.169325606983445,5.081838161739517,174.75383754136016,-58.46025675036899,True
0.9449611345199862,14.313878142230575,5.4984548939038165,124.65792554535874,-49.61378811434779,True
0.9757374913307032,14.491972948576803,5.512994925793456,117.57496515078576,-48.042581389241434,True
1.0140111358628972,15.490442327085155,4.989198796845467,106.40786791849968,-45.752487124455,True
1.0091778021482223,14.296404154269457,4.860877378600417,75.52598963776146,-38.49469953778133,True
1.0376612690218348,15.130504439676816,4.871273106468665,85.14249465668391,-40.87587416441783,True
0.9178539839580717,14.632370796863523,4.962071645774197,124.56341567003844,-49.29181276977092,True
0.9553621416298189,13.875878048934279,4.707811533369356,78.74168468811148,-39.41051404556744,True
0.9779522615378264,15.227754729396917,5.167054523269667,123.63214747895867,-49.01298062044778,True
1.0762056937821995,15.775463260066855,5.28702484850186,101.75394546122449,-44.44493214005222,True
1.1360256363737764,13.68477685751982,4.444832168722043,27.190599458423105,-22.9124693974083,True
0.9325775428165645,15.608955575172454,5.535244526451481,182.03512832229723,-59.65273831010479,True
1.0545811621898245,13.88494489177091,4.841592029274417,52.98174441956372,-32.281385507423515,True
1.0043446247707646,16.35555581841192,4.911408198978572,131.68299676046945,-50.84421795470092,True
1.0278091393972488,15.567060038488265,5.092344046047978,107.14029515275092,-45.871580722488076,True
0.9337802013590097,13.684728099658273,4.748462860503787,81.65738551404168,-40.25983818850178,True
1.0677526134476163,15.85297451307374,4.82274076191282,89.6623253737562,-41.78781625025383,True
0.888945231206159,14.386759576106337,4.750742464965023,121.14324195324029,-48.8654222709067,True
0.9342649454661424,14.03455979563471,4.999522939054213,99.76610529931877,-44.081329893851446,True
0.9865107916607461,15.721760086005853,4.82557812256845,117.06414675453269,-47.78434004503983,True
0.9703380945650761,16.206762575501088,5.113108050333181,155.61564225469266,-55.2477673782753,True
1.0012913446066587,15.476319406467084,4.605263075115994,96.18259312713182,-43.39542637457362,True
0.9657648350915436,14.628368285180251,5.133269362940833,109.27800614667365,-46.08983219506042,True
0.9821679826990203,15.1695620551781,4.661886194424994,97.98879795867651,-43.65710737140764,True
0.9907798601680956,14.417843020510892,5.303277313378446,100.67118592679866,-44.281221728228815,True
0.9888328869936198,14.825620483337804,5.2438255640115505,109.17095508576529,-46.36398979893234,True
1.0074291172416772,15.408073297207578,4.358203042096013,82.77199179654725,-40.12392421464232,True
1.0448042081567095,13.57371067601047,5.252747895743354,59.18169240082248,-34.14935602266919,True
0.962321435584656,15.446309673522437,4.216894526658356,92.22487908160046,-42.63585998317516,True
1.0673847822500675,13.587530349592928,4.648461626608615,40.96367011695391,-28.115710779201674,True
1.002458943171006,13.72624246578474,5.309930675915478,77.55840494048915,-39.06923334573144,True
1.0630521232133558,15.653851268896764,4.837646391427256,86.78073214550746,-41.396885124637635,True
0.9828746100196456,14.155939663652207,5.468205491827022,101.98531872286011,-44.88225704735021,True
0.9566880422333257,14.008937632946674,5.212357281292969,99.42516252855793,-44.276901436815784,True
1.004011551826163,14.704395659527334,4.871247676066668,86.67004366113001,-41.0513448900246,True
1.1281950984551665,14.408624674868557,4.827977955154966,45.34640195964158,-29.782236677015035,True
0.9317420317655437,15.231384797463116,5.4509852772701235,164.7667144752128,-56.749832377398704,True
1.03386622314278,15.174665641779095,4.856314120815084,87.43318162464433,-41.38530376930372,True
1.008872654187265,14.014417133550777,4.441945278629095,57.219791822738145,-33.3413129700639,True
1.0202001420902853,13.289037863402278,4.721517652895084,48.17415975338806,-30.83141525230686,True
0.9397122549178546,14.79716487859565,5.03699441387263,121.50701936195694,-48.9912510067934,True
1.0228566998189577,16.10052158718142,4.764361635771051,109.62744484939489,-46.578946976639415,True
1.014771963878091,14.934170862100824,5.717144464731688,121.69042973866806,-48.79454265414467,True
0.9258219122482019,14.652397510044969,4.805918911221896,114.15940597787105,-47.338619263357195,True
1.0065623529830272,16.730360260848883,4.812771339149756,135.73351162827328,-51.82176523650455,True
0.9878517680256129,15.752607286111427,4.7044390407580305,112.53015900376478,-46.87994691518415,True
0.9823076972039091,13.272364326126374,5.26439421953513,71.6013695961777,-37.28051468190754,True
0.9977183785233619,14.72102986443618,4.91630748498974,91.11425179686941,-42.23176226325871,True
1.054383660147241,15.22306213370197,5.244180657518909,93.86829532899638,-42.90214307274581,True
1.0229071743412455,13.932367450981864,5.34643881268964,75.71483520029638,-38.47455574730605,True
0.9478303091233006,14.707088044796457,5.109012578446525,119.69917015826903,-48.60059546697853,True
1.0248553837248382,15.021296100148769,5.0925509881657804,94.18286866328543,-42.96934607619991,True
0.997784541163014,14.776274830319394,4.639821570245347,81.59077526383886,-40.02876058216197,True
0.969187702455667,13.789204589597269,4.5456673224256114,66.3196347442803,-36.3074686641209,True
0.9380155999773195,16.468207093474625,4.551121070179761,146.6773040883365,-53.63741281209505,True
1.0403497094458523,15.266822004681764,5.021733592877739,92.79268880361641,-42.631754692353184,True
0.9714754906411089,14.14078923766844,5.691323131342055,114.39986083320167,-47.503846962986366,True
1.0454036270401539,15.876088471777377,4.829971218630956,97.89402096263046,-44.06516745830775,True
0.946173460985381,14.91899650394886,5.30747278892174,137.04337507683246,-52.00170761409616,True
1.0997386108062683,15.991754264522532,5.1575861366751194,94.82280405317339,-43.08564798962471,True
1.1316864913464475,14.895706581162164,5.010153570793828,57.358439970834375,-33.59189647745078,True
1.0271144115648987,13.523876046484911,4.92704306437504,55.19985925945442,-32.92402186519174,True
1.0648214161635576,13.932810293007574,4.870947047109096,52.43727542721148,-32.02323915896656,True
0.9773300424247487,16.14108197147799,4.865398045931813,135.5237538378224,-51.50911188955453,True
0.9723851385173141,16.032762377310984,5.181611794091572,151.7521713338996,-54.544992435281635,True
1.0597031503949972,13.670658971088745,5.2581531017031775,57.08256311589658,-33.6515576610644,True
1.0075701484622734,16.393037374653673,4.872797736677917,128.62089141694065,-50.260127063094124,True
0.9313985412683384,16.025781895396037,4.868683299236996,155.7348909318592,-55.48237086826783,True
1.0038643693269704,14.365784663281747,4.825349959033159,77.21740794820374,-38.99465420468738,True
0.9389063738029407,14.921947572117128,5.300046600465636,141.0363992377181,-52.80347096038027,True
0.9907421793430592,12.797226839854808,5.263777368473026,57.45728905626832,-33.564915825140325,True
1.052441280137555,14.299239324116703,5.442925674153518,77.68332650407068,-39.257801769985285,True
1.0729707019126564,14.788556965223561,4.756469023383533,64.30261982408531,-35.37598674587627,True
1.0138137641160423,15.309309462477069,4.814691798995247,95.78730856068081,-43.500547809766175,True
1.0669016095523112,14.88423054264509,5.496323904702652,89.071159921243,-41.97108671502599,True
0.9770029395478825,15.138749134154228,5.39718089485483,130.92720205715042,-50.72351037645482,True
1.0850346404872822,14.031808300266066,4.702751882592459,46.433320871619216,-30.29588567394383,True
0.9638526074973536,15.323848964506228,4.731574360123944,111.31671245058146,-46.61643633007897,True
0.9595400332152366,16.683150449772082,5.075984139067932,174.63715143932538,-58.47827776998825,True
0.9769553237710545,15.439445750354123,5.372542213709974,140.7785215570815,-52.49086877705746,True
0.9626278665432215,15.033907608429422,4.7287411406628195,104.30506665138374,-45.0080448747339,True
1.0258710002598563,14.259424859497528,5.026059347164784,73.89318295471156,-38.20639613877173,True
1.0626129741522,14.6434914139204,5.326756857294424,79.8276426949951,-39.57905305257834,True
1.0007754179026163,13.6878882894449,4.939133834802602,66.05706922480083,-35.79295073599985,True
1.0155649979470476,13.554368809018316,4.977094669743431,60.14594267136604,-34.30985718581136,True
0.9308782337971161,14.929937549710667,5.426413199189515,151.23484594506627,-54.344399847569896,True
1.004813140728184,15.55441509044983,4.874685689377722,107.41104998273173,-45.79245024024041,True
1.088536944429954,14.144340238276738,5.380408264005598,61.48819430025639,-34.79993982117179,True
1.0706346165003782,16.195756999498176,4.955112459079714,102.49351897713301,-45.02675234887406,True
0.9452612017360748,14.43916118951147,4.674371306688581,93.99724275558917,-42.983026581791115,True
0.9780927798368556,14.910078047696722,5.167009095052515,114.1670780584027,-47.28003140485796,True
1.170326704221711,15.945479431393153,4.815088338100438,62.31679554122508,-34.96266964157561,True
1.020905021553941,14.686922130786405,4.64871880663516,72.55589042448167,-37.58076879455965,True
1.0757653477509102,15.627580590548313,5.589425795933053,109.5261603974467,-46.17912595480424,True
1.0796886846096592,15.572661979276207,5.125794029658073,89.95079296921435,-41.96856140615713,True
0.9442131659712795,14.326069973637397,4.904310053369496,101.61100813129318,-44.57814747475128,True
1.0361939310022037,14.352946805373856,4.909776354451629,69.91620343110444,-36.89206590419906,True
1.0093643784065454,16.222373111745927,5.4592197696671,155.16816472098472,-55.32121478550037,True
1.0870834331542343,16.31994792092189,5.481522318208402,120.42385373640907,-48.394204187416875,True
1.0981076993870076,15.625537405706917,4.836548410640771,75.3986773478113,-38.40636362004102,True
0.9584113702493129,14.132266305225233,5.079365839222991,96.48179338035429,-43.49888909651624,True
1.1720759797919524,15.868477185562792,4.8898264695833165,61.78106534998072,-34.7029848901779,True
1.0084515425733644,14.721924975780857,5.230369203250148,98.20712176479712,-44.02064004523129,True
1.0316148069362137,13.731331544690292,4.893849412082477,57.019553050334814,-33.36894238315339,True
0.8673876816848387,14.36330434973819,4.420361783213886,112.80469089860823,-46.97426115120598,True
1.0504154606191594,14.776273247168762,4.690590520358603,67.42560824006794,-36.39924668798451,True
0.8922926393812912,16.086549389352612,5.312544392684054,216.14918179546444,-64.92291513350132,True
0.9928036547471959,14.197474648195621,4.784020664061276,75.40820804846032,-38.2871512462382,True
0.9723555947110172,14.034249680539876,5.235611857050243,93.74434675054435,-42.92644671557955,True
1.0233061988007721,14.517245017897027,5.111435007183432,83.93337845117559,-40.734963205943195,True
1.0089662973905706,14.878108633385454,4.786254304025917,85.47387204316551,-41.053715638722174,True
1.0293469930009918,15.673024981557498,4.953532521372414,105.08330857676259,-45.51308842146678,True
1.0622966248450574,15.570423915152407,4.812390798603961,85.18146109707634,-40.74598727144243,True
0.9498016756057288,12.750401313998436,4.885908307124904,59.376429049466026,-34.28303998842904,True
0.9897797078775676,14.644184480423327,4.464482339454303,76.13178704431415,-38.87821004545545,True
0.9577282117051726,15.123905424482356,4.9655192490587545,120.35646749534851,-48.572811313059056,True
0.953964639163874,14.12960343717887,4.826415176442735,88.81643096854329,-41.96044776152179,True
1.0966344835103736,14.219554313411257,5.022962929211111,53.20397591980109,-32.12847568197568,True
0.9365538456272247,15.624581329902004,5.15809914334524,158.02915991960367,-55.49310282415997,True
0.9588953466344059,15.683176778742093,5.186191088441516,147.5432819303118,-53.76309556702681,True
1.1097130772676331,14.822793378624148,4.829780495806924,56.808171201094375,-33.31699495212044,True
0.9936582064973938,15.40193660720214,4.8067251541244405,105.74573166836637,-45.486855872692104,True
0.9967775766910009,15.463187334832861,4.954517459207095,112.73641086698785,-47.021113204241864,True
1.0200261111584223,13.903180429166763,5.3281677542521635,75.96531894723431,-38.42182232689806,True
0.9397532348592673,13.916568499291861,4.84576615242872,88.75211267439484,-41.973573944001046,True
0.953896519862822,14.60675080602078,4.794737164041476,98.95099667211377,-44.218941542440646,True
0.9691691082348257,14.30700921401037,4.669797115672175,82.31042967791491,-39.99944609991221,True
1.052111084678685,14.403327498978944,5.152279455254596,73.20508248469015,-37.7033620353604,True
1.0335783280887603,14.90487090610838,4.91260888276684,83.03750955545935,-40.451784467612654,True
0.96848768117416,14.908330109884501,4.698356358494267,96.77096319312037,-43.40896254863277,True
0.9933244944882422,12.439542226029475,4.760942159959246,39.90267749031439,-28.17892550595592,True
1.038971929635836,15.095601567567359,5.2007236183615015,96.33043477379366,-43.40283790800122,True
0.8807572258677873,14.748061221076659,5.043198662772931,150.93913192234,-54.25050296355073,True
1.015112413227391,15.225621004349978,4.799227258853439,91.39741869552462,-42.29153681309143,True
1.0378976409263825,14.359064559973907,5.1723019684177665,76.742273304246,-38.91224903613841,True
0.9540783139907337,14.364581020640568,5.3104928656694605,115.22634299547882,-47.47102378459838,True
1.0325062818708886,14.609459765279414,5.196849501989677,84.62337086785425,-40.709038910080366,True
1.000750042919052,16.068569544512663,5.062025076695952,132.96382057894766,-51.03721505126442,True
1.0905348598657223,14.583203180615412,5.5031874664775255,74.79512944755942,-38.10699386509181,True
0.9738468624596485,16.110831311738327,5.3972982310985955,165.5617558239915,-56.83412360716079,True
1.0295446581750194,15.977101948629134,5.018769186887644,115.15294160851084,-47.68951988834662,True
0.9265013534548743,14.661622763532122,5.30278060975604,138.85738980606325,-52.18725801578764,True
1.0037600005330445,14.488958437474636,5.195369658853732,92.0022862316714,-42.65964310705981,True
1.0407648266431542,14.523816448227944,4.839889740790446,69.34778654626369,-36.79501425926663,True
0.9737297666480447,14.855933203069693,5.480143593121794,128.12287226271056,-49.99447901069343,True
1.0559797266429558,14.441154090220147,5.506173096791915,82.99698721765272,-40.34893187522166,True
1.0460097364727465,15.73571365462268,5.35935016970519,117.01659732850926,-47.76625832672476,True
1.0071911233961124,14.354291322420927,5.189096143041081,87.24529108748959,-41.15811485678601,True
0.9864366676084811,15.863035859816849,5.283697822011385,144.38554227663096,-53.0909058462023,True
0.8458011396765205,14.067505250774985,4.899570376257239,138.8574636867929,-52.408884904375626,True
0.9675687942405218,13.332606113407383,5.3286766812300685,79.79773438374733,-39.585219714691284,True
1.055040388189033,13.202851997045023,4.6130411023964895,37.29555005926878,-27.156562483536472,True
0.9863299665094555,14.459653162267456,4.902188106744437,88.79672349604473,-41.71921969468475,True
1.0225941380995385,14.192424605823131,4.247598528585962,51.990340723538644,-31.757412634990146,True
0.976800116791901,14.147254539261858,5.120057592423624,91.49680372383115,-42.150187381419556,True
0.9286565543655149,15.983010512533898,5.308902176810718,185.82408375640804,-60.46721137964049,True
1.0373935876953302,14.268482342814467,5.49475527354689,83.64245868559706,-40.60059373153828,True
0.9385837820361491,13.034405896913949,4.935482265005723,70.71523638302045,-37.20580519054498,True
0.9868873135524933,15.5647445005404,5.069527676186363,124.64524557878154,-49.54758523043881,True
1.018217958414659,16.33606730395522,4.9956788118643765,127.44117402210168,-49.76358827804374,True
0.9660875702023751,15.44986054566496,5.5425647869888195,155.21700458039973,-54.95981926713597,True
1.0785181729784654,14.329871690143593,5.099553305413878,61.2386522719525,-34.75268805212518,True
1.0986153734522703,15.171597639565732,5.556340895440138,88.28936442513756,-41.85693065514532,True
0.9595221466276492,14.196682397515087,5.373498881409998,109.63281028501294,-46.162392113361655,True
0.9614849536329007,14.02839375453851,5.225881762294756,97.98317107383247,-44.063707485801416,True
0.9780749429952416,14.802384956708043,4.832990807932681,96.60759749176223,-43.33811435806688,True
1.0576524176581459,14.943020797884008,4.674902645804982,68.69755823895915,-36.601145030743716,True
1.0242966821852764,14.797214304910058,5.0267449214614075,87.05904188698821,-41.333093492451376,True
1.0375496100683743,16.671661887395217,5.02922126464621,130.71348386544895,-50.79956802340013,True
1.0657662922985938,15.042792198164763,4.650888570580868,68.40747460602392,-36.66670065400592,True
0.9547220367074717,15.959740111481866,5.32476134293718,168.4344680112443,-57.716001083527935,True
1.0251369989114945,17.2318825211349,5.055150102019475,155.9752041824028,-55.536335355076424,True
1.0025658200192933,14.526457004902202,5.176224929139002,93.4430773643034,-42.86624337649196,True
1.0215047739909182,15.148584306915922,5.509626587785033,116.86961414232913,-47.677801046012625,True
1.0574571632351657,15.816973568708152,4.767106159067708,90.41882272913845,-41.99973650169776,True
0.9924147027690312,15.122061790164478,4.37516008805774,81.61115230374882,-39.88336706945971,True
0.9651625916674778,14.722889480805218,4.824169420857068,99.56973559489428,-44.227095961785416,True
0.9474449269397718,17.343526952389155,5.518989736936744,244.15507743955115,-69.09804244216416,True
1.0877092413424376,16.198348155514573,5.0025255663079635,98.37901987291858,-43.986054393608036,True
0.9978988073020298,12.898313179597121,4.943106381383077,50.29302666743001,-31.175913168535853,True
0.9316075203474892,16.357344749913167,4.844987254143792,163.10695380708182,-56.59726339086682,True
1.0691495654214822,16.600339288501182,4.998076891503461,113.1025714113168,-46.95361817302915,True
0.9145034137967708,16.195352673049296,4.828836412742325,167.7217928269957,-57.335166483937584,True
0.9225041785479114,15.75066316757765,4.85242219162492,151.77383190082313,-54.6593198517163,True
0.9842005416810705,16.55095273327186,5.313882810760125,171.895986938673,-58.161940470973306,True
0.972657997863393,15.882626846422028,5.777274323211873,182.51934369496934,-59.798737092993356,True
1.0155966223413524,15.578723610243244,4.747236818183395,97.54311548806908,-43.87647218058039,True
0.9036817337574514,15.134150300909853,4.83916284515182,139.2904202370995,-52.19201790818805,True
1.0163036763754798,13.928395496408434,4.832655174489861,64.00077452254398,-35.55497137412786,True
1.0639204179321669,13.627270760123375,5.477315583927107,59.218523004902856,-34.02951175030448,True
0.9509043321285933,15.772954956087304,5.227518625199783,157.92913008747703,-55.6520671860036,True
0.9810817227368699,15.755053858851365,4.922860353588604,125.3225870573519,-49.510143883654514,True
0.9599223814520002,14.957286582471685,4.849256183323619,107.82343761053224,-46.072431582918426,True
1.0160191380198174,14.14333465428257,5.468754304703577,88.2184173524272,-41.64861480740353,True
0.9462268052788421,13.86998099071575,5.012345317962432,92.37390454806408,-42.71509409038718,True
0.9399601890789384,14.637807644414538,4.988262215069286,114.35354837069406,-47.21352334180753,True
0.9924446878513269,15.701873209510385,4.351820174490849,93.849445740343,-42.71030087377579,True
1.016851588798791,17.238397050902094,5.238746156981356,170.11009891764328,-57.65773660191566,True
1.0075244307165052,14.975488696531997,4.997845110140756,95.71617321242697,-43.40175897292077,True
0.9780201919690898,15.28775604248073,5.0320379813907685,118.27818152447546,-48.10128517736807,True
1.0334164708639304,16.125944369470265,5.0309048579841384,117.53290820984897,-48.23678941639107,True
1.011518261021525,14.936180539601947,5.282034848009675,104.77827805118362,-45.345666093674424,True
0.9415402349462116,15.368748213112147,4.330223862094077,102.53419821320054,-44.75301025481175,True
0.8662070207302197,15.821983533413151,4.641071919392932,170.21829356806245,-57.79942620975386,True
1.02608129821401,16.102026742202376,5.5876479090681865,147.55718944245416,-53.87515758016931,True
0.9871711860578263,15.054137540856862,4.6320324866845635,91.42510184014301,-42.39405064486878,True
0.9445025832105864,14.519408669018214,4.77108660524006,100.41898736529184,-44.422282953113765,True
1.081268146050071,15.204102311669391,5.375283144362309,88.84917009613483,-41.78864774206273,True
1.0807435286623661,13.302693105821199,5.01506394413341,39.9820068278303,-28.092386361097315,True
1.0636779893717794,15.293706051016757,5.017813330137033,85.37430809614551,-40.695916715072364,True
1.011309355896998,15.866887650188392,5.477162879478264,142.22415187545167,-53.01002458498724,True
0.8417820784860996,16.698238927786505,4.827552917030999,238.46208698264883,-68.59965716450672,True
1.0587633380287698,15.92464623401696,4.839055179637227,94.32671837848629,-42.81012632430273,True
0.9539722996907232,12.433956938825395,5.228153517409103,59.032899786513305,-34.0866494743648,True
0.9720420661938672,16.39177813938429,5.047906797879665,154.60428491120697,-55.123640664844324,True
1.044960961043505,16.466949312853334,5.308476275492354,136.75034868201823,-51.560873104742626,True
1.10159069799602,14.079364667162348,4.806614992856887,45.52695598458062,-29.735940773184506,True
1.0770539921483793,14.599379530176014,5.059750195748837,67.29538692757929,-36.327413535736504,True
1.008632979210282,16.439068465525214,4.978082224616471,134.7488561828389,-51.433674904233634,True
1.036947691681727,15.055560842496195,4.8826321267015755,83.67100710937687,-40.69034567681309,True
0.944713761308858,14.412462827274,4.615344622219305,91.56478173908611,-42.365544543043654,True
0.9188703594527277,14.248542137980426,4.873781687501518,108.10060343597813,-46.15222920644961,True
1.0539986514761805,17.634591683023007,4.8383458979591065,138.83419774793117,-52.270004658473255,True
1.0161294552934996,15.787477277289847,5.375899582805599,132.24273892846293,-50.9883699696233,True
0.9275841789408036,14.72139802342885,5.170164029012512,132.56620443979315,-50.88842842235308,True
0.9976000965499213,16.42862344148415,5.133309223870203,148.2232903144296,-54.00055118769754,True
1.0308474069922906,14.909767746264894,4.945392945166797,84.05808453762575,-40.72966467966132,True
1.045339243925172,16.211409849090092,4.732432468795999,101.62558462212141,-44.54618745201525,True
1.031408532115075,15.581232424340433,5.066797001916019,106.07802977487157,-45.580567178427856,True
0.981840948144202,14.661358210280932,5.425446357571878,115.80148104161061,-47.61927368619628,True
0.9575833979464016,15.498301212203911,4.742460578215766,118.65100688007317,-48.19967304952783,True
1.005856026710563,15.538723273101862,5.136133004242529,117.74625535284288,-47.97147200849676,True
1.0401070439511932,15.800823339484927,4.864023823374225,100.04854146087584,-44.26247483690227,True
1.045262412909017,16.628415205095298,4.99834442663401,123.61916963093397,-49.459678732278384,True
1.0790162495381814,17.211836984582177,4.9533039120282645,124.82999784800973,-49.244420382576,True
1.0017502152542266,15.411142971060922,5.134939809607818,115.92742943629545,-47.810781011582634,True
0.9444859067204106,13.091983839817429,4.953159726818239,71.56185449272729,-37.621540001589686,True
1.0543249140048792,15.876652904441364,4.849062334508278,94.75830234925002,-43.21430953015002,True
1.0041486584616628,14.739242007935221,4.526935113755443,75.40356968470425,-38.671023146218864,True
0.9358650221793704,13.308777466735505,5.0660391772214926,83.15612641728835,-40.28876654563973,True
1.0311859214676635,15.690695035418285,5.183181916970429,113.37369002900293,-46.93444246045609,True
1.0705937026952286,15.439403027982596,5.018761414790551,86.44357563033967,-40.96819885095109,True
1.0191513580724658,14.194458432946071,4.978137222518952,73.0769026002215,-37.780881945306795,True
1.0712037595412534,13.814075794454174,5.4460058309274775,60.24703893228663,-34.194154172519895,True
0.9757741918436331,16.395822683755924,5.4862833572430585,181.16480891432252,-59.63912600534485,True
0.9636229914307516,15.50615719011514,5.321460238289674,147.46170612835093,-53.70287604453258,True
1.0427261714229799,14.209019626699046,5.10042046392102,70.30946096436573,-37.241486746877044,True
0.9823623485987747,15.662544630016063,5.029116617106838,127.11773834110674,-49.95703713313912,True
1.0602601874685902,14.579780818908993,4.683941257275814,61.02001037643566,-34.4506661830922,True
1.0085383072376488,15.544767114505667,4.428235132680469,87.16752049762805,-41.28341673734148,True
1.0609354389907992,15.314078868361223,5.411253773979145,101.05870332252337,-44.44744276933519,True
1.0315634880386113,12.435543701828962,5.03421688740243,35.17975555778593,-26.43102552492275,True
0.9549972648965963,15.108285712042303,6.017523033165952,177.3862916793838,-58.79504938083194,True
0.900424070726064,14.833446690878976,4.82485850291531,131.61587357014454,-50.574851128044784,True
1.0390969157730734,14.259676302976052,5.128089366940738,72.59398397688906,-37.72630989744325,True
1.0282575216274321,13.735977645276884,5.306599343460544,69.15554905313157,-36.93252737975403,True
0.9491017589099086,14.782483963043049,4.804149185061777,107.65556854684593,-46.10410499116113,True
1.0399289042337834,14.647262620529037,4.919110216259658,75.19615241075456,-38.18989733102055,True
1.0695305334644145,15.651410133134403,4.941692969377177,88.16245913151577,-41.35816140173148,True
0.964634119975441,14.854839495380087,4.877935850691886,105.33551562204575,-45.696171651283095,True
0.9033235200924176,15.088583853206636,5.119665683892631,155.65490726113035,-55.24143431272084,True
1.0485310419097817,15.32716519381945,5.0164516983064615,91.35257588782896,-42.4288598224342,True
1.0636210935553845,14.536087535746564,4.3890327350759,52.0111638061083,-32.08094552710622,True
0.9633057343584399,14.003644453971322,5.033072335373977,89.32357286366305,-41.855288310371094,True
1.0387002100373601,17.213436930342183,5.112155334487264,151.4865402196625,-54.446218816448706,True
1.0165808366048477,14.922286182373332,4.987804752849074,91.07070719782529,-42.36351111601501,True
0.9945233158832822,14.790001821159782,5.494063397270469,116.05475066317685,-47.69903575548394,True
1.0290282212706066,16.413472019653337,5.104386509816928,132.4034977447003,-50.78063831987922,True
0.9748969950630382,16.887129153432916,5.007063432203146,169.13805179287033,-57.71208956361393,True
0.9449329591286558,16.445700519693744,5.272835894894194,189.22629736710067,-60.794310351719375,True
1.0202920031068108,14.609665246883083,5.679944155531491,106.92235019434035,-45.9111186859652,True
1.0134062306630138,15.34727538205128,4.9570007818296915,102.93760658168743,-44.94175950589714,True
0.8726567169395265,15.584540009698992,5.316109964448489,209.69624434937754,-64.358798673847,True
0.940942409250415,17.23683404330938,5.551671699468672,249.1362506972153,-70.07132564205646,True
0.9663899221391639,15.420231458103284,4.9307739340246854,122.48453461117501,-49.03566792657586,True
1.0262461528333167,15.464608585343342,4.64824449294218,87.34004536786823,-41.27217284002747,True
0.9238700340952234,13.986881157218065,5.131494686120115,109.07108074769583,-46.12834939295403,True
0.9840187510080507,13.744711296196565,5.404196842064914,87.92527860988918,-41.59474680992294,True
1.0968833904424378,16.354389952717938,4.914402045943932,94.96387758273667,-42.93513810242837,True
1.0033397484161055,15.345818075971446,5.328688526789053,122.38065280026207,-49.136654371635004,True
1.0064545199653852,15.447280858745012,4.742186575683621,97.75266919583395,-43.834976396864576,True
0.9969496832532876,16.07359905834722,4.925895175162994,127.1102366152193,-50.17474573181957,True
1.049102712260634,15.852306384115142,4.972280620344473,102.05194941988452,-44.62076326892162,True
1.0020867443015908,15.72179237400314,4.958240114658227,117.52983494615933,-48.103733343167235,True
0.9890050020347264,15.635924290406072,4.742144925940013,109.08149385595124,-46.05717568755637,True
1.0076095849560973,15.13868897079679,4.899381106376546,95.87264302956801,-43.610136841464424,True
1.0662876106750467,15.20911289939678,4.409819278802657,64.11843943883895,-35.60792601439087,True
1.0201030138502696,15.916042450146248,5.2078897707845995,126.96041912271674,-50.031965943382986,True
1.0028738933773098,14.06159543346095,5.01083819961992,76.75454868981777,-38.57393644897495,True
1.0588797900379856,13.949579996097045,5.344941764415075,64.6523227617393,-35.46761716405798,True
0.9738912562303367,15.081696956693083,4.973138224718109,112.00314309418478,-46.66641291270979,True
0.8398970881131954,15.1491329619292,4.46049562080458,153.1553558803697,-54.702486575872165,True
1.0223869657884466,15.724459731567674,5.095701340831363,113.57216047856275,-47.129260741278735,True
1.0218040995394388,14.777700767483346,4.80133368501966,80.66726427874546,-39.7295443623694,True
0.9688887844167693,14.222087016822346,5.320713568786343,104.26084011352025,-45.07462801616442,True
0.986552071586992,15.601756991615625,4.93648377742454,118.58981022704577,-48.26757995871894,True
1.0628975629040918,16.346592869466814,5.604560081133976,139.35970900773896,-52.40910181690259,True
1.0226967864575736,15.365038699893145,4.73174801498055,90.08743495519924,-41.94130409077565,True
1.0737332296542454,13.546034782761536,5.073882578031116,46.92827914416263,-30.32577226231989,True
1.0134279365995196,15.275550521598873,5.179584995466776,109.33652096149247,-46.20662400716418,True
0.9923166722067401,13.068617630588523,4.900905911355847,55.2602807924714,-32.90946245964549,True
1.0353898088796731,14.958919551304557,4.60010056235495,73.84156953309402,-38.27606232597915,True
1.018406200221504,12.990229031546008,4.939932151181819,46.92252969196385,-30.546024128616786,True
1.0219380782893348,14.56987165897134,4.454315754742828,65.44055392814684,-35.90505756066742,True
0.9884854121062022,15.511051697208115,4.790463227135353,108.38571952059341,-46.323669285195564,True
0.9714011976759122,14.7145695117194,4.946564623715784,100.97802595150637,-44.700499815241464,True
0.9732824997539374,16.14872957955394,5.300252236242382,164.1603895266479,-56.911155192653794,True
1.0259967629143578,15.219071336381543,5.083884826034728,98.78594521247553,-44.031406722226954,True
1.032474295785694,13.876358395845067,4.878787118703123,59.70382445993161,-34.2064562666827,True
0.8685682313533616,15.900668642147423,4.860312322530312,190.35347073041928,-60.88038453476853,True
0.9633604941715005,15.689233914181354,4.834727078246959,126.4450228706791,-50.01467736802135,True
0.9204719820648879,16.273822685989597,5.275876018669881,199.2049371428396,-62.27570221764038,True
0.975084791966936,15.709733211361925,4.554623774106735,109.48805185702682,-46.55172950577689,True
0.9698353512510951,15.46988887322747,4.745938670799113,112.65009648913393,-46.85752869361979,True
1.0074062194986741,14.007047292033022,4.553168970840173,61.39523890988114,-34.63177481422935,True
1.0092961696999834,15.813190820052311,5.175690809853349,126.481720716841,-49.98277804072645,True
1.1065189270518536,14.85356589160367,5.454276548370931,74.79400599174429,-38.49421078706927,True
1.0186436141914026,15.806061404306279,5.17219196091002,122.04235091769972,-48.804782059075585,True
1.0319263449635188,17.23013735336894,5.1938579763915005,158.48278251317655,-55.910781671206855,True
0.9289049182484361,16.206757424604387,4.842443105600005,159.75330305891134,-56.15474950662712,True
0.9832603330589386,15.2850501145561,5.146355868295361,120.52451766158148,-48.452845060431855,True
0.9458342069210486,15.073339872710942,4.77470426047151,114.6558966384513,-47.60103085796252,True
1.0299278395393319,14.582279655781894,4.827493412688226,73.81544163561972,-38.2600567833803,True
1.0026069173135412,12.67702783979174,4.988708900110124,45.66139143743607,-29.974670971353913,True
0.982922376926048,15.04645939393474,5.012662266413209,109.39711684156632,-46.30119778662308,True
1.0478221967086727,14.48621723175777,5.5376947474031315,87.1490533150485,-41.48135082870327,True
0.9865354655855884,15.321903369762223,5.259952921560132,127.21331504233937,-50.12058689216778,True
1.066698263558674,14.483740130924684,5.0347328075475755,66.50569575738099,-35.90707398710543,True
1.0660323946148138,15.22105495856883,5.512832572959295,100.16358950163092,-44.361827452522476,True
0.9682173915564746,16.246065266513103,5.720992560386811,197.0654041116017,-61.95019725012913,True
1.0556744960080402,15.156705377985086,5.005985263459068,84.86484283203623,-40.800800447002864,True
1.0056343826773086,13.91383542598003,5.114878311296667,75.3003211167713,-38.61722423047421,True
0.9802975157880128,14.169217388241327,4.628421354138548,73.97561730305256,-38.246413779548924,True
1.0197407789847426,15.690709754321185,5.049571086242043,111.54385221035625,-46.88285607215625,True
0.9206473681988991,15.753077136055547,4.796559709403762,146.70304234667617,-53.73632554867338,True
0.9731044704315684,14.128319102929018,4.434140880274429,69.00471828659505,-36.924794646759786,True
1.0208893906657615,14.971275458539422,5.296889519373782,101.93636519976708,-44.900850199096254,True
0.9852837733233762,15.904680729757464,5.031906761490513,132.86499412612795,-50.91672084032274,True
1.053906796507543,16.720767448167585,4.7392643127944245,110.48515650310442,-46.77333367865952,True
0.9800966232546734,15.176422345184974,4.45175890362515,90.69149426029185,-42.15321656199141,True
1.0060736793202796,14.800949599798502,4.817350231312729,86.45639386005011,-40.97325899792781,True
0.9939847685003829,14.63032571105807,4.797757158199206,84.84786893036352,-40.692957216505,True
0.923602903787989,15.143131543636802,4.9668407894212,137.58747773909542,-51.92791655504753,True
1.0196190008760253,16.389072088215215,4.4770591095340535,103.91725734188022,-45.38825222597458,True
1.0158580418561556,15.144760805773693,5.128848017563605,102.75119192037215,-44.86603011040528,True
0.9033641834789058,15.499997568701584,5.192421381225829,173.76137697649796,-58.41846880671839,True
0.8765116839246262,13.57837712620853,4.609386118583663,96.99685127628376,-43.723074744743236,True
0.977325237569032,16.59438600503836,4.491575968066732,125.64282470440402,-49.65124665983633,True
1.061529803501786,16.336859167333177,5.304344440313505,125.27892228811848,-49.608425914365164,True
1.135916930387691,14.703867500366638,4.9553072917879515,51.70087238878426,-31.906040518089792,True
0.9089566868400367,14.895651928634324,5.191892404100067,148.55966726394914,-54.08628933926756,True
1.0812800389414428,16.17935992214075,5.033144062899834,100.22655346816757,-44.118071448429326,True
1.0580766265944934,17.945283615101747,4.973531817026829,154.52584979679813,-54.991063298481876,True
0.970832655510967,13.315218471133877,5.310453526205784,78.14090086921136,-38.94788002724763,True
1.094159289681746,14.489061279794576,5.2521242741529734,65.07133565663791,-35.76441200958282,True
1.0233270000974313,14.605808052801114,5.1154137907197645,86.10887153785512,-41.27174560451939,True
0.9886265327693724,16.040963694024416,5.135980123166397,140.71912921447182,-52.307154753870236,True
0.9109776048562697,15.3543701000697,4.869774973959293,145.31030293493583,-53.279846789132016,True
1.0051042122315605,14.487636796874611,5.166299644936316,91.46280155162502,-42.276365362860695,True
1.0020703831523583,13.58376282458071,5.466045692967324,78.28543485354939,-39.23966464542577,True
1.1119401978097223,16.01130072945757,5.307175906411612,96.40845968938106,-43.62607025204208,True
0.9527069536634367,14.799747657247798,4.438339565917708,89.75340968076947,-41.724841733173044,True
0.9556953214602606,13.842107641335751,5.135546574995984,91.51093924885313,-42.14738826755384,True
0.9744666164650406,14.317800353829046,5.160201754717734,98.88034051512594,-44.2596008666423,True
1.1328100462163013,14.574803612549884,5.339818456735994,57.363664001228834,-33.681071493970414,True
0.9424750517857879,14.70000489805938,5.3714142103961775,134.15763151003668,-51.15293080680224,True
1.0654053437805524,13.955276455075326,5.1486871011674324,58.23279940389799,-33.58541292932609,True
0.9221105571844534,13.967888433692359,4.628412899566875,89.10994428198309,-41.88752179752925,True
1.0215825868981343,17.369527944882144,4.966148012685955,155.82852842697395,-55.270157339761234,True
1.0049106969319903,15.32950485810837,4.76189321773878,97.53503896469176,-43.516947987252834,True
0.9650134079011862,14.588565367212542,4.650247108015697,90.33812928406097,-42.253370916090084,True
1.035892351518208,15.377971699991143,5.419051903437866,113.1599579864835,-47.114462184275716,True
0.9599784133976775,15.160556608232302,4.8608165568206285,115.6232565015197,-47.69375225778436,True
0.919241632708158,14.093343875714202,5.596803864167406,135.3066545360705,-51.483656144590675,True
0.9844188936619064,13.084558836620042,4.884603320436347,56.633634668195114,-33.46137792378565,True
0.9541346072580591,14.46911953214529,4.785726926025154,95.3587626084031,-43.458169132656096,True
1.0129619072517162,14.81747834633403,5.180549719006406,97.12881809428023,-43.61705930545311,True
0.985694717820926,14.890442570255978,4.9764331871705805,101.95285205533587,-44.63977013423461,True
1.0782012245983585,13.16857900143185,5.08330984060687,38.91531851066619,-27.472799732273874,True
0.9840407931400348,17.48006775132644,4.838246786429842,169.38824160174966,-57.5632336060236,True
1.0137870301452527,17.40271617041526,4.83820020794805,151.39311960256862,-54.57517031362496,True
0.9418906933329688,15.444823748211043,4.853201206442992,132.19481477966855,-51.105359863813334,True
0.9786686871585135,15.025492917046876,4.687345955162931,95.81634803075188,-43.59893571527326,True
0.9544184514362578,14.435179064144009,5.289896284928352,115.08438968094275,-47.369721324716224,True
1.0592391322060657,15.578526420138152,5.061748938393198,95.4844725432219,-43.20337240527646,True
0.9621214241739954,14.882994595360033,5.046039096968104,113.78578707184799,-47.44987393177099,True
0.9674799621301884,16.252228449216393,5.199840381295214,161.79544430987713,-56.36421236207469,True
1.014941677780772,15.914097339269409,5.1071084402053355,124.4201553766518,-49.23145480059255,True
0.9643145948744313,14.149426044130303,5.6792291988966275,118.16526697616146,-48.308175422702774,True
1.070482630589327,14.312275847611435,5.1279642153494525,64.34357818086201,-35.62137007171641,True
1.097886943096961,15.969665993689276,4.3845065173210145,67.97658201020592,-36.55089144272698,True
0.9551280542835366,15.694637642115492,4.851833705240724,133.16048352765463,-50.937336185687464,True
1.0422815047443386,13.886774447893465,4.720313149649657,53.83185697290546,-32.36116293343774,True
0.9577500440262129,14.542898977276328,5.140283429210875,110.32130249720286,-46.387129167184646,True
0.9821712996446429,14.846040188689988,4.875970208699399,98.13985847152841,-43.65390078604322,True
1.0345086583860865,14.963246403017227,5.15032590120434,92.77882188420877,-42.50663115582094,True
1.0069917888086133,14.928115870700921,4.794859850546903,87.29538718988042,-41.167061602075826,True
1.0083171546627572,15.899239343851498,5.058229470005692,124.54603715986805,-49.565222282690094,True
1.0549152507994952,15.145774115017284,4.841913664488005,78.2740752358893,-39.25791392776575,True
1.0545681439488936,15.080751330436946,4.8981736706914125,78.58419758201167,-39.309516559997505,True
1.0025554373221797,14.243232768512259,5.067712779316498,82.81402718793818,-40.359667940323696,True
0.968277213541936,15.167555546816834,5.135384202551543,123.97385164726317,-49.31044661110383,True
1.0000461153221265,14.971278934299525,5.428591151321904,116.96133787517671,-47.902292343718436,True
0.9495621440418928,14.520141588827396,5.339371502440237,122.2799919500151,-49.15447045132471,True
1.0393022599839357,13.849332986151355,5.28296430653517,67.07195869492736,-36.3032853712868,True
0.9905875134707064,16.27694774227823,5.129524707787319,147.08494014949716,-53.698208239752475,True
0.9447224915331173,16.779722531535448,4.853575537462559,172.83523172544608,-58.15647366140908,True
1.0670478555931873,15.244502155202238,5.186615578352871,88.14583625092749,-41.467600753582396,True
0.9993022000951514,16.4346002791465,5.358200676777486,162.20490333699126,-56.37918771184443,True
0.9625987818243811,15.229534679054508,5.358388390219044,141.35187586520755,-52.88614508461279,True
1.0571485177461055,13.613138993359913,5.004849219309622,51.34248719945515,-31.598515317206097,True
1.0628748679353943,15.30029405604092,4.896893577202165,80.77541914394027,-39.82603033990686,True
0.9056510862601617,14.660495185470685,5.237599557706751,145.03910084794518,-53.33507010777759,True
1.055368609978194,15.475847122399344,4.26934582856707,67.08121835304523,-36.51661851390758,True
1.0078876389452622,16.570791045744855,5.479007185909407,168.09351242736466,-57.21439769461542,True
1.048570488441026,14.49329818597513,5.368392756701174,82.41829671698687,-40.138421986398626,True
0.9966024631829499,15.387505790580915,4.915911648066066,108.56019597698567,-46.1971800043423,True
1.01896179973539,15.861123803313681,4.900605450567517,111.89467187115197,-47.04497280163849,True
0.984787867144504,16.354185993942323,5.622808249849166,183.65185486802687,-60.18851779732924,True
1.0496140487252816,15.985770640204095,4.689628899192505,92.9425788497275,-42.70483424371014,True
0.9664318783550265,13.885061662984594,4.921409265665128,81.77123453288527,-40.22513483518207,True
1.0513101516819443,13.883893195310321,5.525645612193981,70.41886350472565,-37.06766202027115,True
1.0089333799102882,15.764926988532716,4.678062152874937,102.30849962587162,-44.77140251202504,True
1.0378357948389687,14.615378660235244,5.0485047645280465,78.2084200197711,-39.24560212345296,True
0.9495370809682346,14.016143053540384,4.928326671023425,91.26942861790933,-42.20041341052338,True
1.0211390016546913,16.188342629411547,5.618131936313779,155.8805891994082,-55.1267993334272,True
1.0266603296024557,14.630328378087972,4.8370726669048,75.8648482172823,-38.795522126677795,True
1.0927158176870488,16.630369967864308,4.59295546886316,88.79004101337512,-41.825219479093256,True
1.0348871738309697,14.559524323755614,5.07259595731878,79.4304097953888,-39.59309480724842,True
0.9705931884478352,14.253187096509855,4.837094392207773,85.83142062354277,-41.10211945906337,True
0.9685244421272752,14.935646531838673,5.179168404639409,119.25457118241249,-48.32163297176456,True
1.0380555676584509,15.75826909875098,5.130124761499675,110.21348801080083,-46.40709481281464,True
0.9730014589389249,15.292930652930446,4.649085648149373,102.3225470779784,-44.63467532466439,True
0.9740264846846383,16.891678745694136,5.551961744075013,208.78349832783485,-63.76815924694899,True
0.957042599689318,15.171504271140268,4.816801971907245,114.84345445851784,-47.70244361879296,True
1.0066552387392316,14.823473825274105,4.848842618525277,86.78279697975842,-41.396459385616815,True
1.0109627829304262,16.50915500235642,5.17331090043338,146.74307331974077,-53.894817149013804,True
0.9836922046555049,15.59519585445667,5.489871381062287,147.73038378088796,-54.068455709242734,True
1.084750059968084,14.586420088781795,4.614199047874274,53.897712777921896,-32.62936721532797,True
1.0285544682845462,15.238609019171573,4.861302135242521,90.7536302694533,-42.1807627599089,True
1.087912944379224,15.218165162603512,5.28708687546998,83.6834005293622,-40.6384618214493,True
1.0065432370251026,14.794567778724677,4.828195841072772,86.1458175521758,-41.03729535006686,True
0.9633588131914052,15.182416033716146,5.047200325647651,121.88573572641313,-48.92362308456903,True
0.9502710005685154,13.712387566462285,4.875884120567463,81.58435939153783,-40.14611845203397,True
0.9938485338559188,14.643986065633314,5.148437984700562,98.09323290718763,-43.798678076274236,True
1.0376630708790184,15.431257132555123,4.625624851284084,82.94752718888849,-40.230589959810985,True
0.9851431186198133,14.471752422297579,5.094976220182905,95.03722525675148,-43.291499949408575,True
1.0428449074941981,14.108459531330864,5.1456742447317625,68.01171571894524,-36.76508445737471,True
1.0701660114504303,14.959356469821303,5.20430994470211,81.86165387990266,-39.918174457752045,True
0.9596658300474535,14.527280736359117,4.842709587890936,96.69700164827219,-43.32041056469856,True
0.9450251111221138,13.677910770042685,5.434365721521127,102.18779300641137,-44.72490697992235,True
1.0474084140353097,13.702875014579169,4.370185330709491,42.2503342293185,-28.76435123011746,True
1.0134488777020976,15.408079919827665,4.801032662203104,98.31562999007843,-43.982499021553224,True
1.0162732061520248,15.09056695836743,5.733191817150631,126.08766716225162,-49.50616800645267,True
1.0348681472738073,15.314030939070003,5.008675861316641,95.94708651789095,-43.480345780805706,True
0.9237030388609065,14.701353676484922,5.337452035154327,141.76726438755145,-52.6816601020747,True
1.0220624415536839,13.486591925520615,5.056877139119624,59.22420359022707,-34.236614776826144,True
1.009023559503356,14.125868591129153,5.521483661883539,92.08340945064565,-42.47503699987461,True
1.0230948099498225,14.678061491437076,4.9423427598734975,81.28640842888299,-39.83670348865623,True
0.9522609538854194,15.436090017615472,5.067119451621265,137.53333571290364,-51.72632158078231,True
1.0040329257728293,13.251382717698625,5.262358260388078,64.02492892705672,-35.5072756587583,True
0.9758181804819626,12.688793429223468,5.4598662206595785,64.0208939979934,-35.41120574629983,True
1.052185794403008,16.448917245437922,4.446471832134346,91.88143145811404,-42.266740936471315,True
0.9956617266200425,15.59788032975404,5.1554933081606595,126.43112228851273,-49.99161619414622,True
0.969997535974457,14.123918107041625,4.74415200097439,79.54957831844752,-39.72730780458566,True
0.9504580194188488,14.765325911481678,4.983483602704824,113.3272249922296,-46.91220737470419,True
1.0436424435200422,14.578772372301078,4.8392608761356986,69.65689116309126,-36.72624085264642,True
1.049059836914965,15.289663187245244,4.32763086408351,66.9764043285653,-36.17184201661274,True
1.096170250734066,14.49258902616039,5.317343794572044,65.79390487272511,-35.70555387412637,True
0.9838968894077469,13.851399680266562,4.606373633488479,66.22251087227247,-36.07033083396037,True
0.9493525673988847,15.489312561259453,4.9791878649330705,135.25253726392745,-51.347206049111136,True
0.9937026934727331,16.81439627032719,4.967846495175794,153.32122632077184,-54.69723651905759,True
0.9651124247080244,15.529788069889639,4.761410481749119,118.69237191382115,-48.330384125329424,True
0.9685444740241316,15.07507425055492,5.1916373121240955,123.44351025482256,-49.046220659943145,True
1.023721105031421,14.785739603954278,4.890368922970721,81.892193604426,-40.081650554046945,True
1.0546023798147517,14.211255294983696,4.785378448662773,58.00512749535242,-33.90827784542462,True
1.0206595072540114,14.592436989500442,4.5633873388232145,69.18816640814555,-36.747993467085784,True
1.0056612051246525,15.392341264563502,4.722472385665166,96.73265122294146,-43.54646015387298,True
1.0410261587058447,16.187232262481682,5.126778384549589,120.64077871226694,-48.43208415852373,True
0.9886262334814675,16.231893571543765,4.400383950731719,109.51457074834939,-46.1285729330097,True
1.0724960993606858,15.170371369156864,5.503399754958147,96.26560224517367,-43.630194810443086,True
1.1499549329899303,15.186796640484342,4.954384776524387,57.157159422076234,-33.53936167524827,True
0.9685188779975454,15.052216578998491,4.7397022979120145,102.43782462469967,-44.87897094666026,True
1.0604619749434754,15.571011262390567,5.178539658539079,98.61857532086027,-43.81968351287722,True
1.0605401322138515,15.048093172373065,4.874586102619523,76.04034437711233,-38.383487702246,True
1.0263575048397255,15.064468661475907,5.267012879371951,102.29057910576775,-44.83370064345634,True
1.0643201104869813,14.139772014592499,4.681235471901292,51.98475268155134,-31.735266414521462,True
1.017740418465132,14.115979321815294,4.702994933330489,64.75862008247617,-35.65137469368366,True
1.0324422564874813,14.308856222001925,5.178738352203608,77.34354245428031,-38.784996305972456,True
1.0040977874159993,15.239922811210755,5.359450337182059,121.0847656606583,-48.51327036816589,True
1.0070187648882902,14.693599946040056,5.058638095121392,92.4867660934851,-42.814442070948225,True
1.0318053240230418,17.58237817423145,5.069221149014966,163.33846337186267,-56.810446502472246,True
1.0210658379805895,15.387929972450927,4.749766583004969,91.16778827643813,-42.211323821135096,True
0.9476510327132844,16.570807596502174,4.8453375430175525,160.926833586843,-55.965470389218794,True
1.0254552846541993,16.48474566875554,4.802840638970705,120.75645825140357,-48.582639408835696,True
0.9877226796894983,15.424669829391952,5.388612555595077,134.76555566389266,-51.53995435508206,True
0.9722000129167937,14.959161266127417,5.4172131868884845,129.90958307427658,-50.53830033202122,True
1.0484967365968558,14.101007677993927,5.156123331467412,67.44759714293568,-36.50481554852252,True
0.9533064611914848,14.398135635191968,5.603256981311505,130.0782034219952,-50.534486594530705,True
0.9864444100350193,15.840368706990343,5.185460611293937,138.27749084562012,-51.876166102004994,True
0.9466971399569195,15.269648665642334,5.354784593971351,151.49222975424127,-54.65578667947504,True
0.9798928765015221,14.357550097187936,4.934323871259032,88.60526228154163,-41.75829341193027,True
1.1196423666799311,14.79257915937899,4.952772218809453,57.27231297943316,-33.51210639540048,True
0.9617583357287787,15.329450631661754,4.95306255825483,124.48034726908763,-49.30658048549549,True
0.9924337466548632,15.0248082631053,4.719069732897725,92.78634399233779,-42.865056769224665,True
1.0696013346507234,14.76183051739088,4.867746556411318,67.41067874448368,-36.359897458873775,True
1.0219255380499734,14.945207517498556,5.098713322882988,93.3433772159786,-42.644263110151975,True
0.9930717197234501,12.584472353576594,4.820308232581986,43.48857514059701,-29.28199346997485,True
0.9653548174436424,15.018207222281559,5.166902487015877,123.22452447011713,-49.085117871979136,True
1.0336782066848955,13.941716107119666,4.777814746222076,58.24598735418176,-33.850586861273875,True
0.9838050059524439,15.36347567916417,4.763989958719906,106.48218331743577,-45.704362044509864,True
1.1087342872761639,15.13396176931204,5.003818660990692,68.12914528883009,-36.52618993581556,True
0.9858703299206107,15.74840631591249,4.387289332956778,97.16398380401891,-43.509892702709756,True
1.0844997829994873,15.758186062523091,5.323754293428254,100.06331879323784,-44.397005944145185,True
1.0438795386134152,16.719646381240196,5.211849935967946,139.66123485040612,-52.27061599152832,True
1.0434500822099637,13.016866008392137,5.2448305506207955,46.70387162663454,-30.1546242897199,True
0.9920888265759688,14.873941839167768,5.223156878139089,109.15680685336629,-46.36660984196919,True
0.9770286944268527,12.959525127387835,4.965589832682032,58.38323702709955,-33.740891923485535,True
0.9870038879082947,15.490696582583862,5.073207115344853,122.43958730311762,-48.95870225722352,True
1.0522725917596725,14.832969783621277,5.116930940014461,81.67340229453353,-40.2199376712302,True
1.0262077800953815,14.52923891788475,4.564658766845443,66.39662736970222,-35.915352053248085,True
0.9067017714171787,15.26701849837399,5.060494637379941,156.87849712381873,-55.39034584356319,True
0.9355741200985507,13.947144621914086,4.886870594018405,92.99684446623884,-42.71086543392185,True
0.9932411867845106,16.847848221872724,5.5540629475201175,193.92351533799174,-61.47953049629195,True
1.026812608767812,14.755583417052467,4.942491983962711,81.8406982167231,-40.2106201631827,True
0.9885402419708482,15.076533269905358,4.962277530661883,105.74604036779876,-45.38745206297654,True
0.9748632502725745,14.871473962971615,4.633849826674262,91.54265765820573,-42.37005966159066,True
0.9507905652712058,15.92240985056154,4.882654760338235,142.15592839926256,-52.82967242206531,True
1.0456506682589286,13.797795354892738,4.365718826979674,44.082840050847686,-29.249170456148313,True
1.0049758124043684,15.82820874096845,5.55774582485704,149.5317341198208,-54.045893259947995,True
1.0840228632548952,14.481435333586543,5.1750983090411635,65.34359480082787,-35.99082518417257,True
0.9350146334878628,14.490166688279821,4.889899836534756,107.85960286658155,-46.19791651818358,True
1.0345611107505148,15.879392973162817,5.151244189811558,117.1708202080415,-47.71562982659878,True
1.027383816993175,14.731797284879788,4.711802818376213,74.68532302188952,-38.32759933584847,True
1.0423571847757302,15.613781820814577,4.945523500937016,96.70354891440188,-43.57246099717609,True
1.041333340757876,15.632453723181797,4.6674815067918844,87.92430689490149,-41.768291317118866,True
0.9746479444587547,14.65086405561589,4.540762656838875,82.83010797492351,-40.49560468618651,True
0.9909677142143347,15.232939913462005,5.22929422258875,120.10714796543614,-48.2996432204578,True
1.0083205513253073,14.516104072395656,4.968477535156406,84.13341516294079,-40.8334061838465,True
0.9498587992288192,14.980434326106781,4.48126068809993,97.03724041636785,-43.8064994137954,True
1.0515821409415498,15.473685447540012,4.751663393646934,84.7508639866721,-40.71307822268649,True
0.8762747583399636,14.043246279537518,5.3915906256782185,148.06107900558786,-53.74218710112844,True
0.9418868797164905,15.440293223556477,4.782927445501298,126.72732603871546,-49.82489759311723,True
0.9160950926032865,15.31766332038,5.186600014796397,159.25098532290957,-55.788358912683684,True
1.054988024331902,13.511000483961544,4.779157918486785,45.071749814383345,-29.76045166080433,True
1.0107804677609058,14.253922438837062,5.073102166074431,80.23868115760769,-39.91432331777852,True
0.9733535030756879,14.308518748375638,5.157349352067847,99.07589456371535,-44.22181264469267,True
1.0048156007043338,14.555611670557088,4.801637193081986,81.2084519376191,-40.106110118395996,True
1.0132123409134777,14.044108832702845,4.959860648998401,71.54998084055893,-37.62413533539698,True
0.9380192060324442,15.939159562222336,5.0924472715402285,161.7965847423052,-56.564966574931354,True
1.0072976380291165,16.060535899187997,4.829667294036635,117.26099026861769,-47.74822196906095,True
1.0694394996922543,14.212122722420702,4.93719787598033,57.74542463905219,-33.789370673164235,True
1.0782476369727392,13.845829992126157,4.716913041971158,44.761920894768345,-29.747520546813465,True
1.04266543503045,14.986661085363531,5.031391106793885,85.25787182176344,-40.71976354190447,True
1.0129148225374816,16.330188636807396,5.322836875508691,148.45569248896638,-54.03042746082512,True
1.0462274335816564,17.154199881883113,4.650957486677729,121.58588117631126,-48.99615499071287,True
1.0352855548747546,14.32542100096947,4.7882642396109745,65.44104524556039,-35.60558965815766,True
0.9438022591650763,12.725040254856454,4.386830450156618,48.863010332588445,-30.927945011088045,True
0.9543171134797251,13.512518705506437,5.15354822753626,84.87556156365473,-40.657832677430534,True
1.0317327686786153,13.217541171198505,4.520211094236903,40.568861471945205,-28.037894117275314,True
0.9665746191133895,15.416839551845309,5.1507045258774955,134.97006514731,-51.45713784726635,True
0.9487384155118345,15.097527813027598,5.171147954366058,133.85596042569986,-51.15751108571675,True
1.0644684720458726,15.21719052484785,5.272971462111074,91.80939519435897,-42.44394429667801,True
1.003136388266688,16.125930457986048,5.110639251660579,136.15807008342375,-51.608116225055724,True
0.9967529943087974,16.628938900583762,4.547246452028991,120.99352168270153,-48.67885381968777,True
0.9398530152770538,15.842955801767172,4.960307335891924,151.3619910347355,-54.527279253541415,True
0.9775654709714215,15.735193292400771,5.058767870024826,134.14432072435127,-51.32483764388817,True
0.9828286046922525,13.525941720208905,5.159827264921204,74.96338905955824,-38.30825367709986,True
0.9547440381551882,14.491405630731682,5.171208767092344,112.29826246369949,-47.13126267950236,True
0.9392267286270675,16.38482159130745,4.871807770982788,162.99738276925189,-56.76444099294782,True
1.0873954277236504,14.450339662444565,4.967469890242962,58.91173141942257,-34.107767504228676,True
1.0704700935190148,16.10555436673683,4.970400286481428,100.3683703801661,-44.45545016808385,True
0.9947513262115797,15.123380766257903,4.620151829798495,90.36339442439535,-42.12022562767441,True
0.9336196933689591,15.783185933088802,4.709978772409015,137.94178102958,-52.13449465007235,True
0.9137306650141777,14.128160648884725,4.978377899707372,111.35935463658551,-46.78618750947245,True
0.9774215630954065,15.763133933746499,4.748564151993828,117.16135300395192,-47.98250403597209,True
0.8873244964478506,14.360522519316017,4.561182608935319,111.25757922620787,-46.70677408033971,True
0.9773603534633362,15.230545508984612,4.544265815724678,94.93493227570394,-43.38227125743353,True
0.8989293175809485,14.970902560362553,5.208512103974495,160.1281945248256,-56.28221912304347,True
0.995286811159338,16.192038103016046,5.106400608762732,142.04324375308866,-52.575114495279166,True
1.0098206438999289,15.832072628426799,5.04442389580375,119.58752242625685,-48.35557704031404,True
0.9906577074847598,13.234289396512459,4.90186992590129,59.21331418403838,-33.93448489787337,True
1.1085880733433608,14.189599863070264,4.825429219025399,45.881887529339956,-30.135432684784675,True
0.9896851904519725,14.364107697953617,4.395123008268587,67.36752320965545,-36.20121428678489,True
1.0865139719003247,15.69173946021649,5.178142279478335,92.20275522997625,-42.620141826605675,True
1.0148126481318491,14.50463913950397,4.877918079397217,78.4128108872477,-39.346176815562,True
1.1006374922040627,13.910634782302566,5.186459992334889,49.27192642858483,-30.90722357580745,True
0.9122195567302619,13.63535263577508,4.71865739879884,88.3107890283,-41.814631128185546,True
0.9458756741728621,15.727353588708109,5.494262436001209,174.77026976747402,-58.642879122817554,True
0.9856513522701803,12.926464868908646,5.056235546937321,57.457087670146805,-33.66782452160312,True
1.0801574644114966,16.055137130287314,4.963723075137896,95.71750221803627,-43.401497099894314,True
0.9880471876328099,13.71308810607045,4.694175562786342,63.582974965910054,-35.3212894816585,True
0.9659908345824173,14.552282291378722,5.049578205972339,102.89341762327129,-45.077182357472104,True
1.0303349226672598,13.831496430383819,5.184959383300691,66.8707992113153,-36.141784704681726,True
1.0452955713618288,14.080843425280905,4.3276994857363675,47.56186061068782,-30.67353668139798,True
0.961643654108192,14.776583796095414,4.959549419220657,108.78569760046167,-46.285669464701996,True
0.9655680145498042,14.863270397181122,4.964394236425567,109.51324959253274,-46.14903998262292,True
1.084746715958911,13.453654419760307,5.135408709660619,43.469042926369326,-29.32172963889389,True
1.062440944345632,14.594630263606794,4.496772717223587,55.67562425839005,-32.850512451928864,True
1.0758205750991279,15.103233450640204,5.240035292378275,83.40259014909165,-40.58278262263435,True
1.0470334157727508,15.46795180476488,5.2210463417575514,103.00357911626082,-45.066112430894165,True
0.9573201613854545,12.957581534663008,5.232455833087147,70.83563613940694,-37.34036170882462,True
0.9983516640667776,14.521160624927244,4.801532624582301,82.5741681828295,-40.30909090887803,True
0.9469271333912987,12.946382078053794,5.3366901654779095,77.02993070008299,-38.68883214581605,True
1.0487912954919263,14.49176526912062,4.756125445447582,65.02983298325199,-35.69958103239958,True
0.97282571418306,14.569537200743556,4.365964562992119,76.35375385539575,-38.57984168941533,True
0.9144150565549384,15.629142563166702,5.093252732244943,165.00146862776793,-57.03802077031328,True
1.0056837146784006,15.973425463428198,4.98164942735539,122.91228597953996,-49.09524915165202,True
1.0562607109075375,13.978209790462907,5.366005436505121,67.34078844059138,-36.44816099659208,True
0.9311459536240031,15.294262372471414,4.689703474393888,122.33791350718435,-48.86004054168605,True
0.9937482859664398,15.655010884091482,4.896328027160083,114.58376548567274,-47.39486350494508,True
0.9722735069100995,14.252950800962832,4.8692598672548435,86.9987543801024,-41.474417050235395,True
1.0495548431000845,15.773005489304056,5.2409917833216815,110.16977667607463,-46.669522837763935,True
0.8976460478683628,15.135967375450768,4.6746910595810345,133.87953490845345,-51.222334513807226,True
1.056749083388897,14.726543599899381,5.381993097041749,85.45369274275151,-40.995692413517304,True
0.9647451686683711,15.141762230759193,4.77938108429036,108.47065331299089,-46.307568092323976,True
0.9920004761617781,13.419798216316341,4.867192338016375,61.55297700331105,-34.75572208015932,True
1.042930178424806,15.140463924518963,5.012568224395536,88.827741324932,-41.95545629799352,True
1.0739448587614255,14.154196633671184,4.695617866118824,50.00392560549386,-31.250735696731162,True
1.0025661700758026,15.028828205423222,5.117468386695388,104.9783118767646,-45.42464398551612,True
0.9637501143489675,14.594180241070738,5.078839233992591,107.06561085832261,-45.885605942099026,True
0.9734249903823142,15.288392213345006,4.814112351386839,111.01830243107833,-46.45199954559281,True
1.0583045986719652,16.191869369794333,5.085547349815415,111.34975690755965,-46.557920385703255,True
0.9557902658930438,15.127138922486102,5.093911366175511,126.24504582531743,-49.75611967835815,True
1.0164439091790327,16.000452382825664,5.171369326039294,128.6863760156132,-50.08818541211992,True
1.0003719260900217,13.977078550289976,5.33037436422128,84.8336661992863,-41.008431070851266,True
1.0379632674240242,16.433679867697425,5.125125336385998,128.90248840285807,-50.40649766906812,True
1.0017069737591089,13.987268874496474,5.145452780828708,78.40272089924659,-39.43181665279018,True
0.9783058964556434,13.74656163577658,4.669012318953415,67.10316480085196,-36.47294804551959,True
0.9747954506990033,14.725169897156384,4.539932581509722,84.41467556608598,-40.64962093345558,True
0.9738602720769567,14.555540121968752,4.834147033037029,92.03867923938537,-42.287781971841355,True
0.9310267674694708,13.418006915042705,5.098223873649149,87.92786077394925,-41.76603080731995,True
1.0253023991256207,13.872155935881175,5.124560465282139,68.03515998467041,-36.759931871501024,True
1.01049793401862,11.405742460075082,4.24230447558836,15.352405376876945,-17.265688953862938,True
0.926693855002646,13.64878005845232,5.039550486369678,94.16383505982857,-42.850740582212175,True
0.9797187408054413,14.340159725442007,5.337797476729527,103.07461301363274,-44.807459808748504,True
0.9862249317998453,16.489847625858502,5.677881152560409,191.33125142860035,-61.164536155839855,True
0.9707291801850427,15.713040040288325,5.4323625324148175,156.26656179527853,-55.49821011275535,True
0.9940058349598283,15.323499971838865,4.843565033249071,103.61243553399262,-44.91485855115524,True
0.9946533099842312,17.16528766155868,4.82603725443199,154.09399254692926,-55.112341385749225,True
1.0447177333787276,13.207580835809805,5.147528998059682,48.40524086310128,-31.03042200911083,True
0.9997660115716696,14.932300363530066,5.242676326011539,107.55114674656842,-46.17407537447317,True
1.0296816709212635,17.035442368176888,5.337011335792162,162.54161790568944,-56.675579857371645,True
0.9304562285743572,14.492656892885934,5.179263567043147,123.77378342802912,-49.47852274395957,True
0.946922902234743,14.172220085400308,4.632453770190869,85.05509059626904,-40.76779145341706,True
0.9313107779299035,15.817338119386463,4.582490221353096,131.4080829357027,-50.87531798489816,True
0.9802133344398012,14.443280967826247,5.437713529771536,109.86026295357537,-46.24415358649993,True
1.002779844558805,16.259300240326887,4.950422628505798,132.3159356611629,-50.87336395477695,True
1.0833856673711604,15.831490857222988,4.709389289861576,80.71495749846667,-39.96985478756029,True
0.9585166664017696,14.809509346478508,4.660298121616116,98.1190970930797,-43.63140697673305,True
1.042465515325175,15.980572823922236,4.837110252663757,101.44602730606995,-44.84297042600582,True
0.9583853404008841,14.764452263652194,5.478162877467388,132.90885008085752,-51.137980837300795,True
1.0011947976223996,15.132712375415961,4.926967938938912,100.13360239710119,-44.373965553960936,True
0.9923853800036682,15.585243036183504,5.2169215761238945,130.05515351698523,-50.475145945347315,True
0.9538089722580984,14.610463166514712,5.104886903932327,114.0564749498719,-47.17070643121617,True
0.9577203888571809,16.51028857921282,4.982546024143515,163.19343403953025,-56.53973361919829,True
1.0798746389797005,15.069985290877945,4.407753359800709,58.39010498320917,-34.03687073580267,True
0.9733395965031625,15.289647828917238,5.2510655273755855,132.6572262519883,-51.14226158764144,True
1.0499319576244288,13.68360951585072,4.777058189194698,49.32764709088918,-31.127802618644274,True
1.0339337974918472,14.355458063655409,4.503185855945495,59.69209635531484,-34.435886420406106,True
0.9694468218617235,15.162884086793214,4.445993105384251,92.04690573320299,-42.72312252923649,True
0.9998304981827856,15.86873523985834,5.176638146879906,132.58857764738758,-50.88458752834544,True
1.00603521953446,16.412930837025343,5.241839023460258,149.07775857301004,-54.14153547983435,True
1.0243477169012773,13.939320098811274,4.314462386622462,49.84842060610093,-31.05721542698681,True
0.979747753599234,14.17338175293259,4.843333232672729,80.75932241724718,-39.710163701632176,True
0.9246602365145129,13.770150882744604,5.109129203129522,102.31253518229319,-44.94958377480128,True
0.9649778961130655,15.493612791039284,5.046468421480498,130.3540491250863,-50.37157841302842,True
1.0582782260947423,16.41332936537879,4.845687823072986,105.98073375803637,-45.44209356989783,True
0.9984302732836029,14.842026819049371,4.974762491045804,95.75964486390374,-43.39319313026528,True
0.9789603270071822,15.058374408925816,5.284023335196747,122.71128458756029,-48.94836394932855,True
0.9262450961529195,15.132530360421898,5.1311153518581465,144.1641367640583,-53.201868872656895,True
1.06185377018254,14.530929865693647,5.1941297904589945,73.07288564966501,-37.73163943322675,True
0.9896360913572148,13.778691705746276,4.868947036929909,70.07920773497108,-37.23485740663625,True
1.0543748491120026,16.059962790543512,4.618259656646892,91.01417918102639,-42.47791241203543,True
1.0341201855112365,15.15425319019945,5.0728769899847785,94.11186209438645,-42.98333751834751,True
1.0397627804010747,14.451819393479335,5.240091157184495,79.84594319103472,-39.35395975186778,True
1.0829725534920795,18.00512680409256,4.796694518109167,133.06939281532144,-51.16036151697439,True
1.0060452811858474,14.997164611563944,5.069947195690103,100.72837136329306,-44.637058673759796,True
0.9933257395298125,13.287979759087584,4.999122935407882,60.808414480792926,-34.647184513111505,True
1.0781943245947965,15.654808863336365,4.501243028949034,72.1543196603014,-37.43191693026936,True
1.0416986577807674,13.158458203201395,4.952626263319508,45.4193392444473,-30.036340319886083,True
0.9647593821215414,15.466011852269975,5.052262347090211,132.210604225198,-51.1676421255068,True
1.052168048867448,15.439464506625484,4.86054415830226,87.34627750188201,-41.40313025602422,True
1.0757495065969815,16.379886813889698,5.327727552431312,120.31763710538144,-48.5207898928528,True
0.8850006005974037,13.99769113429978,4.626115625555628,104.70090008666834,-45.15385920647216,True
0.9377751644656566,14.706337547698853,5.645365583904652,149.8337167269285,-54.13131181823729,True
0.959495497508756,14.930925870829423,4.998872900881599,114.03971860593415,-47.27137214637157,True
1.0361531158880646,15.86575599232199,4.9424267771561325,105.21922653973202,-45.358242563860536,True
1.039444623315055,15.434242990802554,5.274563101063292,107.11600041124495,-45.88969759790789,True
1.0259769278345685,15.518792756810143,4.551259037830558,86.71994078267063,-41.274001930330776,True
1.04381975306479,16.218825988081242,5.683077792453846,147.38497630690284,-53.67864756163511,True
0.9445901543147683,14.777850360420445,4.795344740480167,107.19533583169067,-46.0588344394899,True
0.9396977002375178,16.462726229526645,5.266120691236568,193.36589692216663,-61.65588506634908,True
1.0626570730402283,14.911664256229493,5.000678501736025,77.01879897073398,-39.00821298495021,True
1.005189289214534,15.895461104389131,4.694607395886718,106.88869000363228,-45.849516267247374,True
1.060433652680649,14.504486109893643,5.305552248806298,77.18112845641225,-39.14783261324746,True
0.9650706910317874,15.595031091429158,5.158735389762064,141.41008971950157,-52.82025485866075,True
0.9471938655267668,16.158151140023126,5.9151381554277975,223.13385299892371,-66.25013224504426,True
0.9364567424104527,13.917927675299019,5.116175717844402,101.5070551890626,-44.61250853541663,True
1.0400504788376366,15.94434981541203,4.80993775145778,101.46520428418731,-44.839246740934506,True
1.0566000564800226,15.178755722447862,4.443491069660793,66.05650293244625,-36.134819085477645,True
1.0270885289695424,17.03839556021039,4.776836851552093,132.0627858718637,-50.84568805731636,True
0.9758313430867518,14.73610665801115,5.076882021437655,105.9239906158344,-45.609494720031066,True
1.0318569152181596,15.293494229829019,4.8878583941869245,90.89437822186778,-42.15247171419743,True
1.0304850643597514,14.843926531189494,5.228969392546382,92.9825222593385,-42.58532406679635,True
0.8987382246115995,15.662841408606674,5.1087298809012545,179.46135890678352,-59.35991085392608,True
0.9824796588364445,12.816799637417102,4.62583675748868,46.51688544677121,-30.08158170213738,True
1.0139722362576782,13.589620591201651,4.877231807640641,58.92007577175849,-33.89993768715778,True
1.0554026720209222,15.66856503321486,4.74032699569777,85.98063060911028,-41.315243623102035,True
0.9957434037558235,15.026520679914068,5.10342499850887,107.72952789766975,-45.888606935014984,True
1.0074520988646496,12.996541583022584,5.129343348271269,53.89629213104223,-32.64390663546616,True
0.9966316498631219,14.365935053654837,4.8196204824959,79.57593116218113,-39.47123273145082,True
1.0132642077816285,14.607168240535795,4.508043075380885,70.06508518275513,-36.921918140282955,True
0.9315604928357316,14.51490515177717,5.8436663333670555,156.85298480458226,-55.509010266994835,True
0.9697274250312358,15.93155572994996,5.096767859208128,144.15880654712382,-53.06210559880768,True
0.8884277064652577,16.256360442441434,5.096073876710992,205.8958872070693,-63.64071509576054,True
0.9779022792344041,12.762124242638215,4.437683091682842,42.68663508872261,-28.743727003047983,True
1.0247836210107848,14.880518329486243,5.217190184714852,96.09466720926238,-43.44861801761896,True
0.9603988330963856,15.113748175346386,5.319104732644394,136.07216882423756,-51.67581884334953,True
0.9874236591775387,13.518370603888014,5.101465469550884,71.81967256127034,-37.40367987798472,True
1.0195351841471405,16.253116855130617,5.040216103220937,127.05838150180686,-49.96745061371804,True
1.1361266029605044,15.370983490490167,5.0408497828216525,65.40866418714921,-35.66309793547213,True
0.9959189472629038,15.850513385852308,4.733546503615882,111.745885381701,-47.02654011556989,True
1.0359604054619105,14.554208793961418,4.790999976525081,69.93771692924426,-37.04129509961025,True
0.9906578743488723,14.221075371053203,4.930977675848081,81.48524727448006,-39.79484267905685,True
1.0177983790042195,14.430574866034737,5.329887741053654,90.35433072025003,-41.866493916782176,True
0.9985812398921489,14.889968549734593,5.080236369089239,100.83692299077873,-44.61626832712368,True
0.9788995732647117,14.574492928400005,4.77757860547706,88.79728014531322,-41.83998099583318,True
0.9898740915399129,15.905556396348539,4.805930430746832,120.5623677971418,-48.617928582337825,True
1.0623555795395387,17.666043773826225,4.351351382066043,111.89511728155509,-47.00434980444453,True
1.0144573093787959,15.58256097757264,5.134949722497581,115.25534367989758,-47.44247842183676,True
0.9401510707077262,13.052755352847793,4.937081566617037,70.633402506939,-37.22379065781561,True
0.9787880943548494,15.155072151612542,5.056055526886162,116.45621967596024,-47.58311512767847,True
0.9554048506352082,13.81220107317324,5.909313022815775,121.22293281853032,-48.868890893356806,True
1.0463712684652187,14.592327458429791,4.86581510886868,70.58167416640423,-37.12381510134715,True
0.9620301313375998,14.964380004279612,5.064324075524976,118.47052590816358,-48.19949304829615,True
1.0430914234823643,14.740858483361094,4.810628652108862,73.22734315172599,-37.898809197422864,True
1.0488290654170702,13.96495259626802,4.949835534293305,58.28154731598452,-33.66322416094486,True
1.00721562057124,15.521939503698777,4.70792114318743,99.25833640194847,-44.028478156480666,True
1.027221437085628,13.006112066389992,4.670479250046526,40.651297270875304,-28.290688652114042,True
0.9749270767596278,15.38635701823985,4.458625134348782,97.27985440762994,-43.75773278238593,True
1.042457623908728,14.097962943498594,4.675057224917195,56.55007379868219,-33.066754836683145,True
0.9380119744151392,15.27869837220454,5.069976950889972,139.89259069746575,-52.30724629578631,True
0.9768658002016515,13.655313964940992,4.90602791400152,72.77522408536232,-37.73443498144298,True
0.9846172099761353,15.23149170695945,4.934035749295693,109.33669432389767,-46.541697322635926,True
1.0493246416182478,16.377313407580502,4.864926417160751,110.73092314371065,-46.638847766439305,True
1.0852623392490335,14.405311236471936,5.046219829392855,59.76078476212241,-34.01144540415762,True
0.9772523457848591,14.383378926561285,5.027809103956933,93.90156363079537,-42.90267551865437,True
0.9951631060213093,15.432499471269967,5.009312734573093,114.84737906610545,-47.255086409888875,True
0.9409416434834805,15.211069544265401,4.902269018814602,128.31675078986214,-49.96181565090134,True
0.995844028333631,13.618265838123353,5.21887425411237,74.25529684156328,-38.077729395412085,True
1.055074881295821,16.107627125504372,4.398036308321465,82.20467148352246,-40.2455385981573,True
0.9102115500247776,15.808948951095402,4.770828742166985,154.16190142019656,-54.95251828474124,True
1.0009243444806293,16.28209072043135,4.76061195298247,123.34837463396693,-48.957639079109036,True
1.035901191828703,15.54590148537284,5.19379299201269,107.49121962018651,-46.059435884616455,True
1.0028521312593688,16.887810245484058,4.838293263849681,141.9293077355686,-52.72406224820866,True
0.9905323779984262,13.127390186762645,4.708013871421365,52.47355747982661,-32.20589938769719,True
1.0438245652203004,16.523913748886102,5.0518942386147225,126.34126309152929,-49.7391650940036,True
0.9595625168543667,14.610078625454848,5.2400208302308755,115.84054708697725,-47.594705075095035,True
0.9610282374496407,14.456031020847567,5.221796659497524,110.56597269466359,-46.596165560612164,True
0.9076883982206058,14.28554769481876,5.278671710818576,133.58302699920802,-50.98356987247521,True
1.0162672207782426,15.509350499195946,5.035643168080739,108.13305643788485,-46.04697075927385,True
1.0110576242888734,15.800243262409971,5.084217735906551,120.52363817387274,-48.81105144863265,True
0.9713267731666188,14.533656694763566,4.922199168638595,96.28409729720636,-43.654708455998744,True
0.9553172401544507,15.27357802694879,4.9021255281206475,123.35584818695327,-49.37057621661545,True
0.9976290576913637,17.763843270092682,4.707835458037915,163.73446848344136,-56.68521304264928,True
1.004806594923473,14.330121810286286,5.207953426988317,89.18957050468742,-41.86574589906252,True
0.9401230416908049,14.605521417164509,4.460958411193761,91.8133043167684,-42.41360167861162,True
0.902700574660233,16.419892321061063,4.607837087664218,167.98559916042927,-57.17219060945556,True
0.9137309852760296,13.424487499598175,5.560132766541808,114.64589530549371,-47.21709501246746,True
0.9273218864338832,15.245115871589006,4.9652701568581765,138.88652793122824,-52.19730162872706,True
0.9397208397559165,12.584601070869645,5.042014280375374,62.35065256814113,-34.885654582036565,True
0.9957995706931895,13.620498819520442,4.636352184994443,58.30815546329464,-34.00702277992904,True
1.0042444267917776,13.809922790937488,5.1456462106207175,73.27437105213765,-38.07049009631451,True
0.9916010191598532,14.12349645773022,5.412324824612536,95.59161439900936,-43.52847319249819,True
1.017936833085027,13.75280183712169,5.435199306988361,75.68818775314544,-38.692455676428054,True
1.0200401076213772,15.200983092863064,4.545049353804244,80.0769544171167,-39.61385926513622,True
1.0164967777163387,16.399844511254752,5.350557829014287,151.6355881777956,-54.6325707404379,True
1.0044557997652377,17.039059871264005,5.003079103751857,157.73324680646903,-55.598456160246855,True
0.9471810391530245,13.970579940383399,4.241934794238727,67.07618390466772,-36.39502731654881,True
0.9332472006656473,15.728427167124138,4.538022103714063,125.25838325561382,-49.375340854844325,True
0.9718968342266385,16.208504393355152,4.435765516508485,115.5932085401106,-47.4305217682036,True
1.0567707953106424,15.12092235424041,5.180559026230075,88.71486970297617,-41.84372217025604,True
1.1172105842538966,15.708491228936596,4.943969530073796,74.63682781428143,-38.310738518634494,True
1.0278610371965253,15.460041915795339,4.804687391375393,94.3312238222697,-42.80922523554607,True
1.0178961986752686,15.45853274309173,4.971552835002695,104.04790838072523,-45.219761553928194,True
1.0533485496813484,14.26336407184007,5.52691271876392,79.31773059769195,-39.62460089843022,True
1.0756548317199173,13.006067654227182,4.911629862197602,34.448527851425105,-25.98555401330821,True
0.9538890936100671,14.651309706583994,5.09861338512043,113.00242152319505,-47.23428174687646,True
1.1451516871591207,14.233128923058546,5.1891143475352255,44.86497679101495,-29.545024706662943,True
1.0793957065707498,14.722123124823936,4.635768132624592,57.560859106615325,-33.69659419117708,True
0.931675801696068,15.961451225298246,5.169391926808215,172.88249247302304,-58.0637038651701,True
0.9500758396379769,16.43567530437445,5.275922396072909,185.49276572431467,-60.368551951413444,True
1.1408453743299594,15.150731375375523,5.300016259121899,67.23390368419642,-36.37007061885796,True
1.0518414664908036,13.815983195422472,4.956168850172383,55.65175365590085,-32.91528355547289,True
0.9701409914811361,14.61070509013344,5.281029996721594,113.21139362396104,-47.21941440658244,True
1.0039596849379964,14.22761965268596,5.147298068709716,83.55611508732612,-40.32224946653069,True
1.037705137670064,15.12395954845194,5.020364078420951,90.25869986615426,-42.15713502676914,True
1.044435598315104,14.533246459926168,5.2747281663086305,81.78133483755026,-40.04688003332305,True
1.0684132245221303,15.902662274563166,5.523285569771652,118.57986516654283,-48.355222979372925,True
1.0121121478670996,14.152045319209755,5.276999809725124,83.53413446228271,-40.668769652328386,True
1.0140223211601411,17.183432632377702,4.977704053419611,154.08257313019476,-55.06343499915179,True
0.9818091419108786,13.527635160221879,4.853540955314774,66.91259630699739,-36.47245846169554,True
0.9535520581768957,15.305716596391123,5.158161819372908,138.06859381139066,-51.91142298541926,True
0.951245536432209,13.389459333275184,5.046284986441968,78.04605229486737,-39.280148447900565,True
0.9928114168886383,16.047893849420383,5.336781620300874,149.83759620664915,-54.295614437943144,True
1.0172097666684072,15.046882862656126,4.714836322482679,84.75528277254976,-40.58952442238545,True
0.92723593878209,15.205753798535937,5.311111180175636,157.63420719967212,-55.491282848052414,True
1.1023161135563673,14.102743469367022,4.581301071039888,41.169639653138965,-28.45780553656087,True
0.9652178899841866,16.08595136372272,4.9474647905042595,142.68717516297173,-52.88319745160135,True
0.9571372983125787,15.642842732388264,5.174977958063,147.1610762044596,-53.82601008980084,True
0.9985867554512612,14.454584784653647,4.9662950465699645,86.04618798182167,-40.93029220885708,True
0.8815027665558409,14.983443368812992,5.131652648947566,165.1566821055549,-57.15979021959758,True
1.018085961663526,14.109677223725724,5.41569941929255,84.95278030561327,-40.71682216048219,True
0.9504878883534292,14.03085190251532,4.829846069889144,87.63582548889072,-41.71107721878541,True
0.9038992868092235,14.384692969847883,4.578820842711484,104.76694105046133,-45.49639786464516,True
1.007172559307534,14.726046873538293,4.659514654896142,79.202031403342,-39.19047456613006,True
1.0071085512904285,15.001747613254873,4.9733754291267305,96.53353813795756,-43.7312018447374,True
1.0972628834531752,14.955675866764285,5.373765847428711,77.38361575424838,-38.722584817772386,True
1.0089813423807261,14.134808859192475,4.905851966314259,73.46491203533942,-38.075002818404506,True
1.008609378316774,15.7590413720542,5.6467796456086905,147.815395413439,-53.96643977017248,True
1.0020652249851465,16.089509142178564,4.618608304606575,110.53202526273765,-46.49147636552117,True
0.8710791485316389,15.913601054766247,4.47539563005653,159.49805893822702,-56.111243438656714,True
1.003841210187791,15.706206998348296,5.0703024227830085,121.0543626383615,-48.71585423527144,True
0.9975772346048453,12.49745546300367,4.8299813798229705,40.82184711028141,-28.511134103925,True
0.9927631062092318,14.00153724302971,4.77424676472211,71.11099353690437,-37.26970308576702,True
0.9583087380284057,13.511604508058225,5.006386530654966,78.61289049444241,-39.16039147485425,True
1.0282524216045317,13.22735634531237,4.630333216076799,43.29557074047454,-28.96327446920682,True
0.951168427940297,16.14391058396908,5.1636364503172585,167.5477501428688,-57.42038233053031,True
1.0352698540221381,16.695140832046395,5.0586517400433175,135.03732532887048,-51.66203213238271,True
1.019408798849613,15.007570294836857,4.892601592115455,88.4917842860429,-41.65899811450908,True
1.0701184389383815,15.471329924853404,5.063280531058981,89.0794891507021,-42.024308713426706,True
0.976798978233787,14.640712695553708,5.573685977784613,124.06215574496267,-49.48062238182463,True
1.0668595234718825,16.16968832541556,4.926212609720608,101.19636090141503,-44.658104679336866,True
1.0106155682124949,15.280026626070146,4.852785242507613,98.24015359916692,-44.12483100504059,True
0.9962394644981198,14.47858046378951,5.201519644652128,96.43504273171641,-43.382525683161866,True
0.95734344938151,15.562296719818265,4.800989788298443,125.62306193292525,-49.670810369120474,True
1.0197795248643111,14.8183620782572,5.144397608872235,92.73690029664506,-42.88562370363466,True
0.9761955746609134,15.19558445386373,5.246416965758102,125.87533043658749,-49.73183237954603,True
0.9986061850038435,15.693330109186968,5.419869875500404,140.4950345936024,-52.67297340106623,True
1.0388708557662973,18.760155248575284,4.903747948162454,186.01652993435894,-60.21432632566018,True
0.9984634085706119,16.78621454609685,4.603996979969548,129.73652568490425,-50.334977754884164,True
1.0158616232442534,15.150016933111015,4.922871072328902,95.05372052108312,-43.40784742156768,True
1.0756821344434917,14.060269481466747,5.053009077928986,56.508439433933454,-33.39976581445365,True
1.0281411782918226,12.746464837913244,4.814739902294002,38.46353874553576,-27.671226014720098,True
0.9660426206427717,16.284244781019126,5.039609417032535,154.3997108113757,-55.156904746117704,True
0.9797258784850343,16.11982126870594,5.522857908714969,171.60792993426927,-57.79563283446262,True
1.007035556925603,14.372038170943346,4.828754735044812,76.3411450252351,-38.6925978440355,True
1.106078041352559,14.912410718899295,4.757415875090037,58.140959650438326,-33.87574319749985,True
0.9332653472291642,15.208000905742411,5.281531717131811,151.30871498541075,-54.40748947604678,True
1.0095076327640304,15.594068950659832,4.6282929594289,95.96968593612664,-43.438007812774664,True
1.0682219017127181,16.654506976568427,5.003871228119218,117.15436681902786,-47.81511512381309,True
1.0307311712309448,13.69694362042459,4.842875985022085,55.42254853986305,-33.15993408678004,True
0.9933928112603818,15.673652862812922,4.50399636663351,99.35893210416089,-43.96855304868099,True
0.9140185120797926,15.218824352121608,4.957159845638038,145.1307262169102,-53.59722364570535,True
1.075572154535093,14.489863938571812,4.8116923670509095,59.14464649055304,-34.23340082575228,True
0.9763396086371336,15.806460731917154,5.151991319012842,142.34345352885194,-52.6640433424515,True
0.952350750642925,14.88870396688789,5.059964113939182,120.69975032710009,-48.779461824735364,True
1.0125460529369783,14.919595279494562,5.052619804775293,96.20004689423484,-43.55386402063709,True
1.0713570905809449,15.313790230779132,4.715446636909226,73.70600703014482,-38.052333619748424,True
1.0202439586275356,14.54202479731596,4.830328059365264,75.93334370734802,-38.78063180275045,True
0.9817694668516372,15.654395697996568,5.07538457567999,129.68668774175637,-50.624576376985736,True
1.0124000436400176,14.60264887139344,4.733295417230267,76.53163155508103,-38.90648227063456,True
1.0059229942026071,16.690143040235853,4.9884966819420224,143.3804761158011,-52.90915253292027,True
0.9765941682423185,15.228333734455497,5.10495864386856,121.90985502488702,-48.695963388412984,True
1.00336289806915,14.329960187393501,5.224675351411041,89.72400207195851,-41.75885958560831,True
0.9587857365224264,15.308776479782187,4.837879146861311,117.85986900192043,-48.12883596295033,True
0.9505505389336294,15.98950063715833,4.88240594933718,144.3288603358733,-53.44410496470736,True
1.0276272719041768,13.424811070280269,5.058872541950557,56.35469974116613,-33.436153907416355,True
0.9802773534434337,16.26705776055886,4.780209458490837,132.20894603795753,-50.82015789729997,True
0.9987158290145053,15.340287027165424,4.585070737298143,91.9400697937633,-42.649445219540425,True
0.9614060352548075,14.969632211875204,5.106042536661997,121.25385606313374,-48.813106060154645,True
0.9716516447489844,14.313696858352086,4.921502606864212,90.54115393492455,-42.347539609106164,True
0.9758272040434485,15.347052429137534,5.160760164741855,128.25841535407486,-50.16293836610043,True
0.9706357741002463,14.116348129594872,4.828311774238469,82.53426798864247,-40.31749094975948,True
0.9795070581312056,13.010784883792471,5.026200179521005,59.965281626244604,-34.454387993896646,True
1.0098718223718606,14.286979289969429,4.458781910315555,63.333786331569044,-35.41806240672926,True
1.0694971908606021,14.727452932027962,5.182330626571019,75.16240857998555,-38.265682656687595,True
1.03804545690693,15.613143194853732,4.838972193925397,94.32929839537692,-42.80961032092463,True
0.9832713985428914,14.781195967843905,4.958232921082127,100.04135106782134,-44.518642305734986,True
0.9683711727180397,13.854906525446642,4.954214048399,81.99285889696333,-40.29683059749459,True
0.9110496271065615,14.338894772251045,4.895715960233888,114.19502803386119,-47.46652017809008,True
0.9663427598207257,15.020639903654999,5.019354883919204,115.84708275466909,-47.56230313551472,True
0.945079874449627,15.645597138083614,5.004043072454888,145.1392069626555,-53.247819672890685,True
1.0027258287056129,15.81318469419658,5.065770240037687,124.60640042717402,-49.55449103516903,True
1.0834287336809312,13.638029843944478,4.622529521945982,38.53865032056346,-27.304034158749772,True
0.98024055839198,15.051156428687648,5.231457650535989,119.60063285719916,-48.3900923469287,True
0.9273635615475773,15.773720559557212,4.962780813784743,156.03355028511712,-55.23695541941415,True
0.9902002341174679,14.126934264170282,5.102146472434305,85.95443571405718,-41.30326311958016,True
0.9779590603456361,16.80021972542721,4.961281348238643,161.30166647557357,-56.350710521820865,True
1.0630546005975943,14.505511673339734,4.680348083471867,58.92106754124116,-33.96791795419379,True
0.9057600593602527,16.019960543848825,5.759404590353821,238.8666637818608,-68.60129356015018,True
0.9504181610797858,15.691168661221043,5.037792302986995,143.77516483362706,-52.984749607793724,True
1.038049769190287,14.312247003836262,4.526669377567041,57.86905318889115,-33.89477971002659,True
0.921522069661441,15.016175667788117,4.972392587516259,134.65001380714006,-51.45064355242227,True
1.0286894110746092,16.364137872400505,4.882307380787073,118.70673966158377,-48.110506454505234,True
0.966732403829724,14.463121873027008,4.951325349544258,98.19464095030912,-43.89683591213478,True
1.051313181906509,15.177276409223094,4.509157470326288,70.4763342422333,-37.31895244494702,True
0.9975519090449625,13.494336813970023,5.008987123383509,65.36744315873352,-35.672361087925076,True
0.9920166591824541,15.359586927216869,4.738209519893763,101.01351288226992,-44.66532590543728,True
1.0299402238841144,14.595473895205618,5.442709575396274,93.56617207636745,-42.93953940264708,True
1.0009528882066672,15.523862034510612,4.96794362263977,112.62536796575847,-47.041581941795634,True
0.938194039038887,14.155624662951759,5.215672244951116,111.87954116459535,-46.845643823010036,True
0.9739579456865914,15.31972098799444,5.26523561558643,133.3025926117229,-51.03146907953252,True
0.9186425197516743,14.6497521505415,5.133927232062373,132.3053888192312,-50.797553651856646,True
0.9567831810684921,12.362083944351138,5.048711016839919,52.23837770170397,-31.870649951396683,True
0.8930595807657388,15.087864520529031,5.32934041555332,174.61274072196832,-58.726009050081075,True
1.1169107801234421,16.261076129400973,4.813496727862849,82.89298665229109,-40.24197123109664,True
0.9986839900067532,13.903561256553212,5.224506584729301,80.41906052860736,-39.72511638585415,True
1.0266529750290883,14.355439741707857,4.875315874846483,71.40444402107283,-37.43248750915518,True
0.9582378438359311,16.325347066740193,5.027341300431322,160.04033626026472,-56.20894619835757,True
1.0262825406344227,15.55648262092592,4.636995382588311,89.3434138377495,-41.83938374479391,True
1.0386894915619747,14.671080034911503,4.608834914934005,67.16319695958215,-36.34458115871677,True
1.046811656975063,15.29576308074745,4.977292539931798,89.40199607666155,-41.71818861387585,True
0.9958687146257629,14.374329570935727,5.321529516123215,97.36920278126398,-43.93181196514152,True
1.0507717197541449,17.47147054874572,4.9391851063935865,141.56287199410164,-52.58248779760985,True
0.9696173500825885,15.886867330912304,5.506948584279434,169.1246065634046,-57.686541297937666,True
1.0187075101291714,16.70880736933102,5.119239287621441,146.16134920607854,-53.360367899821654,True
1.0024135369472897,15.091913436201297,4.949517311081848,98.62912234711399,-44.175897578997265,True
0.9412424271416244,13.726164719749413,5.444445015436344,105.37494060195627,-45.59999711074883,True
0.908509161190631,15.503338661098336,5.392691323278671,183.99278836310106,-59.90620024522821,True
0.9850508928679726,16.255112265332,4.591469044988711,119.09652984866936,-48.18822260854018,True
0.9852338858663674,16.297133728453446,4.988546546213515,141.88165189255898,-52.6710714105385,True
0.9865182712862409,13.312338120533138,5.153941232982526,68.51914362196773,-36.75882653071747,True
1.052499235595761,15.211423650225374,5.216215006420998,94.26435211303195,-42.82448487979766,True
1.0688096391367918,13.402088383266928,5.182689266836663,47.16638766916913,-30.44331672815677,True
1.032860717820356,14.414096627258651,4.950552312091532,73.71881131039571,-38.132457013968526,True
1.0293622348267342,15.58542108857169,4.906839008102023,100.80146556509942,-44.244283385417575,True
0.9960040093389059,16.33138603026756,4.9684582185508335,137.62247018499895,-51.92196039404269,True
1.00882917261089,15.222483922640924,4.775112776816297,93.54853717525624,-42.83906036678265,True
1.021478722510645,13.852254231072056,4.5906836414531895,54.8614013823159,-32.776484323358105,True
1.007003024094165,15.599370768377458,5.155227042358714,121.28521547405573,-48.93938391572338,True
1.029627448427694,14.149128561551647,5.172797609317948,74.47061557604738,-38.41365976982946,True
1.0022898992030225,14.707678770436438,5.526871306738313,112.05721990559145,-47.069874791785296,True
0.9752387730609261,15.090440584847856,4.822817027847877,105.06714702020696,-45.61611009138916,True
1.0130737537658934,14.33014513774072,5.10972199976579,82.89943497642282,-40.45764742754169,True
0.9881998275459324,15.636450858025942,4.923696380142967,118.82772040124073,-48.224323563410735,True
1.0726156101898026,15.752458255511394,4.956273264330823,91.24796414960754,-42.327881577968334,True
0.9786305187521384,16.02818594008209,4.81055006074752,128.97252866231912,-50.54833121020897,True
1.1429854649969418,16.425332434228306,5.014430449415148,85.18780287953315,-40.73421074648801,True
1.0819838569252844,14.856825763939955,5.415277762748769,81.51225703627294,-39.94251897218921,True
0.9433697668405756,13.773044747441283,4.870660736983023,85.57951928863332,-40.78529911116409,True
1.0625830412067214,13.869447964535299,5.121550936256441,57.21451351177624,-33.33172360191253,True
0.9937258609166107,16.73515940860087,4.821179372324901,141.95906969553235,-52.7190178482148,True
1.0282772708328063,16.6152897696017,4.561044439577375,110.63406992975058,-46.824974894834,True
1.0788341797286534,16.33836555231308,4.95322201300884,102.94325076419939,-44.940679279579065,True
0.9612493576750915,14.414493475730739,5.574213399397415,124.2924688610342,-49.440741322764595,True
0.9768303364755957,16.68810433891949,4.75533585749144,145.93050778252368,-53.375120036397654,True
1.037671229869213,14.830315909943057,4.710050600526284,73.66488153967988,-38.06137218908137,True
0.981661522834706,15.343076583180935,4.737338332918587,104.6047272321444,-45.44091783997223,True
0.8887576147320368,15.826435408843473,5.54212241499304,223.58355792231282,-66.46759822982001,True
1.04818491995899,16.26121704602284,5.331609030099482,129.08820930312132,-50.41775270635834,True
1.0184703172839384,15.541230067083703,5.190113259301239,114.60414874662834,-47.20020114216833,True
0.9988332751541097,16.37501063112579,5.40628967165173,163.41271120772504,-56.820947467542894,True
1.0062569457333312,15.013283944872798,5.271990901845049,109.15478382722704,-46.4923670364558,True
1.111915640451758,14.797127000336207,4.967529368077909,59.314264409395356,-34.01360774049235,True
1.0506331750090947,14.67966057493124,4.86496534986163,71.17043315584604,-37.4842026174926,True
0.9569517651935898,13.850626680460895,5.308600148916478,98.47458214595733,-43.719239010392826,True
1.006153429721443,12.201692905490779,5.033443420596204,36.52554983975167,-26.557797340607692,True
1.0592983154135156,16.041425029651244,4.724981844119489,92.88245895065856,-42.84563960592756,True
1.0582444107105746,14.765885497893182,5.15722464168067,79.6747616608664,-39.76791117049919,True
0.9248774897690939,15.743144304805767,4.904163577902068,153.31071164740044,-55.04374399222939,True
0.9749359756199322,15.59827912103892,5.333207052601299,144.46375183664708,-53.215322010471475,True
0.9433026727923512,15.158095457574747,4.7096847838275595,115.6670814220204,-47.76792010703321,True
1.0319832419412285,15.94448353541588,5.170419018099127,120.10396987599749,-48.659774461704444,True
0.9546445689211687,16.071505361279776,5.0480527997161575,153.7293210301579,-54.77541121460842,True
1.077733655447795,14.048277872684181,5.0548242283724,55.73255584749916,-33.09290690000024,True
1.0647654677440521,16.53292947332708,5.0834157053517774,117.6898814625585,-47.85028616062286,True
0.9876595259607526,15.864364775731495,4.942352321300311,125.4267621788684,-49.49170580904982,True
0.9367594414459537,14.124410799095028,5.15039638799639,109.47066606750165,-46.1816667781392,True
0.9605506544608249,14.350779611113284,5.084365798141604,101.61063989076943,-44.46818853765178,True
1.0225536056500295,13.757131844933934,5.034569377324125,63.72199116482987,-35.55430314435688,True
1.0426093441240947,15.627808370167894,5.361923420775345,115.3779232624976,-47.56969089461925,True
0.9980773024405714,14.823147947495354,4.597036628943874,80.75762906107447,-39.59216490672205,True
0.8715986369194844,12.507116543525928,5.1760147138650145,89.77908978575464,-42.12093238094437,True
1.0340022587801152,14.445691758346642,5.066322383904223,77.06080218619586,-39.11214503995858,True
0.8989792719440792,14.619085592385481,5.15054770661441,144.6014907468468,-53.268767095959,True
0.89404419725425,15.105673444058638,5.180728673840856,165.00104176939428,-56.8388659969577,True
1.04991414025047,13.460824129346623,5.197970442896868,53.20182396616649,-32.412419409301485,True
0.9407013349722315,15.116651060420647,4.884483779498257,123.09804604748498,-49.27968456547353,True
1.0125304545535552,16.500733854395715,4.80448610153071,126.7351633816352,-49.96332506519729,True
1.0045972045555753,15.187007558709965,5.141524073766729,108.46664933240378,-46.24132722758805,True
0.9597340069129677,15.589448964184541,5.442654473222727,158.20866676419655,-55.679870354889374,True
1.0103063308046265,16.563383912700996,4.937948355558752,134.8138549088497,-51.28263277433621,True
0.9724832373877177,14.905456479810505,4.696226367317174,95.21075319240478,-43.229604885948774,True
1.0023781969460923,14.873185583316465,5.237177837810843,104.80599072533269,-45.21653476880515,True
0.9806900747983527,15.344852766531565,4.749857844500655,105.03187825327484,-45.35877341283173,True
0.9749272034618403,14.115145424791,5.0938542293472135,89.60131743715121,-41.919418605597755,True
0.967017840153329,14.305439903108773,4.69945303769771,83.00369525771106,-40.34322322588127,True
0.9550774967048565,12.960798034125014,4.9135404670549985,63.73006203989104,-35.340945508071066,True
1.0426255179450976,17.28834525371839,4.996360850857358,143.07212671171882,-52.96075912774574,True
0.9773543015902219,15.830702153430764,4.911183950678012,129.21148148102728,-50.295345354205715,True
0.9434208413353886,14.052669528062754,5.070015167543663,100.42205292919174,-44.205750641702075,True
0.9795510278097525,16.023857178434632,5.09600827376576,142.0095247007124,-52.93131804172173,True
0.9736087012407878,14.191953600769057,4.846786408338389,83.30341979087615,-40.64674587690081,True
0.9802963573675744,15.068055775888627,4.8349391419693015,102.47822603045638,-44.64254348923176,True
1.0356712851396972,15.062984762718793,5.378956102361575,102.33576181962509,-44.5769531794131,True
0.968611409073949,14.55382431771247,4.928817676361494,97.86863792980667,-43.83451217062614,True
0.9810220778541452,14.18717135963854,5.088850703522656,89.18190237002827,-42.00372314170285,True
1.0321574214407419,16.208547683956475,4.588452851847245,99.81669635412733,-44.012116481945334,True
1.0221965293763853,15.084496035974702,5.53891399789926,114.60971528824473,-47.59096571382978,True
0.9656456281667579,16.681932941441907,5.137003294943374,174.34337981547498,-58.6720915668499,True
1.0483014272251059,13.959047935725458,4.392966842135159,46.06813888538392,-30.190661884666554,True
1.0454708438289884,14.527183852728857,4.696621675551579,63.915463070263556,-35.24435246930327,True
1.0419583987204128,14.95431848501957,4.784117072064187,76.55545273586075,-38.52929400305714,True
1.0151281666074268,16.103210789728134,5.513029092724397,150.7559672960075,-54.2040778554826,True
0.9913171150189557,14.210787721081221,5.757315202429064,111.22897887984416,-46.83799706191132,True
0.9462909700067729,15.57129205789641,5.159482670640214,150.70112060022035,-54.226092555066,True
0.9308199997181373,15.342917213600362,5.328741033380994,160.46941104187033,-56.02173634256019,True
0.9957603985610576,16.42844550562044,5.374566319189592,164.00587347491538,-56.58718259217006,True
1.000710105165121,15.497972864870944,4.669654780825398,98.9904327222813,-43.95021522713669,True
0.9869403760649988,13.203677102482638,4.978185816345749,60.83286799264546,-34.641530521931735,True
0.9944499426583188,13.986085647246357,4.973740261459015,76.2399296348966,-38.57028777863176,True
1.0681806675898318,14.036728491885153,5.414681226065834,66.2616110221839,-36.29274216909049,True
1.0813682552532429,14.547508085002526,5.628986706531474,79.73686999159972,-39.74927653232661,True
0.9447026981824946,16.324394942329988,5.664964146165772,213.7533699402289,-64.84090837069965,True
1.0144257221406925,14.734812286730484,5.149678173533559,92.58938201383351,-42.42433524478544,True
1.0025984432887132,15.034532235630792,5.115921378220996,105.12042912896983,-45.39782940962832,True
1.0337482411317065,14.775046175047649,4.866957117463992,78.40753824133641,-39.3473046542596,True
1.086677195161646,15.538841093419876,5.017949741263971,83.4453120589762,-40.60298720433482,True
1.1093999983888096,14.278150703948404,5.319789498682529,57.45894834164794,-33.65916704789705,True
1.0359810113399501,14.82940124031239,5.285965092997184,92.31452160494754,-42.34441199902512,True
1.0020035394413713,14.817300423039432,5.165343596199585,101.44791827689228,-44.74810176518807,True
0.9818717977953341,14.929083234606265,4.746767243225966,94.32908888127763,-43.0450922237445,True
1.1243389678660054,14.434208970125866,5.580788314444561,62.13591220343023,-35.03647244123093,True
0.961629234995128,13.664981842115406,5.14176146609636,84.52852147578356,-40.61326602535029,True
1.0411354633812753,15.932643129903035,5.060299790963215,111.44166248480404,-46.540979265473894,True
0.9867898618195039,14.883594634807366,5.269626986481084,113.86276514580055,-47.10044243912318,True
0.9330684809498568,16.12851208429487,4.808937171520543,154.9192745505632,-54.977049254005976,True
1.0857757181499719,15.479470555503477,4.7800492948704445,74.44669514433771,-38.00681800123769,True
0.9128870977911167,15.51467314883601,4.889822525668017,149.4383373072731,-54.06365770833637,True
0.8925617705664571,16.13066993016662,4.697256893048598,168.11938400417918,-57.305053912382675,True
1.0350057812774156,17.597905821072093,5.035129892128675,158.96311590913575,-55.890801454538206,True
0.9847839340490285,16.303731213619038,4.38956965490506,110.20158185488403,-46.34667093686427,True
1.0215797139529719,15.886397662314819,4.85664287461561,109.25240374252843,-46.426003992013435,True
0.9996432239945658,15.292304854554041,4.409591622526144,84.73343248190089,-40.815955854914726,True
1.0300307664366064,16.25881573758496,4.9226573504103355,117.78281248765596,-47.92380682042618,True
0.9852151873235913,14.253474220368732,4.935827087067446,84.1476486722506,-40.71101058304113,True
1.0451118166862616,15.584753034871323,5.35168103452028,113.07757244947784,-47.004964262537925,True
1.0465522671950689,16.27721138353827,5.08601284374624,118.41908578046258,-48.20880347864928,True
1.077445614871974,15.952390123012284,4.766830520723252,86.86016377972793,-41.25690128917557,True
1.0632014611673963,14.923809112065271,4.883830942481837,72.60532203579461,-37.65881212332363,True
0.9946775621163626,15.455432458227149,5.429649635441516,134.74572327267214,-51.18567402158093,True
1.0348080071722436,14.670846626775294,4.673108104329315,69.71416426003354,-36.86190355705461,True
1.0208682620526057,14.23177020512376,5.641282911623847,93.70014117248134,-42.87820362067664,True
1.0210547287564462,16.450793445038236,5.126140012286676,137.2483910273174,-51.91292101231906,True
0.9338115811399718,14.565780598250738,4.611189000950007,99.50180144939704,-44.20736604962433,True
1.0376609727099981,14.557318766796046,4.689123264625763,66.6421520790381,-36.08782238193417,True
1.0304369631910972,14.579346953810647,5.249492160535969,86.24052933570782,-40.98680720490751,True
1.0910142000259149,14.304101552796647,5.22149435188934,60.79841979591459,-34.663643228201266,True
1.0582791444122992,14.275272963002406,5.129021057923133,67.09098810948419,-36.47894153122576,True
1.007478662406269,13.274745578430519,5.034680591331013,57.65480384816856,-33.522163800430974,True
0.9949124289872733,13.447860937211397,4.968755426453254,63.84140682769805,-35.42186129652619,True
0.9497962021584264,14.807341181851346,4.7662780774527365,105.82098560549314,-45.340407061149605,True
1.090885685879076,15.456401449316836,5.116577519491722,83.48535434424782,-40.336839310464384,True
0.9467291943309089,13.323817502810936,5.485363648770153,92.51392636511831,-42.76810948973302,True
0.9065503852534952,15.18189180284062,4.990888977434573,148.02892776902704,-54.09609290140622,True
1.0449939916563586,16.28309321175403,5.078705642273576,119.23155385214872,-48.552315452529356,True
1.0043479313131594,14.528489456258818,5.307831201355246,98.2492513858341,-43.76257184887804,True
1.0132206017394907,14.010703894729879,4.8437033883014,66.61229088442751,-35.93972934444832,True
1.009328458510856,14.939875128584557,5.12358535994575,99.88487841950322,-44.4337445347109,True
0.9470977193876553,15.519203260031539,5.239916847522585,151.38002148715805,-54.2561672378604,True
1.0184426206267116,14.440709646961636,4.779731908614662,72.75312047869338,-37.88780210415619,True
0.9838607767091275,15.952865191003063,4.610382607723266,114.44858002725107,-47.22731681733621,True
0.9768614394786405,15.469320664465304,4.932060058208538,119.16993490429998,-48.1621027446727,True
1.071151702177829,16.731040406345592,5.256535629149715,129.92227234883515,-50.6317277318034,True
1.0395545682458889,13.318590420784172,4.559405622785004,41.47910842704755,-28.374608475960432,True
0.8849538353217968,13.588283367945698,5.072655330003891,112.87074820914155,-47.25855332550382,True
1.0108153837185538,14.581551592135371,4.944224086181877,83.15356064409812,-40.42760715747955,True
1.0533027847439398,13.660910930975316,4.932904951803665,51.177588384721716,-31.448002867969986,True
0.9377024242257828,16.573891991652616,5.090462440051044,184.29122171758127,-59.95049106149705,True
0.9568166069004134,15.232844056943604,4.49117907500821,100.4029505450961,-44.606977725104215,True
1.0500132617936497,14.670089399121458,5.357314188972026,86.41095026294983,-41.293778841618135,True
0.9773006675076394,16.55368980072234,4.732740473622873,138.84628971355642,-51.97866842503304,True
0.9010889621443753,15.292592862946158,5.108922638033398,164.2940495816312,-56.80513786116036,True
1.059987094617414,14.79113783954534,5.210783682540021,81.23872178687239,-40.04661406456241,True
0.9912846986276564,14.218334498844653,5.4383029117341835,98.44084546931951,-43.96329133917723,True
1.018685116039046,15.555811199599159,4.989681114820446,106.25167317415745,-45.782097502529375,True
0.9975358914695018,15.522222174408173,4.561389067404695,96.50640721279717,-43.688900560241755,True
1.0560488523848814,15.681829813763665,4.522751138319217,78.96585174980254,-39.36363548917336,True
0.9450511265654477,15.80616743096462,5.382425781797536,171.89685969641428,-58.305429548442184,True
1.0332058209820336,16.45056538361628,4.8322133572968955,116.67116727114153,-47.85644637226759,True
1.0659350409581267,14.172027740811162,4.886694480909957,56.7100994869959,-33.44306299712677,True
0.9325315106557704,17.236779385934113,4.661342974480203,180.51136924826056,-59.294870613293305,True
0.9630228739567134,16.80003275608336,4.884573275324617,163.00016444007184,-56.76399769879325,True
1.0822317787429256,16.717250688812992,5.523151360302631,136.70593299713155,-51.609065882835,True
1.0540581451864628,14.793800400954492,5.009768294934679,77.0818491712284,-38.994798048674824,True
0.959034185430695,14.286020796520777,4.757654153955277,88.97531560435432,-41.80346090167091,True
0.9392749666326404,15.10491152126818,5.314658046729245,147.1334025002173,-53.756696311439725,True
1.0141341346805637,15.283447240997148,4.252176906106164,74.71248434445127,-38.202109643698066,True
1.0164806453606645,15.857214203108956,4.997109459950244,115.09512766293241,-47.567428737363905,True
0.9970428617947689,14.835763840981608,4.893185198600584,92.31883015172579,-42.35664971824608,True
1.1166672902398527,15.921348238042562,4.91738238485764,79.2010118617986,-39.29531662514923,True
1.0323375523607874,14.652556381088697,4.568795504163334,67.10334207075495,-36.24307324097034,True
0.9579777966493137,15.047749190248986,4.956009745811001,118.04671195406284,-48.00986661464925,True
1.0528825097952126,15.722804438070936,4.880127139940541,93.62348805076412,-43.07628844760914,True
1.0029088749737274,15.121750956477262,4.713156151574444,91.34114315543626,-42.176016534255304,True
0.9661642100155123,14.324160467324006,4.879137581032473,91.00336828387374,-42.130564164045495,True
1.0450519268537526,14.098061808479965,4.4187293071070135,50.113044959074365,-31.20117436946816,True
1.0737795693786631,16.06516494631159,5.65278893838349,127.62761307066494,-50.09844839988582,True
1.0107924665185248,15.496262478886788,3.971905096496763,69.02239522371983,-36.77677889503633,True
0.951136726765372,16.387328095455754,4.955571172390061,162.88125564597323,-56.589483163988255,True
1.0056557932458867,16.145183159804834,4.950334731189327,127.74196448932334,-50.201085552542104,True
0.9521911817547334,14.718400714868618,4.8292641991347045,104.65894765316217,-45.204106220545725,True
1.0113251917631256,16.006681229312093,4.928383086693175,118.94385038136724,-48.20320902156954,True
1.0377240063724198,15.352441787110457,5.1906233171843095,101.62906807948835,-44.71343194650942,True
0.9011689052437954,14.886436716888898,4.622704121033603,122.14105746440018,-48.75450773374538,True
1.03577595890738,17.649977102333978,4.4674827716581,127.16644269367285,-49.867458709655054,True
0.9813119354335436,17.345981041087462,4.840091643604366,166.7067469905214,-57.00536158880604,True
0.97188608257907,15.650441573604716,4.1840886917823195,91.11414132919614,-42.23870862215788,True
0.9336333148318279,14.150054857876254,4.737174183924198,93.17536660329017,-42.78646634276966,True
0.9463249023272173,14.52159496470113,4.837845514786388,101.83715465082066,-44.76702336877268,True
1.088232441206082,14.458081531873109,5.027523656797511,60.027104329762,-34.44001062098562,True
1.0424673064060845,15.814274975710958,5.387370737637239,120.84930040745986,-48.55476204273831,True
1.064734714381683,15.384036003795568,5.089338495678061,88.85410001505026,-41.57911306230144,True
0.957133440840989,14.68776682356193,5.102962417517989,114.83299998544442,-47.51926818446463,True
1.0899328730615978,17.066314470486937,4.782088813232255,107.53491610392861,-45.99445903243058,True
0.9966699492031388,14.570293672600057,4.816834346419769,84.28875206017275,-40.44146832079735,True
0.9605586835740375,16.863673374102827,4.82393183065073,163.04379245474217,-56.60736920724115,True
0.9460977417381675,16.170809001130582,4.96154624829147,158.59887535664205,-55.80343769371205,True
0.9475822836308492,15.643987640104243,4.867038594921354,135.35068084810686,-51.539081238423016,True
0.9626678490882461,14.221105709674944,5.096681367046537,97.18977063514485,-43.851247193142456,True
0.9553062149130457,16.604270617890283,5.185762817083043,181.3633144332197,-59.71129216102334,True
1.0452143010314592,16.972986593230903,5.38372496279838,155.15821991455303,-55.04618354786291,True
1.1300580879991529,15.2361761641377,5.082689947988408,65.64599900758317,-35.714991841880895,True
0.9876489045910972,16.247743963110956,5.096846046145652,144.83133172560193,-53.440251995750664,True
0.988615395931198,15.098210405432862,5.347411414187813,121.69568115340395,-48.767388291432916,True
0.9071076129695592,16.50501814135779,5.216184948996015,214.33626803861094,-64.86862069878705,True
0.9537369134451493,14.05167529460182,4.8922600020623035,88.76798785984683,-41.60291617058945,True
0.9189569380264779,15.989362939026309,4.687129236832148,148.67956880008583,-54.090994761491835,True
1.040672339584166,12.481347384813164,4.856294720126506,32.049953726490784,-25.107144332910448,True
1.0966709932137344,13.830160599005824,4.7516134536444214,41.48437557989474,-28.738013091418658,True
0.9459480317005573,13.940414943436961,5.035460730837324,94.38087096097013,-42.80776317604552,True
0.9898472611856945,15.013739495465993,5.146571302607204,109.85666953675826,-46.47317230800771,True
0.9875767028504309,14.116191274276481,4.878124080304394,78.43214229976422,-39.34204175406116,True
1.034169623774917,14.123808732093947,4.890058137879324,64.30023353086341,-35.59446947865981,True
1.005265520887428,14.820651872080415,4.20473370095012,66.95663814148341,-36.42315573141569,True
1.105722655592405,14.872323779316018,4.829073296747439,58.70257264355638,-33.84694698962947,True
0.9625418111965568,13.84687457875678,5.941107513633186,118.77894588054112,-48.31135723816674,True
1.0449777545403987,13.65692700977274,5.336674098330683,62.1404609324776,-35.04727282416238,True
0.9702386551918981,14.148967088319994,5.399319501728836,103.45147681779602,-44.85792923609465,True
0.919906436730136,16.001972625934826,5.145886338672541,178.36935222899166,-59.03612943068821,True
1.0713310814829655,17.63700363424731,5.27810354084692,156.8033490687835,-55.483182880516644,True
1.093671841754031,16.459561379694378,4.896704864226812,96.50570614253117,-43.48539534137318,True
1.0204994348939027,14.642823959698873,4.756151150758374,76.47903580563967,-38.54581658256442,True
0.9684946749807078,15.4162956208083,5.446065069335574,147.18555492464256,-53.531040176288045,True
0.9430741308817303,14.998403887670941,4.672488437869716,109.11672424801873,-46.405931422176536,True
1.028030239594129,14.856985148525617,5.147130561985378,90.68739798046983,-42.311740403906015,True
0.8936605291435765,15.109677321758586,5.534702659461699,188.40337669353673,-60.67017989800921,True
1.0435867870694646,15.277172089720882,5.289970035285838,101.21413347985613,-44.547266164956184,True
0.9791057936921562,13.25380108401834,4.922817309261871,63.0027663361819,-35.01763992271685,True
0.9780305558506915,14.380739377448956,5.38344866696687,106.94648920831426,-45.677125263569415,True
0.9463451959054384,14.957471435412273,5.065030437770852,125.62781425486324,-49.864882950684844,True
0.9281387171518503,17.384373666321757,4.959864561387922,212.89782162487623,-64.77969265126305,True
0.9970927764891413,15.63708746571218,5.222189707995753,129.38421829538683,-50.59142725297619,True
1.0097756075059943,16.101979031931737,4.735779117421949,112.52429604722063,-46.88104279491201,True
0.9954136124584523,14.889739316138368,4.568030849618323,83.05785855847279,-40.57311723630207,True
1.0547370987696592,16.438995846061243,4.929720863159813,112.42674379677861,-46.94644096355948,True
1.0029950509503982,15.284275335106141,4.803988441238804,99.1820079485563,-44.303120990479165,True
1.0357788737135079,15.825747286768722,4.563147290695071,90.12394763086735,-42.04073638341182,True
0.9265653487207347,15.175160180111055,5.009436381907546,139.82152288259795,-52.179292731763034,True
0.9779052057921811,15.552049281506777,4.837556462920854,116.18390049617635,-47.9458531199676,True
1.0741755166742952,14.524293953548325,4.7142066182089115,57.70906861509259,-33.87362804455604,True
1.0485849411751422,16.82974368726346,4.9950990424127975,127.6163926083465,-50.22321275623846,True
1.0166818795202366,14.51834236023085,4.715629130972546,73.40988480026927,-38.11741542851226,True
0.9810705943240452,14.05127551550627,5.348220606669423,94.28449615188607,-43.0572143394396,True
0.953188712342987,15.160340544628836,5.53387954478375,152.1887541156363,-54.463483207155384,True
0.9735185156483995,16.873124833574025,5.210479267480212,183.1544800865449,-60.08045036292545,True
1.031874147380249,14.316873699930813,4.871744894364984,69.0167104176552,-36.981304934602214,True
0.9008592625225522,14.81891364067715,5.122971093211871,147.6502735209596,-53.60476470727936,True
1.0897517738403721,15.256252539819993,4.799282668131075,68.87980783833646,-36.787199365734885,True
1.0619416617507422,13.675986038064373,5.1999090786168285,54.46099382389092,-32.60442453872408,True
1.0607956922753063,13.624451623265571,5.2165965731720885,54.73833801131588,-32.63302046792572,True
1.0307298233783317,16.125198384369575,5.23605843467452,128.23005234125168,-50.30165176673879,True
1.0053979884978033,15.075517924336959,4.889380765812216,95.13710624786742,-43.265570895946794,True
1.0188895742982993,13.939689241787304,5.212197328006279,74.40722019242352,-38.04540527820778,True
0.9816974428878829,14.686360787866867,5.1474718679698315,104.1542694234247,-45.089623693693426,True
1.105888763613385,14.440681746896987,5.079089513229262,56.22748751199503,-32.97576331077045,True
0.993075200185912,15.007928880443949,5.026976587076499,104.1650398409711,-45.32546860171978,True
0.9762169169286589,15.196574369629035,4.678393229546704,100.89844139718537,-44.55603582493942,True
0.9867262686617818,12.851646741058737,5.124910951929417,56.599519298084324,-33.47616604750962,True
0.9638388214256643,16.334014760705525,4.915882524041185,151.04494784539168,-54.43418068108327,True
1.040451961165198,15.07382227212071,4.615097993478236,74.69003787327654,-38.089398269609575,True
0.9740474745745131,14.361635022861376,4.788027506248903,85.4366751767297,-41.06142483383841,True
0.9937075647035808,15.88433027906026,5.129362481949728,133.43269068242006,-51.093691261651685,True
1.0668171416134908,13.96551064244128,4.855336633082429,52.560563405052555,-31.992984440477958,True
1.0535410442070972,14.685709041478598,4.828144034118402,69.01184550276525,-36.87050662859212,True
0.9488088160887943,13.783446184434238,4.376233287485196,67.62045096411732,-36.63323388112896,True
1.0590379746302927,15.744388194416308,5.327331194589555,109.67190914300465,-46.52171391871472,True
0.9291782477865406,16.19356534839236,4.669245106340055,149.4761562346377,-53.957674688763504,True
0.9249423510329264,15.384083551378426,5.017884800502027,147.49914223915266,-53.836484753859,True
0.9836701535152963,14.81092927433494,4.859205021073582,96.67946293553317,-43.45115754964863,True
1.0146465570586753,13.72427946136398,5.079631173818489,66.6392117565442,-35.983544858872826,True
0.9887688519322244,14.542621823320573,5.074540651388312,95.49812466356555,-43.20068233230237,True
1.0219457927052886,15.231773881138938,4.938581172618586,94.83408550092105,-42.9608395047681,True
0.9811672982393103,14.42550050476394,5.0836950063224755,95.35780974625409,-43.228330591871114,True
0.8970338473851297,14.545074086065524,5.005744251930869,134.98555800768798,-51.532106377984775,True
0.9904680386695329,13.87782999137918,4.58818348666164,63.490755311129895,-35.11912448862462,True
0.923970346345533,14.256664039059867,5.361968574719579,128.8762286145999,-50.095159547255385,True
1.0001572710836406,13.533447460839241,5.455873489230678,77.6384879294001,-38.88324343432124,True
0.9373560140167669,15.276601519865093,4.736007407582592,121.58977977503692,-48.64516276817508,True
1.0258659743580598,15.04981024509305,4.53550186617732,75.23796735970014,-38.216919261604374,True
1.0677337754542187,15.094508184076155,5.375865598720369,90.91610055255886,-42.36142353644159,True
0.9135484136569586,14.639391757717164,4.678328485018401,112.13059235471428,-46.81813993338697,True
0.8979060445450722,14.409333406888363,5.388305587599356,148.77651972577482,-54.115880452934675,True
0.9849806036493153,14.702085259846099,5.349354209581263,111.40910774292344,-46.69346188203236,True
1.0564680582496764,14.573695867482892,4.952579762142462,70.04410727323045,-36.974329884369,True
1.0077997143697217,15.153190010604524,4.947258878167589,98.13275334165961,-43.782724834968676,True
0.9786663215738918,16.83298291102728,4.701976087204751,146.1717276671395,-53.6783777030017,True
0.9462111554075266,14.81081051130627,5.019760355247913,118.87703962055387,-48.48359196026054,True
1.0361741902258617,14.408079298543885,5.147284110369849,76.97520300330235,-38.7513663822761,True
1.0768685964303029,14.750731775073735,5.108611669998143,71.99150652644782,-37.366324668163536,True
0.9065311966723417,14.507721674971602,5.183690988887975,136.60697384061686,-51.669015090958794,True
1.0146901223266933,14.50375489313054,5.318025011322687,93.49847051656796,-42.7197900947906,True
1.1272450050812848,14.415646533648223,4.985816064032773,48.53593417140364,-30.724559833191698,True
0.9697186734526522,15.68500065941416,5.846186714002341,179.57188633255058,-59.39444980111174,True
0.9904626562294484,15.672110826983383,5.134605880544736,128.61816695456812,-50.45594487746636,True
0.9982699129354811,15.902369159293585,5.119446263010306,131.79028890655556,-50.88636398162832,True
0.979575297463958,16.11408396768009,5.117257733539332,147.6601618187883,-53.603130277886194,True
1.0548533839392924,14.635407024110688,5.121414358047549,76.23156210689599,-38.90958784959663,True
1.0900773960513883,13.432296904626808,5.119723261432219,41.85193762957777,-28.75398394113395,True
0.914771746924766,16.969569415700132,5.31370462940199,236.5446669829444,-68.01476282108115,True
0.953280923932496,12.742492097271986,4.248233997338535,43.77360947106494,-29.51831247368089,True
1.0623089536443224,14.658342636048644,4.926919724899038,68.73485853622482,-36.66408699195007,True
1.0300157371513008,13.573467266096678,4.505766567980722,46.83317743002056,-30.292453914280408,True
1.0218357785887857,15.40282442218692,5.4092324065447155,120.11955774546128,-48.32144995655552,True
1.0348272564577052,14.043132921718914,4.5772090758469215,55.03999708329586,-32.73265715747346,True
1.0048064598204713,16.131614276986948,4.762858789222987,117.72735028899777,-48.01614378283142,True
1.024059218462222,15.232466999248405,4.800325004939925,90.318909825645,-42.14471013623335,True
0.9837281417821411,16.511411425592886,4.63639200719115,129.01348211396643,-50.4629500683245,True
0.9885994147670242,15.101578976643104,4.908685484765567,104.27219093178994,-45.04813029870664,True
0.9952381958990141,16.159278700491075,4.370904340321497,102.96602306729913,-44.8074856025026,True
0.9796323174475423,13.914387222182777,5.457922328817558,96.22034985205005,-43.52374165511002,True
1.0234408502019035,15.985074088874482,5.1266361777929355,122.64944187562483,-49.05439430792409,True
1.0148814455735498,14.864977711357625,4.771455181527628,83.20004727615024,-40.54735659138215,True
0.9066916983416461,15.237878457993341,5.171890874036808,162.04220980746675,-56.32519805415537,True
0.9898360521484758,15.927512927652002,5.097296840494356,133.98851364138628,-51.35158564096369,True
1.0010355666867303,15.386564015427691,4.717383436440163,98.29073737482162,-43.72842824260959,True
1.0765072049921964,14.209396264000748,5.211988488053842,62.85439906799784,-35.178932793708384,True
0.985663932219607,14.510528939108,4.936196786620113,90.30282685614019,-41.90518649370904,True
1.0048223636035267,13.94233807637689,5.340051962690412,82.29538546898388,-40.05297235326859,True
0.9961618008149621,15.715303773131943,4.8543778612506125,115.17808111602034,-47.77581223667827,True
1.06610895162395,14.654292986617813,4.594563587867583,58.34410692812415,-33.88930135075783,True
0.9402581373483891,14.551217287846717,5.292890045809658,125.53680648579864,-49.432426814707625,True
0.9607532715347431,15.202523108099177,4.930924884104394,118.83802628554048,-48.22244976626532,True
0.9574049277254859,14.763081013911894,4.992627567030343,110.22603451753461,-46.50653776417957,True
1.0007005863470628,16.168911267734938,5.079786561890418,135.96494888445935,-51.50278345331168,True
0.9253092933402007,15.785083514822128,4.705455896238582,142.21563509575236,-52.875057610889385,True
1.073257721898193,15.722901358357605,4.912286078521476,88.54547174429631,-41.7704955623885,True
1.020776085341099,14.584749737956695,4.839558890659706,76.70815842122293,-38.6136702319951,True
1.0292696332496742,15.709816153623805,4.881543087468935,101.8566392211168,-44.89294894277934,True
1.105115149930706,15.503404260605837,5.374907035219017,87.96474981038044,-41.47415177902878,True
0.9827995878610268,13.783778958800418,4.7672665460765025,69.42249713564945,-36.66592801438003,True
1.0427989417575905,14.753850441114334,4.752345958702828,72.08217952669241,-37.545576347692304,True
1.0291141790686127,14.828697108511369,5.419671425930539,100.3273232132927,-44.58543901635987,True
1.0769701731205041,16.49548696247968,4.704431022352823,96.99352650161,-43.494801682849484,True
1.0345621641590126,14.580197346212389,5.019175483372225,78.46132712459747,-39.192299552716335,True
0.9745413620744066,15.482413506605656,5.205385875666228,135.62497339611434,-51.48142400065857,True
1.021200183478615,16.30096680049889,5.203451359546213,137.96934819452142,-52.06507233991159,True
0.9676599688337715,14.077446040216916,4.5784674975105375,74.34018873438953,-38.04653840123992,True
0.9766442947564895,15.279406679596187,4.78538082643812,107.19736329148789,-46.058450086921695,True
0.9993194393984254,17.032463938007147,4.476655150923778,127.25979195455979,-49.85071444761256,True
0.9907112576056096,13.431231079141728,5.2499017683997184,71.36704463304193,-37.225409756335104,True
0.9553053729598987,14.393173531752211,5.314648417581738,115.54082560171072,-47.41436025194398,True
0.8865276615499289,15.27291924059382,5.302073723943294,186.429959848642,-60.37678211214287,True
1.0148224291311267,15.364331489521922,4.992566864187231,102.82456327325113,-44.96339458885146,True
1.0183815487589607,15.157410102661563,4.930552032314281,94.3127253334496,-43.06407914189115,True
1.0181854059090163,15.545714231368112,4.831311735828402,99.90979932774853,-44.16041679848066,True
1.0952977005006819,16.260956833456675,4.543236288544476,78.89514947969737,-39.379005547891886,True
0.9231922007799079,15.054246805003975,5.156014254510223,146.0069297047111,-53.52599921913503,True
1.0776582542979023,14.925756342210642,4.708917141011186,64.35063376868382,-35.74516465087731,True
1.1246007640900664,15.594631778522835,4.386155207389721,55.51255993366535,-33.1620099543689,True
1.0881890456098708,16.989944744851027,5.394443330183982,134.65920866677683,-51.55805597161243,True
0.9825328161557114,15.599970321676738,4.814793805908582,115.49339137016113,-47.58208493145161,True
1.0226508354352704,16.038824132120812,5.073131241953664,122.12149353294912,-49.015252260809014,True
0.9614390318461637,13.426808377023267,4.956633509467481,73.94581152660628,-38.0833758861392,True
0.9661992908020508,14.820406433822091,5.339743836941279,123.72217593980551,-49.391039308806015,True
1.0861655545674034,13.78634922175352,4.558511543076453,39.46121509887865,-27.941682966291555,True
1.03495396095512,15.015226961346217,5.228887653129031,95.75580157839092,-43.514417169244496,True
1.0379979858250765,16.42694566712568,4.985941366941225,121.30820236193729,-48.89247715480942,True
0.9438500726559826,13.708224445713814,5.136345234878764,92.54923084478803,-42.43228597132912,True
0.9263351770952225,16.73711943935471,4.878638992601723,182.5968600397461,-60.08779505098905,True
1.0527370533010774,14.99537640039969,4.888225960297271,77.29623532427013,-39.09451650817752,True
1.0210836627075723,15.892767678061087,5.275699902935939,128.23686132645614,-49.94257379628461,True
0.9850803573634915,16.028804898538873,4.77521588733089,123.46923786809407,-49.42645957522975,True
1.08682001494776,16.995529773972713,4.841937934640726,109.26509243840115,-46.29092123803749,True
1.0296649126121027,15.581107261224753,4.927325234512463,100.58120239285988,-44.28705293342526,True
0.9574959729693985,14.128141409579948,4.56536589931821,78.69975648862628,-39.05461481327,True
0.9030960990000272,16.012457168765444,4.919406572653888,175.38671574338562,-58.892912287847096,True
1.029912089881134,12.329447892550885,4.937843441433252,32.31521500463292,-25.1077704212302,True
0.9765299608272168,14.09265956398987,5.205972951353275,93.69390274587909,-42.936337696886454,True
0.9930588350331426,14.419424251423607,4.8419333467234384,81.99997091867735,-39.939474543436376,True
0.9889140413822525,12.896277829903623,4.43454551209803,42.527539503957506,-28.786725809741263,True
1.071542931885929,16.684041615047857,5.009391315077636,116.5778129188961,-47.91994310565521,True
1.042139913010402,16.329090031841872,4.8570702197045295,112.34407629614206,-46.82884161932237,True
0.9951870451158268,15.451008824409353,4.6440081601571706,97.80008642504104,-43.56333932177406,True
0.9938407954275822,15.979712947882426,5.0969030651553,133.62262389098473,-51.41439933201974,True
1.0144040256399445,15.366300790157236,5.1085877777651465,109.31085754882928,-46.083748602068624,True
1.0659026266619924,15.863926677731882,5.183090118087453,104.05963398139102,-45.23292246798274,True
1.0041477404956676,16.26240751295967,5.113152074712166,139.7915793375312,-52.463045489490526,True
0.9712696118131309,13.553829749546992,5.220571056665576,81.25608146889766,-40.0430347486809,True
0.9397562218638482,15.915380196268222,5.1005560623178505,163.13476113599813,-56.49791489904785,True
0.9957180268534929,16.129195042572842,5.606809791453406,168.37772450544196,-57.590153922239615,True
0.9400853438036484,14.409464087818339,5.441867725652033,128.04168847963285,-49.87935112420119,True
1.0170717934183906,14.768895939595742,5.071182542094509,90.68835837490178,-42.19141791459261,True
1.0226508099928044,14.224716239364918,4.482149575320881,58.85870353959544,-34.03506883888599,True
1.0595378270340294,15.311139484425453,5.5610584009928035,107.19120108283599,-45.62467721975372,True
0.9895276858795737,15.390820193160756,4.919886806617692,111.56780192039244,-46.61516786534719,True
1.051616886745283,15.195813427366126,5.187934318905016,92.40520555741041,-42.58025013647086,True
1.0805777265155307,14.233580383727935,5.1417233613436,59.87082053130204,-34.187196429585775,True
1.0036861682788771,16.37178505920944,4.964963228930788,135.1360009862612,-51.36721227703667,True
1.1117594112253029,14.41818006461551,4.855909668076396,50.13493742304254,-31.119403745827988,True
1.0718463326330587,15.552647340298785,4.896583694246621,83.46015335163243,-40.24378202060054,True
0.9760299001303859,15.788494039511809,4.195785836948336,92.5922312540245,-42.4222914499431,True
1.1472209878924402,13.288466980426374,4.6495440683689555,22.637251214146957,-21.184713900270832,True
0.9966147293947897,15.334886941697736,4.85274406050488,105.01602853461488,-45.26681750533686,True
1.0699784939105155,16.253601024221656,5.015048774973328,106.24290165817017,-45.42203742298674,True
1.0314258214635121,14.985849780225552,5.17772435890842,94.4987967584908,-43.14886892517252,True
1.0151698427515394,15.898983977980306,4.82755817737517,109.87048803131204,-46.66719565446941,True
1.0654418758385797,14.321945263867928,5.204613904802367,68.59255332934102,-36.84764212541958,True
1.007542408666479,16.05421272668086,4.931421237483727,121.86568718419096,-48.65654284969529,True
0.9961790128906248,13.862989778737955,4.891725318300516,69.92787986379554,-37.26830003010047,True
0.9976898488094218,14.978132938446477,5.015568326026352,101.53064192254271,-44.848285207203304,True
0.9428082827474277,16.234908536593725,5.220177992055596,179.24830863104174,-59.19889263166027,True
1.053331921779746,16.179594538636604,4.929726830712138,106.47271666039445,-45.61004402634065,True
0.9670127569109286,13.700292913822166,5.109490691304571,83.45968912831731,-40.34213110756344,True
1.0105068088495919,14.785967013751188,5.223695668146438,99.12670117601475,-44.33429785076636,True
1.0010074453911848,14.400513366676321,5.163453539333478,90.73000878996635,-42.42219476816589,True
1.030370493728929,16.17972904861454,4.799672420965509,108.66654087098514,-46.27043301023978,True
0.9993455094496038,14.925504497202535,4.856119058706205,93.67704440258396,-43.065630467147486,True
0.9865815804775769,15.14828969231003,5.175119652541896,117.32605023524277,-48.178033894073685,True
1.0207332151839008,15.481844742802828,4.959399971662847,103.54182997240423,-45.31661866556855,True
1.0164472362567187,13.786146376775184,4.766213018942656,59.77863673688205,-34.46875757706937,True
0.9469127119954265,15.298981924235694,5.013323417734145,133.28863480313856,-51.334179344286426,True
0.9945022013199882,13.989830916203115,5.233350397058674,84.13230733805868,-40.43386074733496,True
1.0634982354575369,14.510231979797151,5.274214626934198,74.89367177430937,-38.540487455172645,True
1.1228636653101747,14.556532588290636,5.306330457323754,59.64708337697542,-34.139395823414716,True
0.9146229219329516,15.484008943046076,5.009553764803161,156.66610310483878,-55.28007611212271,True
1.0413865374992042,14.207139602212404,5.114605509830179,70.6819656044062,-37.160507477303014,True
1.00528915452233,14.525476026836056,5.331435932215145,97.78907261956907,-43.851067765467455,True
0.9704011060890978,15.324031821058032,4.80848262849425,113.24469000367878,-47.01751111042983,True
0.9786007381146575,16.38530479144382,5.293264238301097,166.21232395392215,-56.93739036016898,True
0.9530126883444562,15.437611194044262,5.20939979547922,145.38691884737068,-53.27757952936015,True
0.9318873913647595,16.130602045153232,5.210626317302765,182.36893693964475,-59.70807715193301,True
1.0192643900081517,12.876023424011839,4.493254119790863,36.80386492544069,-27.028517042428213,True
1.0891632086588363,16.435183812247626,4.835195680742783,95.51845098355903,-43.063286933948696,True
1.0176329490194171,14.142650739655265,4.815038481442949,68.11002238601522,-36.58266350876065,True
1.0085785865823813,14.391212941739772,5.4269804907346835,96.3194582277768,-43.388503225427534,True
0.9688213133379211,16.941449280841933,4.73475029936873,154.37435967786647,-55.25936316756278,True
0.9534834481597665,15.170311880598963,4.680102023504601,109.28212151981337,-46.37457648913489,True
1.0010901608296296,14.250154199752249,4.635313444779236,69.41203077201261,-36.81394186999718,True
0.9485355779823743,14.388250358816068,4.887876682069855,99.48034031836642,-44.37334335251385,True
1.0561547601841255,13.61682954201983,5.120946964328092,53.73253097256441,-32.68289738748472,True
0.9711226181365882,15.0146045427185,5.5508452673340996,139.65544107263764,-52.22945168918872,True
0.9578273460696924,14.664016363356486,4.885410892279864,103.03814525328673,-45.15513859839871,True
1.1125338714065536,15.669445094679986,4.772621952134282,70.69949713097064,-37.361564886933955,True
1.064943016859592,16.71895388898325,5.467650795165728,142.55441000284168,-52.95536460858569,True
0.9402477266924644,13.746121674299959,5.513513909570145,110.3958826254355,-46.39077134082991,True
0.9558886672659151,15.595953662546583,4.472245860191039,109.5550603237878,-46.261533909322885,True
0.9902552970896734,13.46676487696892,4.844725366038765,61.78448197816369,-34.59596349345034,True
0.9919551730756772,15.434791936096696,5.064794363820031,118.61050699831225,-48.17415710437787,True
0.9770606119291735,13.82661398279161,5.056273023482385,81.4435565518864,-40.15320330530851,True
1.0668369533865418,13.65339233219714,5.664743137294464,63.32751283617264,-35.45183052761258,True
1.0105256691086966,17.55057903007409,4.834666705780315,157.3725577844031,-55.55880767733275,True
0.9981540503365695,17.147940366943793,4.6558475711972465,142.54992238013122,-52.6716302331691,True
0.9695966256413869,14.292028061298714,4.767781479953546,85.3415514096855,-41.08113960421026,True
0.9474192178981955,16.902140831277467,5.326912400087715,208.99706992431354,-63.96747235116104,True
0.9687735307887899,14.960437868729734,4.996013580835419,110.83784635814402,-46.39271230546157,True
0.9562093808459177,13.629130184740667,5.48031655387031,97.64593877070494,-43.74140167067845,True
0.9370328668312657,15.649414874921428,5.193854911858967,158.61231367292373,-55.89013925531088,True
1.053902181062327,15.949245868436451,4.796560609201742,94.60776390493774,-43.117121610957646,True
1.0465071482053128,15.752432571320746,5.25884036572008,112.97911962582093,-47.261838881128575,True
0.9812687233575232,13.31015821500167,5.360760303763856,75.68688908565399,-38.587138411381396,True
1.065885564990916,13.85685199974014,5.437501172790188,62.791815131071886,-35.09626330420628,True
1.0295138297217554,15.937058784265043,4.578966874481642,94.6667806888411,-43.07767473591131,True
0.9459768368863638,13.847770553383121,5.084204367995374,93.70670112813299,-43.063172191500875,True
0.9271036431852973,16.018260910970515,4.66554985446653,145.27214617216484,-53.191595582756925,True
1.0153006600916492,14.637136142835516,4.911347337067988,82.94018283783632,-40.47206086711744,True
1.023800788045451,13.35544361487378,4.929942203193879,52.704378355907345,-32.05593210831533,True
0.9353628595551302,13.681029826540145,5.084543502012828,93.3921632685705,-42.63465009486297,True
0.9737176182972509,15.45408982770765,5.1441497232831015,130.04557729981465,-50.698199600032176,True
1.0426571151391795,15.501859829780816,4.818895093186595,90.1521290972014,-42.17840321268661,True
1.0785441893987353,16.561847126383295,5.365350341141605,126.5672129325376,-50.00448910259085,True
1.0042204803715267,15.019982433617495,5.400054424232359,116.54226012918784,-47.97712765550215,True
1.002812923542931,14.80066898135902,5.055929721397099,96.83832643532492,-43.429321671156096,True
0.9774459956425836,16.7975619127542,5.517571088423412,198.98405465455988,-62.563384222365364,True
1.0743614334639298,14.160600733916795,4.9762518960793605,56.60904149320598,-33.178593729418736,True
1.0277940735118296,14.716697799574003,4.444865578656472,65.16070827907318,-35.85318628727693,True
0.9579457729866329,15.474793203110611,4.723489075035692,117.85723231834832,-47.8548197581012,True
1.0391057686936842,14.104289676381839,4.866802024708271,62.51664432349068,-35.02340882693859,True
0.9649533333553925,15.446606572044868,5.276092841701902,142.03836599702387,-52.99011238543529,True
0.9524107219224196,15.004401556037628,4.705559620354493,107.69189669999284,-45.830886342858506,True
0.9776396647354921,16.135169543436543,4.981669200952801,140.78029738103666,-52.36645402851696,True
0.9569738823846796,14.582067185984103,5.743639784520325,139.37321422025818,-52.17580756689943,True
0.9547630087309736,14.36133696273184,5.0696160106657455,104.32838810610987,-45.42141220737253,True
0.9300433177168446,16.918958807247698,5.4823447147990425,235.08405926348988,-67.69730178269484,True
0.9650666317921824,15.851493832648755,4.64048476502103,119.75051834485643,-48.69992782663181,True
0.9733487273450215,16.086320167948756,4.393482179519563,109.53801955078119,-46.473668507027526,True
0.9324326389371876,15.8355523471655,4.517276323110353,128.54459962255046,-50.25711167454452,True
1.0270074775974318,14.326019578448866,5.325050714540401,84.23522908722487,-40.6388274571263,True
0.9116806896608776,14.040275018958118,4.9300749568032876,107.52304185512507,-45.90236946129715,True
0.9809423831143818,14.050892197003542,4.901634854498481,80.74901791435792,-39.9498383338194,True
1.0330604628865623,14.424566651461278,5.516829396313764,91.03758943095755,-42.18765403314559,True
1.0566079197023674,16.200187673207243,5.326485433079506,123.52057823203818,-49.42640732771255,True
0.97126243794045,14.974322968328133,5.139899329905489,116.86678924731518,-47.63998831866995,True
1.0506672434610087,15.939897150373922,5.359540553557419,120.88514011001435,-48.54844667664943,True
0.9816267718795182,15.823251518636981,4.954027299179332,129.59506875035288,-50.366413755396856,True
1.1127540949791028,16.602354431579204,5.104634838654219,103.06788889013546,-44.805706878069444,True
0.9270095917753445,15.801456142020058,4.636459602974087,135.92682351689626,-51.70135243184407,True
0.9496509402448515,15.212928273493247,4.770732852700855,116.8144938907386,-47.693425089264736,True
1.008051875759933,13.701237293064414,4.919950536246927,64.1945316419689,-35.72560076318891,True
0.9369321657096598,16.94127864332357,4.992160310588878,190.579950716846,-61.15625454024583,True
0.9645977405692827,16.064720261549006,5.296061782125739,163.19672065669963,-56.429599500916986,True
1.0226451192615293,15.424192964171086,5.371482316799087,118.1943070544045,-48.045718745883626,True
1.0095574035827286,15.21253579096173,5.857788170465154,140.58736162922554,-52.35973279522843,True
0.9982467431642829,13.21950245281559,5.690183893418262,75.27889122730849,-38.31249404615369,True
0.9987664456992622,15.421923437035684,5.343365755521526,126.84596155454365,-49.82580668616626,True
0.876938034003514,14.469766534139138,4.553607656917698,119.05984829852335,-48.194984184603975,True
1.007429867501248,13.360097607461265,5.429598047224005,69.29828457454222,-37.10596568289417,True
0.9681998888405935,14.515788631247835,5.567386831670822,124.1945301603117,-49.45770040514078,True
0.9815147844022527,15.240999613448322,5.0420034925449935,115.41244670864614,-47.64190427364289,True
0.9204913062544893,15.373478254403999,4.491447895511111,118.79349810862824,-48.449774542188315,True
1.0336593508326142,13.821669764899001,5.061948587433169,63.13512317328544,-35.3003874184666,True
1.0275907742160464,13.637915146889124,5.268283073513049,65.78004772279846,-36.0982905584976,True
0.9417582609875396,14.697165555889761,5.073805153169112,119.9166204880057,-48.42943354475232,True
1.0089702293277028,15.570741982386766,4.878410517057611,106.18077367536522,-45.53517797623405,True
1.0823217176276996,14.207064620429717,4.977430156631107,55.47280676470513,-32.95814508629822,True
1.0070054147102947,14.555568115733656,5.387548892335528,99.77301129347353,-44.08122771687704,True
0.8992876596179297,15.18825569780862,5.14246575061133,161.6280055667111,-56.24658244972833,True
0.9714762145934925,14.179521838047334,5.441930837127577,105.75231265325642,-45.53011339754508,True
1.0063485236465626,12.99337140188631,5.326669743422346,58.418877580867935,-33.92899365957064,True
1.10580586630149,15.310730883383041,4.941857241703262,69.78622022525867,-36.92095106105364,True
0.9395423896144515,13.253294325815013,5.251996800783371,86.76632460299787,-41.4860829943723,True
0.9926302008984673,15.330156824050247,5.451100338167943,134.15478713840344,-51.41713297242134,True
0.9466297536217523,14.779002759141582,5.04519030816665,117.74772700219714,-48.197731454145945,True
1.0439616173140407,14.77123098598721,5.2019164879117765,86.25366576671532,-40.98415338046157,True
0.9816843220397381,13.8970891208199,4.543994545624746,64.92628156217083,-35.65050428786727,True
0.8634220322025102,14.668013204220163,4.867549337535611,149.23343395251902,-54.09766656389719,True
0.9803370716551456,14.121359531380788,4.955756453253365,84.33310523161298,-40.79201964111649,True
0.9943951851505703,17.847894090137142,4.693093488119607,164.4633565913826,-56.90608729455693,True
1.0193982486952091,14.196130830406961,5.03947061482571,74.50768351149357,-38.07424548139924,True
1.0090839913560579,16.03853256183981,5.508876189568128,151.8199597054679,-54.52296617653739,True
1.0328614289731137,14.434795231174117,5.092834873726587,77.17842719488493,-39.08725085822542,True
0.9938244053064788,15.243120073360927,5.401214633473715,128.35825874455634,-50.315270044041945,True
1.0042316674188871,15.00761079391567,5.212754505380666,107.79202566641695,-46.12905127730522,True
1.0006104340990691,14.834606151215693,5.516163648372084,116.74158440287331,-47.70066349948689,True
0.9792430329797908,14.803237866934493,4.9814164423447025,102.22630858352613,-44.587393094061966,True
1.0284083486532745,15.247495294660967,4.79924325310709,87.33839955334821,-41.15823855315935,True
1.0423351660718159,16.376427384917392,5.234884053947666,130.2518020204951,-50.44124103094908,True
0.9978141572536258,13.868763434244864,4.529700644890983,59.97220129024049,-34.36839125536378,True
0.9754162630181744,13.231760072910584,5.179084057346433,70.20776606459484,-36.88022872905032,True
0.9458740689875076,14.169576744994645,4.337717433007954,74.70274209114135,-38.330737732327805,True
1.0177471844392467,15.127880982239468,4.73829361940274,86.39174526339826,-41.22959473679206,True
0.9498240609433992,14.704172749567446,5.105125555726002,118.68049641536533,-48.293640285519736,True
1.0079721756280127,16.54201118489419,4.618066664552641,119.39303831102417,-48.275020493390045,True
1.0065563075616903,16.41977066495762,4.877090643629612,129.81513399390775,-50.5401878424832,True
1.0533525428624109,14.545340949115916,4.6061199364138865,60.85189867097103,-34.38043484024503,True
1.069359777050501,16.5449185900273,5.213437423537066,123.06233678592012,-49.246059860899045,True
0.8480942417477491,15.420603814034854,5.340750678251162,222.0926513353327,-66.05930326409191,True
0.9899248344124159,14.27118807978615,5.0009803276891365,86.32206031153565,-40.99299789560499,True
0.8949537871767851,14.880253341254358,5.659130364038649,187.6931143822026,-60.71551254473212,True
1.0580783437623034,14.806872612356958,4.929720170133501,73.12627930305362,-37.65811862977099,True
0.9988406002130553,14.264008530421716,4.599747033484202,68.85410397528973,-36.823899091362364,True
1.0575832717823015,14.366050910186335,4.571482988063299,55.29003960362646,-33.16179702978495,True
1.0129080283555827,15.451400611022098,4.956370933368877,105.83005971341824,-45.37152422494438,True
0.932485045063385,14.600125980689485,5.097018554064189,121.37040837228697,-48.65916441752699,True
0.9516172421687643,14.717222941464145,5.749355877922069,147.39329360771032,-53.808956676175725,True
0.9932857383355613,14.792789515506373,4.679060891271996,85.22897007331825,-40.856917262132285,True
1.0284770072699476,14.831844970334668,4.810443087551401,79.72831623837875,-39.43881037481305,True
1.0028389348948645,15.9206850741,5.143347160640887,130.1756311769084,-50.67558153445067,True
1.008875265213261,14.173550064692964,5.0291952844797505,77.40875576775152,-38.92524345366991,True
0.9821278576754368,15.230388299133425,4.819351569147815,105.9317449455379,-45.451424772278486,True
1.0564985192870255,13.486936211432104,4.98702488516701,48.07920537332713,-30.83803282650261,True
1.0073034078677148,14.478294128750893,4.659855412464027,73.84975620777749,-37.90289641817074,True
1.0024211347388232,13.692533345915106,4.866009308589375,64.34981551194308,-35.583136454413044,True
1.014771554079405,16.61796695512108,4.666758322208815,121.06399397157053,-48.60048511934781,True
0.9792498672547576,15.133891036201057,5.312847619680319,127.26447974068022,-49.75302091466429,True
0.9824901038013208,14.57418015765847,5.222509310999324,104.69531477694768,-45.2374170232174,True
1.0240657615033133,13.263125916659334,4.984358980502505,51.84299296085872,-31.87130170645854,True
1.0388155417467164,13.660615082190144,5.004764112584818,57.09631513665084,-33.65357290902337,True
1.0440400007668735,15.851629837844488,5.067095032523625,108.14798030923674,-46.172844073382755,True
0.9902379399985736,15.354668011245835,4.863410222868555,108.08646529474599,-46.15490942279697,True
1.0061639533876112,13.559037259660343,4.493259100672142,50.9917053867973,-31.572126016102647,True
0.969675305056435,13.56366722602463,4.8978867652543245,71.51722859556766,-37.40756274131103,True
1.0393304261125673,16.848002008848265,5.146353488134926,140.2574883628732,-52.384741451617884,True
0.9527586962671666,16.35526947165645,5.285712191116591,180.79642528261533,-59.60251127809569,True
1.0111069101451733,15.295348687187678,5.021526368867322,104.55610739594478,-45.250979543629555,True
1.0439490373841143,15.116052863995568,4.819056682452532,81.06633538924252,-39.645529391738435,True
1.0062854635538527,14.831958689352778,5.168129691117597,100.13404562708746,-44.509060645533474,True
1.015000133732162,13.742503662818772,5.052210204086181,66.94145051331553,-36.40650547188483,True
0.9863610107541044,15.860371610495841,4.687631965821502,113.50709716910879,-47.05049354993324,True
0.9073043175451735,14.80450666961406,4.460109727320529,109.58716073864221,-46.255390289255075,True
0.9663198076190701,15.730300777720402,4.838485151084338,126.24385290532,-49.55995483833567,True
1.0022177890514714,14.595782533325993,5.457367379278554,106.73679783495706,-45.95933910876366,True
0.9655471216217684,15.363010027392525,5.166685601448471,133.7932434048167,-51.16827795625461,True
1.0242605316196067,14.519745637720881,5.445256231423715,93.69660109379254,-42.914213379846124,True
0.9267988340144908,15.069514878474692,4.989729949405364,133.63032951703886,-51.13626328709281,True
0.9031253721623507,15.797432822828748,4.988533011204883,171.2214377938842,-57.72820034336425,True
1.034751996943385,14.464756485401017,4.191736284565827,52.399069442054376,-32.03086917624408,True
0.9844179369531655,17.019593069243385,4.425888458747456,130.50851121378122,-50.59398906896759,True
1.017318980989775,14.422032396669055,5.138156918348178,83.68112090096972,-40.296475071965,True
0.9739482973367378,15.136447699730178,5.057421309558535,118.08517979196,-48.26923895168142,True
1.028237034251909,16.38208170781067,4.319796364532108,94.07514326321187,-43.019414640160846,True
1.0678709073294586,16.45028009431794,5.039612060804171,112.02889857623644,-46.79303267106729,True
1.071418188239945,15.467333662833235,5.301640801712809,97.43479140732296,-43.9191987678225,True
0.9676019346151247,15.268873735922627,5.094288535329522,124.89284604389559,-49.50389276759545,True
0.9789039589733912,15.069005124488223,4.840241306563825,103.05373441172084,-45.02230107466905,True
1.008507045415465,16.356358726818968,4.253000405653633,97.94954375896157,-44.0569309027213,True
1.0935458329176602,15.957271079086707,5.121388142017837,94.33586639826476,-43.06052129445789,True
0.9423586634539317,16.089600572797863,4.733020256501813,142.62209789700847,-52.80616561067648,True
0.9427115307319693,16.634472221609357,5.153342984887351,190.54513007715494,-61.280194822560055,True
1.0434472949434235,15.457971805482556,5.209471432721071,104.15018699907925,-45.34027132092844,True
0.9667116481079143,14.59303258403654,5.276239332950266,114.23394648240844,-47.523647695491654,True
1.0329578475584693,15.351279984318564,5.114328548329974,101.4840524706161,-44.61689000559692,True
0.9707493298902629,15.05611271387928,4.8961562842877315,108.18327463864757,-46.13655694054074,True
1.0176141089774386,14.810930959588678,5.175766243038614,95.17328920465941,-43.017260642993286,True
0.9745010472977577,14.59569839140661,4.695677620116897,87.14539174081239,-41.43922450967618,True
0.9497656998682863,15.547695933250687,5.396175198537902,159.60623014075532,-55.80882132161964,True
1.0073153182405288,15.637581561886776,4.795271216842152,104.16771771981068,-45.1667115517274,True
0.939373334602825,14.3039888295368,5.543534820503744,129.50489369937927,-50.376757487285545,True
1.0228151400224799,15.315990311186583,4.925293914170624,96.5785267326616,-43.59697515045851,True
0.988286170739505,16.62326377056182,5.148389959755575,159.4018073469047,-56.11098682449517,True
0.9319490401772722,14.253482237234984,5.03772585683841,109.02942243089502,-46.36992571385135,True
1.014996776622521,16.368990754514087,4.459676628661343,105.14911714623639,-45.63838933731973,True
1.0139437384105343,14.125480952174774,5.160911575011945,79.12943029865012,-39.391616691382175,True
0.882390754872659,15.361319781833044,4.769247369681738,155.34636593547023,-55.249501479923154,True
0.9974546753357583,13.218990546333547,4.963949628014627,58.13745474760997,-33.79838485436029,True
1.0004948139965497,15.639792936476985,5.014171829913191,118.29841026662027,-48.097607224250844,True
1.0046337408547752,14.77919723416899,4.691212007245778,81.17635959353429,-39.7491583757146,True
0.9090617399772597,13.255188147152765,4.818655476672064,83.40874966544682,-40.624802153031915,True
1.0176852496756466,14.528807497017619,5.3767994855574495,94.76838547457572,-43.08033372471966,True
1.0256513092872133,16.76619228751303,4.60492953851402,117.7641205309664,-48.08353786463583,True
0.9531004914377967,15.569930253703085,5.177285849578774,146.93113729105949,-53.86386011669795,True
0.9300429237634715,15.112988219428047,4.886448844335669,128.06204235361818,-50.35860266896595,True
0.9510302350735619,15.530335917014666,5.299857360578107,152.43909408669265,-54.71493213170961,True
1.0064390184131142,16.009851671036188,5.2118154251654465,136.26156724201073,-51.8640267386422,True
0.9381092458621635,16.523651105476592,4.791604280986159,161.4168356692948,-56.22734969167946,True
0.9323193826859296,14.709007048373206,5.205437476988907,132.2463533707863,-51.07835286710578,True
1.104973541540948,15.592825604887325,4.829137537919817,72.77710596534857,-37.99776242519815,True
0.9997344889305597,15.475070649506499,5.51318433424933,137.7717120914438,-51.921047984759326,True
0.9844404636432394,15.106652490371495,5.036117245988052,110.41131289006432,-46.60212843176366,True
0.9664765346034382,14.81353530517649,4.898482084983998,103.48974987113462,-45.0684282543283,True
0.9788448935266914,16.604005062875693,4.873985192854156,148.48429390348434,-53.731505161247355,True
1.0900930546934866,15.263034909717462,4.89333417847783,71.82198182068383,-37.340213962279854,True
1.040812922561865,13.782602546586052,4.911986833263402,56.76205753867693,-33.532349395553155,True
1.119336538257128,12.095013642196161,5.215472017995703,15.114541304189629,-17.336518633590607,True
1.0195969925048132,15.954175772299571,4.8510089528416565,111.78370351352794,-46.933097020738984,True
0.952187655450992,14.569674922845763,4.748170882403908,96.6264259752406,-43.56749485638799,True
1.013558432507249,14.847806392970625,5.3220613981950935,103.4196800329378,-45.23285282397397,True
1.0274310666827944,15.407843945157273,5.40826584538947,117.75138128907568,-48.25171316266503,True
1.03069563870811,17.460812470421033,4.766179198352536,141.86078880978255,-52.59064233024972,True
0.9778919583815715,16.353748692756803,4.91242456556866,144.39115630120236,-53.08731406702478,True
1.090193796200804,14.773298981915058,5.373050063887718,75.3476195386535,-38.65818962541291,True
0.9365214978885612,15.730727339981039,5.137716907831183,158.65120370124393,-55.740583407800884,True
1.016972551147008,14.397691480258468,5.479603494241417,94.89659241655548,-43.28777682771875,True
0.9853802502088314,15.773858966401555,5.209535892393554,139.3818237937902,-52.31757583297638,True
0.9611524885087791,14.177345544609238,5.145409449147284,98.51055704637426,-44.20814426283995,True
1.0123552799285782,15.182624982118037,4.891329992084028,95.20485305240399,-43.25208894479524,True
1.062828886831835,15.215961776684413,4.706943390293859,74.19551224658032,-37.944750055696645,True
1.0201989536255436,13.948438188893705,4.638015408741401,58.19855528457612,-34.03343246154796,True
1.0136546197944916,14.411492591248779,4.991129860918627,79.84412874067476,-39.76620026652387,True
0.8990189082502372,12.825562942784483,5.422602859532194,96.24493342886352,-43.402834917526235,True
1.046060178950003,14.620774466994048,4.685660233632724,65.57502432798304,-35.84163888370339,True
0.9796972340651506,16.115572343429772,4.962951741732079,139.16864255664592,-52.149282118017666,True
1.0267087896947977,16.99890689119915,4.502096032872586,117.86903352340933,-48.273026199368616,True
1.0460093889363882,16.491670152683373,5.415298588281142,142.16845433875548,-52.88530920020566,True
1.0096439799486623,14.614291782923779,4.757168176925538,79.29245002360165,-39.41244919281248,True
0.8999417498936485,14.993123713229728,5.680490424115818,188.98719532950824,-61.016403614723934,True
1.0708261743219598,14.928771009867956,5.138515619740239,77.86269411267735,-39.05500650259427,True
1.0902605550305149,14.79048710299912,5.4630092389324645,78.56198028093928,-39.18293737826887,True
1.0406553315877585,15.974319002474779,4.479193141752066,87.77673652557525,-41.2863771674188,True
0.9636766324990815,14.44855661815645,4.25680558311982,73.23917581403171,-38.043917895134086,True
1.061491408030428,16.452397257961437,4.884721360775028,107.912853430601,-46.187821624530585,True
0.9858969393168947,15.13874326494133,5.012390086064169,110.68050579665967,-46.55223503765561,True
0.9966513818187734,13.834045868082738,5.187519270290796,77.87052178634092,-39.16476245312235,True
1.059876102795335,14.902789373436844,5.4620559976923975,92.15744481905736,-42.34716686457416,True
1.0323747640224068,15.479020631446598,4.907249735099751,97.06468775793171,-43.501649459229085,True
0.8823527731654687,15.976931455047527,4.87241493918749,183.8562221206903,-59.89625709191012,True
1.0103927058099085,15.754226854885289,4.931777274715077,112.59544706699992,-46.915199617222214,True
1.059267192433618,14.683760178024048,5.109804382771713,75.93711758567841,-38.481735620068434,True
0.9318205916835307,14.481550583087776,4.627296460756316,98.16177713139216,-43.98221739972432,True
1.0488740213927734,16.730468534065615,4.461084841854849,101.1005533347665,-44.46951904733663,True
0.916512120107812,15.02653236033108,5.097649361842671,143.13627399910465,-53.233240753287866,True
0.9892603271614441,13.866353730453485,4.5945589409986844,63.59900264933693,-35.09380347383936,True
1.0270715713153118,14.414586577590752,5.342708705431309,86.49777262496919,-41.163140475006166,True
0.9873442432919809,13.037937698580611,4.3373324184781525,43.239328618693804,-28.88599902197468,True
1.058881746042436,13.37118229449212,4.764436015669724,41.785268989055105,-28.658306228064912,True
0.9292655764112934,14.470203313749952,4.594326642939142,96.76103914293296,-43.63788524518748,True
1.0407616825120913,14.204283494318044,4.798041646826456,61.514055090745835,-34.551747347193995,True
1.0026452353047726,14.313436779960382,4.736099490990156,73.3137349961642,-38.138547253590296,True
0.9573722072236239,15.770241457785708,5.33758200348949,160.10531974036704,-56.0795286126401,True
1.0219378333522682,15.874100735455222,5.842741123753839,155.07186496920104,-55.29900157965331,True
0.9964833061666729,13.83535279470446,4.6322350589551995,62.34294148120945,-35.0100667103037,True
1.07397792141721,16.891538998421918,4.792078998313466,109.30427096539783,-46.14953630987718,True
1.0291703876045095,15.10064644793017,4.956594276493596,90.91504142160797,-42.39480071927477,True
1.0206325315745335,15.00779063175118,4.682144964509635,81.030714187314,-39.780312473301834,True
0.9663522934711151,14.208068004308966,5.167624673949786,99.14463863225141,-44.20852876671469,True
1.0073283748686206,14.69965245006677,4.584304977401616,75.27239172902107,-38.33102668971913,True
0.9712418691826621,17.028607689302817,5.18299296293261,186.6115150458808,-60.39384231522375,True
0.9968852191053095,13.918746875977492,5.026738071376992,75.35881115522402,-38.381707278446484,True
1.0622675404246997,15.267308348405859,5.226442047307968,92.11858982712657,-42.75552676690564,True
0.9857123586237233,14.457566733302837,4.996552171440993,90.77786834179528,-42.42237319762911,True
0.9276921141200818,13.190336976524772,5.219814353781609,88.0574154610231,-41.601676907795394,True
1.0247264456448242,13.464132273592176,5.159427892699556,60.28958365800866,-34.19042373531234,True
1.0393423549953784,15.610689510990387,4.945861610448819,97.72534880342195,-43.8626080777604,True
1.0794482564961778,13.277352886328465,5.1674780196527434,42.21525945179237,-28.743828802091148,True
1.0432186660750187,13.765080503771593,5.42731126958589,67.61631395923457,-36.48874153060119,True
0.9864163134433672,15.82188260825793,4.464036478178902,103.13405429120861,-45.05057233342272,True
1.0130397444470394,15.701135762023148,4.391241619023989,87.00641948690108,-41.18575769907831,True
1.0194656486324203,15.058609363669408,5.389496142775204,108.91523401575496,-46.29466423672718,True
1.021709258618685,13.821924421085317,5.269842575545453,72.01810333279757,-37.68184688068502,True
0.8762958235229696,13.818252899583433,5.4288829657971025,142.25624757981552,-52.8707979206916,True
0.9713259213581402,13.675997510992378,4.967512226761625,76.6040672618069,-38.982897377153634,True
1.0238523071228376,14.866311580269112,5.526117722350462,107.36974336036037,-45.963129658649436,True
1.0549687256674765,15.641152598640385,5.867994407407898,131.95201440248417,-50.846558258998414,True
0.9682865825005916,14.57588198503246,5.345917358338449,115.14604985633838,-47.485491016875955,True
0.9792524823999844,15.88480297342259,5.174520701508418,143.33287592370638,-52.98894963619972,True
0.9880757224715064,16.610041868170637,5.2203445829128405,165.32212287680457,-56.93290190916455,True
0.9932554213298015,15.391094363953256,5.050559894638222,116.7969044880411,-48.011910952390735,True
1.0427224153002834,13.746633877667097,5.096478650019834,58.958172548941754,-33.80762484417535,True
0.9630768582807842,15.085986093045122,5.134622221928952,123.97057015884812,-49.311027405513585,True
1.0432401611835858,16.3535255972119,5.681766704169581,152.26597369036318,-54.8554782963564,True
1.0709392235435007,14.369069456946397,4.771790287387402,56.83873011680314,-33.20665446304121,True
0.980316022905091,14.342178898572389,4.933253274248356,88.07154697536163,-41.37671490298744,True
0.9785056928371433,16.13986681015828,5.000897801592147,143.31393608283676,-53.06226704490133,True
1.0078771239689748,13.563987072998245,5.188136138082905,67.66387193758763,-36.45702001379282,True
0.9706756369954392,15.198453436186972,5.073744715555852,121.3812126412875,-48.65722643205602,True
0.9956048162105968,14.382387558349516,4.613913215229998,73.80513597242992,-38.28415867279337,True
0.9265170720627706,14.56717747665873,5.022149823905123,120.83223129230069,-48.6218051725584,True
1.0427853074866928,16.703345712269105,4.9684713921678725,126.70988998383099,-49.892448901527544,True
1.0831510861847697,14.519114877501076,4.997428949711759,61.39773478809001,-34.51092548252257,True
0.9663393576043038,15.121591913451665,5.25200003159293,130.80127531589306,-50.47987977409559,True
0.9176887254277373,16.031473563036712,5.358755788748535,198.86910032735915,-62.62522738955089,True
1.0460441554411932,13.7178654206938,4.748097469259627,49.82765990725271,-31.39380761841707,True
0.9790752848479909,15.835969243160008,5.578606540108966,164.53992486537115,-56.573280176595865,True
0.966608096715535,14.551861076269846,4.550967642223017,85.15366920800179,-41.111516919790205,True
0.9939004720179918,13.719811015917788,4.78671550225372,64.74468805083123,-35.7647570169529,True
0.9389576659685154,14.507644225460599,4.933406522926931,108.8444075343886,-46.14355518219082,True
1.0241001861682555,15.062182572679852,5.21117971485211,101.19805930358024,-44.42845060884186,True
0.9367696240207447,15.240130508218652,4.481249644951891,108.45360750291641,-45.9818382769538,True
0.9407813853203001,14.250983549055839,5.664662042347713,133.9025919319039,-51.48673565993232,True
0.940109844894082,14.78395622160523,4.460970658791697,96.01979556424247,-43.520510941860806,True
1.0081999050131858,13.607202875793018,5.464981186499521,76.71533362154001,-38.58407075201245,True
0.9093155203898751,14.292217713121032,4.875713358225752,113.62836028528476,-47.08047506262032,True
1.1044136221335663,13.63800087886047,5.028357944488161,40.74913898209288,-28.381892472183694,True
0.981223604293874,14.920721062076238,4.333632328605985,79.14086893473507,-39.31035847588241,True
0.8941898504483152,14.16249821498861,5.222826440360793,134.1339190958774,-51.24562494087562,True
0.9469631359949656,17.074711901693018,4.953721508205607,188.88241566622088,-60.918896529405,True
1.0299392436044137,15.382918513042334,5.351938807553978,113.78495134444178,-47.36743188335894,True
1.0674172322146491,13.373724127959669,4.58265089375184,36.744156173699416,-26.73236890246174,True
1.0081594219641423,14.253726312373201,5.4289599647211695,92.64499651015554,-42.627908444630016,True
1.004281939728071,15.702455299504036,4.485129162621157,94.01247977161835,-42.94572745753942,True
0.9234912119328142,15.24459690461611,5.075825787471524,146.57174308510335,-53.64188703981681,True
1.074442874741982,13.42895115511468,4.5621751595912885,36.24216899356124,-26.87278489690599,True
1.0277964700232969,14.212747777230497,5.588214407317481,88.81864247184552,-41.752639414414666,True
1.016054087865946,15.643291233263284,5.285231675490071,123.13579117295309,-49.364061026792385,True
1.0008456877145842,15.371234129008489,5.478471299445232,131.38036900150826,-50.90764782953049,True
1.026551470275408,15.576189277552096,4.9208496076586306,101.63211451756075,-44.57408855431524,True
0.9599973461457573,14.720001400861648,4.906328241647336,105.77026448175539,-45.74378295585611,True
1.0469670193213538,14.143421086990754,4.987814623489537,63.673372076225284,-35.46026923971995,True
1.0401694934414982,13.723979219226294,4.959045998881671,56.894278175069196,-33.601582088741054,True
0.9950927656537559,15.949581010535427,4.8817144080788974,121.96931828292792,-48.991646944766245,True
0.986395448218912,16.94356620441743,4.935694315968025,158.04418280192115,-55.74608745130298,True
0.8920781772242596,15.27700506628134,5.352550352069816,186.18999403229026,-60.55999345244743,True
0.9133896408253779,15.935790553620285,5.290761962219284,190.76234359802547,-61.05808766080794,True
1.0272883220362963,14.201010192663997,4.648409519697287,61.149349040796444,-34.800411990400875,True
1.0452365600953586,14.97914590346132,5.213759691830497,91.0180806860917,-42.48294936909077,True
1.0535025123808037,14.937043491535743,4.580570378694599,66.80001660707565,-36.31258286541607,True
0.9326412507763024,15.384970083565886,5.447528586594006,166.97726336655404,-57.246098702859754,True
1.1146725733017515,15.077623503447915,4.713933716665438,57.81084362380971,-33.849103946069995,True
1.0500145531207983,17.77706744869034,5.238335280777035,169.35120418194563,-57.77539470047348,True
0.9713274035750621,15.799624872444754,5.191113248363453,144.7312598244026,-53.247228659850144,True
1.0081661693985164,16.299295245555083,4.908508538779214,128.3583892828041,-49.95451065213959,True
0.9151310224068199,15.270828760393256,4.885076762442555,140.43716367033616,-52.63049980079377,True
0.9691548623192402,12.874084687501828,4.930918715431485,57.629867283873246,-33.816560639088685,True
1.0269131357465686,15.448316203242198,5.146648125526678,106.42738720270498,-45.64173354665943,True
1.003134489448255,16.095255577937767,5.25311510170016,143.22999997209496,-52.792197100067185,True
1.087157176512662,16.39346148035746,5.663625534781957,131.57731257686405,-50.8980548393478,True
0.926027679157189,14.932779435096698,5.5216725315282895,159.892679285802,-56.181255230582295,True
0.9941433698242176,13.564795527635066,5.17390982599566,72.11421618104956,-37.448020825719034,True
0.9431692103143666,14.710719252881159,5.079519896867913,119.66141578159367,-48.475210173705136,True
1.0767527185124692,13.550159810348632,4.838696846946442,41.859566512379786,-28.727732496742195,True
1.0132678381960913,16.28713570493143,5.195009525045169,138.7650657383317,-52.28437498087223,True
1.0004221739027657,15.453863403815685,5.412428952429485,131.83522937596575,-50.69948643145881,True
0.9933431047557968,14.487560204339156,5.3459123333780685,101.58971340062458,-44.597129547051935,True
0.9561458112697165,15.742127988991339,5.085207712660462,145.2375168874738,-53.372835371373604,True
1.059922347892365,16.46913598192008,4.820503303246223,106.70880240641355,-45.793913827349755,True
1.0085302793062025,15.784159635089127,5.041803874160532,118.81821292068406,-48.49419136564247,True
1.0122375960125831,16.999685722708726,5.218007083889959,164.77774268398994,-57.018631073387326,True
1.0291160753640374,14.114470665786415,5.356252230505838,79.60233797587425,-39.73424601536284,True
0.9569108996527713,15.972995918332652,5.071161369639957,152.2983828604338,-54.66202524727605,True
1.0997643613848298,13.540890136439781,5.286533352080692,44.11493501530372,-29.410050306756876,True
1.0784756246954799,16.89390416745241,5.3188657871403535,133.79237580841496,-51.08181610112558,True
0.9982020659796562,15.728093733323828,4.912853454459557,117.010609145784,-48.06420742803924,True
0.9849456505128287,14.626527169972878,4.827225569822577,89.73450804162971,-41.77308509354496,True
1.0319820843161391,13.84425946574019,5.508602242036271,75.93237412523598,-38.36056789057586,True
1.0560094303287457,14.460072007636308,5.214427284856639,74.70015159896045,-38.473579447029714,True
1.0875137657989673,14.740509186210137,5.168179620686266,69.94786405339451,-36.937037911826366,True
1.032240709804572,15.2161664361758,4.8375842644076865,87.14590847589197,-41.321591035898564,True
1.0068283730757976,14.982967917036223,4.383959425151153,74.47155553518064,-38.01754904241775,True
1.006856752436905,14.366416818665423,5.143950655600877,86.00075879355731,-41.293809429886274,True
0.9059656390938107,16.157452666578344,5.145814721164795,193.46406764500406,-61.67877681691106,True
0.9784851782216399,13.300758914426956,5.205950852199322,72.24722402589597,-37.52662386539875,True
1.018061085671199,15.573295435173952,5.000422956818789,109.10352077619747,-46.356075555850914,True
0.8871134617177873,15.185722586214299,4.8316766768552,149.98707223515143,-54.31707483716498,True
1.0089968327603192,14.993007143799488,5.080923087102809,99.46873664887997,-44.389966348042506,True
0.9593987051020497,15.630127367668566,5.377630147711263,156.94267181515522,-55.25143078642938,True
1.0788509460269073,14.332241472346913,5.164902741724383,63.619843451999856,-35.395913909152604,True
0.9857659336390538,14.23025348606526,4.5970638295404145,72.02005686282826,-37.5816297513233,True
0.9868185635256977,14.710437995095212,4.945693320522177,94.89042723293568,-42.94968272615135,True
0.9931293099677148,14.473426099738761,4.80562943209149,83.23139506492045,-40.1712510281416,True
0.9997674831547277,14.76302150031374,5.478725545760054,112.84577478809642,-47.29549777591015,True
1.0396415304446458,15.720025609567866,4.93497709156734,100.28573211399454,-44.34442580310785,True
0.9827849144105243,15.110423988136407,5.4492677503179365,129.53628207106777,-50.602662573953815,True
1.0011715887594377,15.029719231994399,5.066832097011054,103.53070928085258,-45.082130942018466,True
1.0399396377621004,15.23123190299471,4.8769514831616,86.68488901552274,-41.04829968912354,True
1.000426506566499,14.669780583010796,4.712141207978598,81.84349149094876,-40.22024915980028,True
1.032771541799104,15.903463608958978,4.894214086863412,105.31927732935995,-45.69927945849569,True
0.9777217134229,15.565486905376682,5.003817947679526,126.4408383187777,-49.585687908180894,True
1.0175503219216144,15.005558256128655,4.664634081912497,81.96863298720464,-40.07178402387205,True
1.0654495804668627,13.8674764544776,5.192025434836337,57.50219031700477,-33.361826826431674,True
1.0301226735361146,16.309355309861804,4.745620883488598,109.65264927413332,-46.439910514314434,True
0.906449078596011,15.664539474108567,4.562591415081263,139.24652358783942,-52.450920843289325,True
1.0277682467117748,15.567116461221284,4.603887688257395,89.08258351858461,-41.893163192044405,True
0.942300578090236,16.699215401691028,4.855910435798881,171.58267378249326,-57.86092431400875,True
0.9537510836874776,15.695479950317266,5.164375007013978,150.748912652888,-54.218289770956986,True
1.0245939844510938,14.951454786934322,5.492013688549154,107.60452188099374,-45.79938997585364,True
0.9515217963832694,14.489346887995064,4.92800635845321,103.02814331143134,-44.79612147857089,True
0.9445097231747718,14.450382868504722,5.099755199464404,111.33670857164921,-46.56032560891258,True
0.9998252396528823,15.275707851954651,4.978828975508574,106.45996728607399,-45.74261046709495,True
0.9693289749448508,15.9666715314255,4.360911524958678,108.28178051756574,-46.224723571484866,True
0.9185120777906,15.977943781327495,5.113305432827532,178.37766432696571,-59.03486040809672,True
1.0277692624296455,13.619530132836044,4.99347766442339,58.11226402062169,-33.804277422076844,True
1.0492710018102112,15.924575607356863,4.527008130661943,85.9468290231841,-41.30806231090862,True
1.0452352365956745,14.70367907183017,5.50701063451399,94.02542187077282,-43.07976502485136,True
0.9550842378517033,14.411632611256314,5.180014690523232,109.79027677049146,-46.612704321768994,True
1.0205450533125553,15.366053265202602,4.500163340950052,83.35954270915606,-40.38295899805191,True
0.9752960846378032,15.787678272869517,5.157075586657615,142.28329746379237,-52.67411130313093,True
0.9366251517454746,13.766779830351787,5.907879851827866,129.64812408701565,-50.37572704419903,True
0.9626336067825462,15.217374448207611,5.001962689847314,123.24849794152193,-49.17077268901391,True
0.8590331491960337,13.378789199063457,5.207179837300017,126.11813366770652,-49.689235321454966,True
0.9471350467794465,15.791912430535543,4.829557839093148,137.19803495980912,-52.05976121382596,True
0.9266646413097056,13.890414951042821,4.865270125179168,95.01674693323903,-43.28952299836036,True
1.0101453799214584,15.190746896536474,5.469216073675838,121.22225762680684,-48.74401627721461,True
1.0145748164275232,14.633566473987464,5.190735174841996,91.70540447771103,-42.22808617358986,True
0.9155137801320499,14.429546292403067,5.320933940476202,136.83592137753627,-52.03686925804464,True
1.0413989825501189,12.999535705130352,4.929472869346704,41.66637928413811,-28.462327819963694,True
0.9696119294664758,13.600856533953577,5.13567418690099,79.96729440379148,-39.594365749210134,True
0.9465300362421476,14.924814203549836,4.977035615531026,119.70691592066447,-48.690377208929476,True
0.9104838354001944,14.069880558300753,5.184340289674056,120.18685541676439,-48.64490710013193,True
0.9599566253374682,14.681374928146349,4.965951714502005,106.86645825867706,-45.66555056707543,True
0.9930389566168681,14.213185774175814,5.533474411701413,101.18101413610725,-44.660360540357104,True
1.049789864096518,14.721720985146511,4.929122254138666,73.79516439530589,-38.00320882710743,True
0.9947353220062666,13.79827652561624,5.12769981718374,76.15779986677475,-38.43478194323944,True
0.9842564796577461,14.523844604864085,4.459840530124018,75.33277717452546,-38.564286812259574,True
1.0290247022644592,14.732036508577906,5.35730194758181,95.89113586579033,-43.35387712738353,True
1.0070046703756421,15.029531055435191,4.647711263023434,84.13586310453056,-40.470813030625145,True
0.9247467754783365,13.175097400073852,4.806116027315297,75.79437103768126,-38.32034325267799,True
0.9781637829992378,15.051224309399517,4.628586527672488,94.57828157592823,-43.2264128129438,True
0.9712496360818392,13.888102618848208,4.5725557647445845,69.23179685722383,-36.73813347859351,True
0.9925030127098915,13.63390293522983,5.2916220099991635,77.23364841399174,-39.0284924787452,True
0.9762348200146455,16.23134484232495,4.762883014544909,133.09198652114944,-51.15641501813979,True
0.9596763877769982,15.729525611525291,4.5622381745249525,116.32479357715874,-47.71944072983091,True
1.0732438520063834,15.550994887852086,4.544104512057641,71.55182940758993,-37.56730799829443,True
0.9977393838386966,14.779214602636285,5.332484757335606,108.10839049858868,-45.82955268544653,True
1.023842957682045,14.419173706949664,4.891090842627342,73.65251472215581,-37.920417547069796,True
0.9941324956938555,16.487281733365872,4.98511149285535,143.163057945028,-52.945540511292315,True
1.0407608200398317,15.134854017081654,5.2766152667348845,98.52369145147246,-44.08033895665599,True
0.9954576486749924,14.101130901500186,5.177441280059915,85.03220172934705,-40.626027567645295,True
1.048618469703239,14.00518955393506,5.057754914159474,62.78309759850245,-34.89017197748518,True
0.8564865457598478,15.311182080924947,5.381246963060102,214.32768740651935,-64.84013685522521,True
1.0049844724293162,14.651976845112488,4.613982271324384,76.63209516034739,-38.64472387818535,True
1.0130546188809426,16.033236165763086,4.9077067953499816,118.9218819703122,-48.20720327812501,True
1.0152317695175546,15.07210931292638,5.272213283397748,107.0428206604375,-45.903312435267416,True
0.945809350148213,13.799384410942011,5.553480970133112,111.47442527826195,-46.80684610348198,True
0.963866166223404,16.860982723299077,5.586531540503074,214.82423630818454,-64.88478239607171,True
0.9478344852032596,13.97943172125122,4.641135705374251,80.27791675329532,-39.81852865520531,True
1.0243543796628762,13.777962176773789,5.022332806194575,63.6483099354683,-35.57104887830268,True
1.0452136203144902,14.916091341471077,5.147737883216129,86.05813455428304,-41.28210009096265,True
0.9178063520601513,15.465789639710982,4.950942439488997,151.17900770812705,-54.55739996574035,True
1.0102586561389277,14.100616293759858,5.20850320430439,81.32423221609774,-40.028983048227275,True
0.9567693516419935,15.695530253859046,5.677854120480964,179.15233733874192,-59.52911425636816,True
1.087378720566812,14.506506803315599,4.730024880656942,54.17004039469035,-32.76917917202679,True
1.0281308538271166,17.44517050108206,4.623592275946593,133.85087438072654,-51.08199572267951,True
0.982402677537964,15.333470851359257,5.1910969685003865,124.7261058228693,-49.310712630331366,True
0.9932549683162893,13.915035708403366,4.860628418821189,71.99806357140687,-37.7918008681974,True
1.0648528272850755,14.29644705373687,5.202810970483122,68.19818535415297,-36.443816405680685,True
1.002859711969973,15.493149962535304,5.058287102633033,115.49187479560521,-47.75925117888488,True
0.9105688420842885,14.187856839860531,4.944111754120485,112.30488342494411,-46.96900769908442,True
1.0758662583668788,14.923730070642524,4.792834921970311,66.15909687134238,-35.93196357226463,True
1.0406418613497928,16.969743817661087,5.028913060217784,137.71276189747778,-52.046664632909724,True
0.973131946399163,15.639805741384608,4.882690348417378,123.15444816221758,-49.26956759422102,True
1.0300357081580775,15.594805033885892,5.334892779924379,117.7263985221194,-48.00216544247865,True
0.9693259632335303,16.98397015145243,5.031360428121145,175.62845742693315,-58.666814242010204,True
0.9679999741839415,14.24108417712085,4.617636883795724,79.47903391742965,-39.499831415606536,True
0.9939427575238287,14.983438442304298,5.419862992565545,120.15253498579271,-48.31561327685081,True
1.0300001338792142,14.696682279480749,4.958733262971215,81.06621850957475,-40.00039141160741,True
1.0235227701168106,14.373558181366379,5.6255600797891745,96.72656781985157,-43.7712918438378,True
1.046916893632877,14.74477711736916,4.919053732744711,75.17613592954349,-38.19420195063584,True
1.0237408181966643,14.54432128024847,4.760366703422516,73.35823098927304,-37.7542336635469,True
1.07266671129392,14.341888038775018,4.91035071390753,59.44930265357499,-34.36945819915886,True
1.0862192775047879,14.704539356488588,4.969710474314059,64.2948838761803,-35.31820939973026,True
1.0151079442780095,14.345774750191316,4.922917512014912,76.28709094224676,-38.4457868941405,True
0.9831802336595292,15.324193529356666,4.81019067311385,107.9413117380132,-46.05019118150693,True
0.9910272790318272,14.045311595934725,4.863302547023414,75.66399135790704,-38.4648613280201,True
0.9037268078186791,16.016884189363925,5.495062825176552,216.23271268000656,-65.36868464390137,True
1.0010319575626148,15.725773909341529,4.9244480930594285,115.74619215631971,-47.80566657682205,True
0.9691533039018975,15.446031977568252,5.643712958178631,158.90035346267467,-55.63074354918501,True
0.9647534996789114,14.541291624114088,5.313380116869054,115.71832584575519,-47.87287822599005,True
0.998105979920646,15.044070870602326,4.981088560375804,101.074984201291,-44.31890643453313,True
0.8950527730473933,14.874929859283894,5.197442107277443,155.9573595775473,-55.33542215621725,True
0.9910559696787435,15.026959331496087,4.840942836859256,97.30246506459076,-43.691016818892905,True
1.010201725621633,13.66093985266659,5.319911181923499,73.2524348969366,-38.01454576660924,True
0.9232233512042008,15.104569473364528,5.398854311042917,159.28705862868503,-55.85928322076119,True
1.0677187155165047,15.325108528636472,5.178951684080976,89.87066035235418,-42.10270938261608,True
1.022143707600339,16.444055877590397,4.848266724302468,121.0856814253813,-48.52311145488624,True
1.06453494828627,13.993164883288786,5.178539861364477,60.41735823231158,-34.6517181183288,True
1.0217104633866398,13.814546394998066,4.791267861966692,58.92541450874182,-34.18020366657002,True
1.0180421712615855,15.983455450175978,4.584363902561123,99.7379840217809,-44.02762630112691,True
1.0761046578374596,13.487817909613561,5.078263750904483,45.263672991697625,-29.762469058692467,True
1.0657727529220384,16.45556382023334,4.51101622913996,91.72608018677789,-42.56286118637187,True
1.0970811529542475,16.183040199547733,4.875412401510946,89.19547198267395,-42.006617363924086,True
0.9937978605420665,15.581210237125825,5.110390487141776,124.38045386737956,-49.23848161639299,True
0.9602673467028522,13.482687324787106,5.469227194302045,91.58459338804606,-42.45894275355198,True
0.942114522015771,14.840538116171794,4.8082138714034635,112.22741417379093,-46.71649735069325,True
0.9511310308911336,14.94751973559673,4.696286466949802,104.4951356956358,-45.32855107330708,True
1.0339185940074977,15.289248977447826,5.236724152794623,103.40844663896881,-44.98972233227004,True
1.1363180404581834,15.553925136938169,5.065234375545804,70.37301300948656,-37.12018294874615,True
1.0754297259939576,14.250640038654005,5.02242473321546,59.2730029634991,-34.12488303174444,True
0.9910188394335737,16.061107064963068,4.553741385172612,111.80574605100618,-46.60285619886135,True
1.0383184118549291,15.520435653288072,5.325931754788542,112.03388892812481,-47.0694929221591,True
0.972330072866058,15.510584833968688,4.36702239701395,96.67932869454664,-43.60731081516649,True
0.975440050860685,14.77656966494769,5.058543381507438,107.21504485545096,-45.85754321963362,True
0.9482786972680031,15.388154980059959,5.367801180989308,154.7783053527295,-55.107213999561445,True
0.95160871985413,12.857146475917578,5.034288681482149,64.99677796774253,-35.75565663646237,True
1.02777011987457,15.397614310562474,4.926025045489182,96.7609406573531,-43.56120771424447,True
1.0741340423260912,16.657790383674808,4.688849524668551,99.49457709631773,-44.341376434223115,True
1.0520550383746106,15.78088819466893,4.828504186311742,93.33879337691603,-43.00771132461681,True
1.0728825536887192,15.664099930685525,5.657917124161665,115.81131271239687,-47.743422184462744,True
1.039190205309852,15.772906131844362,4.835613979924689,97.68404242536094,-43.61583972051744,True
0.998283807182686,16.20929756810605,5.136703406042984,141.07641281230698,-52.737607090368535,True
0.9737235598091486,14.800783880700413,4.749900171632142,94.22158113770104,-43.06659377245978,True
1.0288427120066663,15.985219828556636,4.909248508511121,111.12778486348942,-46.69741404420759,True
0.9160185242923915,15.457458047655496,4.5113590977309,125.79301338730785,-49.76951110138594,True
0.9697741577158351,15.064486361712387,4.985116885328654,113.30163324952946,-46.91692474663049,True
0.9606185699732388,16.350587558856727,4.891443796418728,150.19860898866216,-54.42811580433539,True
1.0622041926018342,14.312353994039695,5.40497697267222,74.74653263036144,-38.39959839360815,True
0.9311208246793458,14.350267121314241,4.746490236021847,99.28447941048081,-44.0233520763763,True
1.046479804838399,12.64330022642543,4.871434224279537,33.59043584281251,-25.655958505507027,True
1.0193709560072322,14.0709002361291,5.271350718041475,78.9234610184205,-39.16588113607867,True
1.0199820673170783,14.559808280780569,4.989978687294894,81.20830074438616,-39.97063596976206,True
0.9766234573252829,14.949903436508025,4.950911288546207,107.23557673031742,-46.08627197552725,True
0.9268381615812887,15.44892405241648,4.94801398987355,142.7696225738007,-52.86934074389899,True
1.0250136356831432,15.881232806752527,4.702914671937829,101.2685110180666,-44.61552213241423,True
1.044294063200227,13.670754271399247,4.870036303343254,52.56226863683984,-31.99256597868966,True
1.0248575612634436,15.109687924056361,5.0240174200530126,94.53975525098586,-43.26680094039885,True
0.9927984210601052,14.016829317802497,4.65128195910061,68.49010451298777,-36.64802722870336,True
0.9431039524415886,13.669907936529683,4.681129427767929,76.45071073620609,-38.804412953834735,True
0.9688464262597396,15.324236487930808,5.364763819665651,141.21272028302252,-52.418741446801185,True
1.0225120871083138,15.101636489906095,5.150216224224695,100.94471126335017,-44.35390932758849,True
0.9604951804408223,15.493391324150544,5.090595898342053,135.16395830102303,-51.64029256634795,True
0.9519002235124089,15.579759308270102,4.836878864671214,128.66643287397395,-50.11200745593379,True
0.927669531091922,14.517708154204062,5.066251149388504,121.15524197067982,-48.69775928777042,True
1.0267617369426425,16.094356860584334,4.279044159403872,86.63934846171418,-40.998558526621345,True
1.0257101085498754,14.081509358226729,4.637864949203504,59.28814647481834,-34.26225679170996,True
1.0577077141904059,13.944402848252281,5.18757404420412,61.29880975540562,-34.45024348447875,True
0.8927954607990036,15.398192579595737,4.797533885222876,150.63117515819454,-54.55359748411703,True
1.0585930636445768,15.214690168172615,4.937046018594496,81.89485223928736,-40.199338075148475,True
1.0556738129597032,14.190209035648982,5.107555777036931,65.99509859449928,-35.741472534555754,True
1.0604325464431894,14.167248269346565,4.774313497964801,55.695187398032054,-32.99159093381045,True
1.0059808383683062,15.379880202118509,4.814105085020477,100.41817250955692,-44.55205388163944,True
1.0110895428059707,15.250182016958677,4.8922716123956,97.32887162101336,-43.81369524709093,True
1.0108555011519151,13.961795244002019,5.045396772990641,71.84719617149814,-37.6696040931526,True
0.9543498073778517,14.357004437126125,4.510951787147588,83.08244508728176,-40.44191593887625,True
0.9564741854189439,14.089186921778833,5.0905017010788915,96.0851539312323,-43.57628215975956,True
1.0112873211259095,12.880157819957866,4.992934938542568,47.49378536289716,-30.494009971598242,True
0.9875445697416875,16.364184375918125,5.032848389059361,145.61764007331442,-53.65858082111421,True
1.0358054273275878,15.238439404109362,4.777839879144058,84.68233691076495,-40.72742944277175,True
0.9821738457285685,16.158367182237836,4.984736566975963,139.23012495413374,-52.13881702908357,True
0.9265653500943646,14.69438436608292,5.286854601878711,137.34707147104797,-51.815888781257684,True
0.9288998059645176,14.027950052185627,5.204287827407502,112.26636886402258,-46.77466626348207,True
0.9619365808410277,14.125512901738116,5.368105524182246,106.38573513483021,-45.78145160282229,True
1.0363064662593522,14.124711434173589,4.729913147601488,59.87254510214863,-34.33916783282179,True
0.9740368616106856,14.481269474389109,5.204871392661712,105.62645947241316,-45.55283000515641,True
1.0149236299090432,13.452278386116102,4.812836493839623,54.73626594562845,-32.83480338659561,True
0.9163862347010798,14.613306604674731,4.3193775162253605,94.3834431886122,-42.95649628803832,True
1.0081019522211652,14.425390802818264,5.279664891708052,92.18272507056137,-42.37038175949531,True
1.0018891291835321,15.87319515915415,5.2316859146176675,134.28465697992687,-51.21985778120905,True
1.0595101720408884,15.537255286667198,5.4454480522171735,107.77455907851724,-46.1366233187931,True
1.0077121885424414,14.617486981762893,4.561026838271983,73.45951637882906,-37.75066212622565,True
1.038143353956139,15.475949342767647,5.049217663017145,98.77345462212952,-43.9094651219166,True
1.097287147277332,13.904658836995743,4.9330786616328295,45.29087656131694,-29.97883934325212,True
1.0019950161624642,13.737164283206939,5.343176444516358,78.00112244755991,-38.97700053175835,True
1.0766899405975217,14.90582242691987,4.583218231574283,60.23415833383451,-34.41705788411152,True
1.0061981033788798,15.102173795015055,4.924006074308243,97.45697964226673,-43.915229481908476,True
0.9732865449285469,14.859829541319272,5.028151273126938,108.31102561329347,-46.01370549284234,True
0.9945675247779828,16.355951676320732,5.222478192715996,153.2927995397292,-54.92622588068876,True
0.9746662252433997,15.687321881501743,5.124394205719305,136.74734490385757,-51.99788548652002,True
0.9764709981959674,16.03496138209192,4.990310244220429,138.34013604446372,-52.29030450306996,True
0.9713260226475341,14.446753609915413,4.906733674495728,94.04789740509771,-43.11652031582225,True
0.9848324469118319,15.332532444887624,4.9733100304956706,114.24167832058605,-47.234144549200686,True
1.0355373657787015,13.956508218256491,5.22560232333127,69.44186967649912,-37.15285441815238,True
0.9149365086271402,14.26865667359062,4.752304187932607,105.95198051425484,-45.805836265214374,True
1.0143566077756694,15.33112495877471,4.92974392445598,100.12044305168514,-44.37652076666308,True
1.0060113239325774,14.110372052044355,4.929805686587877,73.85354017212889,-37.990518440841576,True
1.0692207538557006,14.208730043978628,4.374075710133326,45.619544400021056,-29.81899486092162,True
0.9817164931217649,15.430665233414695,4.413163405457576,93.72967326222597,-42.869694232198796,True
1.0565850786728614,14.236096343825967,4.552585510151474,53.240784634140084,-32.19704108468575,True
0.9570050359861654,15.96219597005747,4.936042071349793,143.0908564171501,-52.81535186266379,True
0.9772501774075948,14.785731144029254,5.150266857523585,110.93345137146315,-46.892340761020606,True
1.020832825312513,14.827175884680434,4.814846460570092,82.10078883160953,-39.91824971966117,True
1.0303884143953617,15.251265764097386,4.512576766154375,77.95999410214618,-39.09180019518562,True
0.9867417465704216,14.8652964792099,5.283173763500164,113.34600551051571,-47.194827760636365,True
1.0111421141126529,15.279981427654604,5.084112649314979,106.20987002596557,-45.555808445828056,True
0.9917825611568767,14.082496872260526,4.932530392972951,77.83447028440389,-39.09557015225452,True
1.039568979680745,12.278848434575353,5.073026150507141,31.341738001545764,-24.61795090865855,True
0.992670394134412,13.587098733510075,4.683527871417551,59.75483520730686,-34.259615927264676,True
0.988852827521572,14.544656230113382,5.309628060930385,105.11535305387349,-45.405405971238565,True
1.0495638138377994,15.49044477821409,5.095639158173521,96.83265528325487,-43.43042823741366,True
1.0105127732909844,17.15867229279872,4.95571499771349,155.1367786684908,-55.38218159214716,True
1.0334163721763563,14.40690424004451,4.8979178654949305,70.47957223205746,-37.14637906473872,True
1.124928375688277,14.345919943514678,5.021392785870039,48.782280299252285,-30.755659185369854,True
0.9007401010892366,15.337177867906139,5.14475587142025,166.12771907723115,-57.0068710114596,True
0.9486267328623875,15.221627233528801,4.477195295398766,103.27701764818461,-45.02267704425664,True
0.9536108901878553,15.25569142869138,4.765232984604866,116.24997514118408,-47.79748384494302,True
0.9573215046491756,14.744293631561364,4.900714671275895,107.55402047753621,-45.89652443820068,True
1.0711566734522244,13.019313439122472,4.888682806560473,34.87428052093818,-26.28072606318951,True
0.8666432052504439,15.197330260348181,4.7864092551917,159.09811533149372,-56.11089225400903,True
1.0240833662752444,14.952437434146157,5.233267903189345,98.26871718673543,-44.008794771781645,True
0.9233640933123671,13.411033351189031,4.792864783228665,80.40428568360537,-39.66581519923698,True
1.0012786205203006,15.581435985654002,4.679171202196297,100.77168802595595,-44.580768190057356,True
1.012969934194101,15.729737032037225,4.859553813197595,108.6658451274083,-46.04565584461816,True
1.0453144374342662,15.558003255879765,5.451902515775371,116.42622465200881,-47.632403649863875,True
0.9867237328774662,14.593099472929126,5.0040015105711015,95.72553676819459,-43.52378690819715,True
0.9913446826352253,15.22092830135362,4.855340962095,104.16716410701065,-45.42927959674436,True
0.8975246465193092,14.10210157658066,4.900906224337835,115.81779612119395,-47.792528234643285,True
1.1140071178305522,13.614516769594,4.474315654322807,30.41545197500651,-24.46554756296106,True
1.0153213542944077,14.90104263186249,4.943766123366428,89.1905392197753,-41.639391066712065,True
1.021939338510265,13.497863349970835,5.071103554448388,59.50254662520547,-34.17225800573288,True
1.053651780022529,14.866530818613475,5.131368680847984,82.00812179803992,-40.15092334061032,True
0.9966274366959219,14.948027106986551,4.952365716053603,99.16270358537373,-44.19844564187828,True
1.0211929870439236,14.182643036321215,4.77589034918983,66.51497426827576,-36.341120167251276,True
1.035767359987572,16.940874319460022,5.271347848122372,153.28527315484826,-55.06839908423504,True
0.9262621488282449,14.401357542315873,4.8877063011579445,109.17425404098451,-46.44067999230337,True
1.0265315802203305,15.212218468356204,4.705672607547841,85.36484348316452,-40.953032607674054,True
1.1037583183242092,14.80906418314047,4.769270160140706,56.83241931911895,-33.208166031348796,True
1.0873416774637086,15.939485407238474,4.898939404487366,86.99224566318493,-41.47575217165436,True
1.0766032205107468,14.665464016871443,4.911445464381012,64.85182817193494,-35.57621518819663,True
1.0955264679896766,13.732941752378505,4.837558698239894,40.961253435364206,-28.473959083902923,True
0.9370203408184662,15.414912509085667,5.093462398309008,144.83315350466762,-53.439949625781246,True
0.973756280971362,13.497165457114539,4.973734276352367,71.54894729209818,-37.62436124762884,True
0.9544284315722856,14.151869728030961,5.265080432044197,106.51885850454742,-45.5102937665958,True
1.174755660677447,14.489641196557942,5.0235626767679245,40.46828174212722,-27.964419278387602,True
1.0121961385180729,14.527484309394815,4.893106808502966,79.78546625556592,-39.545044178716225,True
0.9292869722238525,14.653563982500623,4.84813707640708,112.6487618679297,-47.128240772349564,True
0.9449166150281303,14.573982449280713,4.880313377244627,105.95471088309284,-45.57803348187812,True
1.0053554550905761,15.125641707903094,4.676954129028811,88.67913244420735,-41.61267796016259,True
0.9318526649381753,14.320168985049737,4.929071082946216,106.65694908259363,-45.57528319196344,True
1.0934341361672504,15.43498055667813,5.1437646131668,82.1712085996534,-40.11729719594777,True
1.0395259410788849,14.158254725881854,5.233330846990345,72.89904449132179,-37.87694742122115,True
1.015654337228152,13.730621924612015,5.053665225005952,66.47542390670112,-36.02014549570927,True
0.9473198114210017,13.868648270040925,6.015121227872672,131.9153905212365,-50.73072657979385,True
0.9339473261679883,14.588561758949718,5.097119567197118,120.3213457417613,-48.35683708667956,True
1.0174583427699497,15.971029306903853,4.479819970311579,95.37527286175117,-43.15956324386913,True
1.0068726415100466,14.972481671814478,5.124328310585573,101.72214131724301,-44.571539749096566,True
0.935832169503729,14.539104056109062,5.339153260248004,129.78096797210097,-50.29831155653425,True
0.9973074309680624,14.959709610791723,4.920332918243932,97.22858439200272,-43.46951286431321,True
0.9974360803210808,13.790067293288796,4.560696560430774,59.87688678705937,-34.502631907291196,True
1.0369032897528054,13.293634270091799,4.457008130222505,39.8385773575688,-28.145182108256922,True
1.105319929935337,14.012340809202039,4.971108119139609,46.3168472761834,-30.299595024859556,True
0.8960237570683522,13.951213396674722,4.695724933481947,100.97881998458867,-44.54035219812903,True
1.0400587397919678,17.3992542795571,4.937102937713486,144.55713341233977,-53.05941875422855,True
0.9651753046090171,16.921720301433005,4.887364863126898,165.6840791069403,-56.82734520048368,True
1.0210770904664441,16.911382201974394,5.440300385737671,169.3038771150728,-57.86648044383486,True
1.006535465629424,13.783775029324032,5.25098377159159,76.15597064299295,-38.76383425545126,True
1.0250067069055606,16.75476435632241,4.830781701863115,128.0908663245408,-50.21387764167416,True
0.9378451684177475,14.287440395461275,4.875266965237076,101.12775837785807,-44.5432954825395,True
1.0484810642045843,16.644901766470348,5.279116898643472,137.85797054738953,-52.220161089048126,True
1.002042889381169,15.438646735007369,5.035750355758463,112.09504419867471,-46.78078348172687,True
1.0695866480675034,14.007505473083853,5.095034780136266,57.054690920656846,-33.271452416220654,True
1.0796223474963507,16.655002002472038,5.354258257578431,128.7797815228914,-50.11186034235645,True
1.0118418617843226,16.614778826713245,4.7684914414947865,127.46695131753118,-50.183908654661074,True
1.0494944134532311,13.939218191595813,5.2855532989048095,66.02235776322877,-36.04474137829201,True
1.0451688225368898,15.325646840685653,4.88179588687538,87.0923258802404,-41.45522289636095,True
1.066935371257465,13.063035113706727,4.3266349703276346,28.73848887499669,-23.74922650000104,True
1.0633159527791904,14.604936754920816,4.6495976944992865,59.419540820491484,-34.23097242369255,True
0.9418007410017086,14.612061928123476,4.721632828202069,101.79067111348112,-44.51413182262502,True
1.0139117307998382,14.591006030544783,5.402140992150013,99.79890877905487,-44.19511261351333,True
0.9305834229956063,16.61177976327076,4.962462163510845,182.89805652963,-59.85734881678619,True
0.9739045753226578,13.664117334028322,4.908746462918979,73.94884603275955,-37.969799775487076,True
0.9759331253413496,14.776128579225235,5.448648785783758,122.18314932774598,-48.93820187232526,True
1.029255185382892,15.754819756700183,4.766545221007154,98.81189668230536,-44.24635040742752,True
0.9884919001824843,13.684757692822703,4.8815315781146795,68.34671704705059,-36.640524123564134,True
0.9920185339733067,14.116526696850903,5.00904162351526,81.75994079158143,-39.97197587675388,True
1.049957526861652,16.115223854111772,4.9842454940430265,108.31941368819024,-45.8827345186497,True
1.0439713225573943,16.34496682115234,5.101215875313827,123.7425895993276,-49.35137794702165,True
1.0137980960576494,14.566725575123405,5.164368953296343,90.27137073333657,-42.02296602321661,True
1.037458458585227,15.857505591781281,4.7512544486746595,98.27462264663407,-43.8617172124859,True
1.0322970554167865,16.55676728873901,4.43854938550107,100.83396500825798,-44.38550692905781,True
1.0982426177912465,14.59281923976814,5.119014065177758,62.464858768795104,-35.06524800709206,True
0.9895609736114216,15.791648722369226,4.444408362809651,99.02977728662322,-44.25334454267536,True
0.9624019929759458,14.577194576118623,5.096698928512702,107.16237460344806,-45.867434346770295,True
1.010194811371631,13.646774431389282,5.219990672028939,70.20261044833059,-36.987475989493376,True
0.9524813764851942,15.00361626894625,5.337653965354725,136.55152579223108,-51.59457189962181,True
0.9816025258210527,14.755553836066602,4.960940499954564,100.02673404195018,-44.52146685179707,True
1.0225061131877675,14.073380985991976,5.602321893494513,88.54005556700984,-41.9175724378412,True
0.9746322167132772,14.660719570618182,4.5827408463528965,84.88455583012158,-40.67737574238291,True
0.988595181793017,14.773197643428782,5.436659414992326,116.13847081515091,-47.558732890151575,True
0.9863515657021962,15.278681898623244,4.769976615836592,103.32512131116856,-44.839032113783844,True
0.9783359354718348,16.039502777148954,5.010816424048523,140.32253525111517,-52.58487538116686,True
0.9451763987186418,16.040723352773668,5.047069226262446,157.97334675724449,-55.559730361734694,True
1.0506116990135754,14.913471562993749,5.404395081688224,94.23561592214335,-42.809550306379904,True
1.068503931909903,14.453016048954597,4.670731981007933,56.60103600386115,-33.54490036270036,True
1.0475806738300246,16.339871352385842,5.640776830188523,146.8840696351632,-53.62737485607095,True
1.047136704173688,14.900309727292038,4.3569290280009145,62.05808327673365,-34.999372269045864,True
0.9792151355769945,14.402891989827081,4.976030844008561,91.80975949037676,-42.21495789138155,True
1.0087609488641718,15.170161557721526,5.172150776181033,108.36558212887984,-45.89676378997583,True
0.9610313337195241,13.174204014613764,5.309970913454794,77.96489256567436,-38.98454842381785,True
0.9932598317330351,14.530316099409127,4.571475664320709,76.03074304428819,-38.6549796624507,True
0.9977041288287135,14.462590845292915,4.409102952302714,68.56068253743265,-36.53637183047529,True
0.9307439133994085,14.210404184107313,5.393367132395565,123.84688001629254,-49.49842488798379,True
1.0066073741652493,15.380054824188973,5.072986355745868,110.77980629844292,-46.66358952587107,True
0.9734579334116038,16.077541530596562,4.428505722732581,111.78602230207932,-46.676710037699166,True
1.0132614542602354,16.692555442066833,4.847152374052455,131.62250802695732,-50.57368718825306,True
0.988245340347517,14.504284956646753,4.778412795847545,83.88298925168257,-40.40433209388849,True
1.0173208786856573,14.717216557095323,5.340290496378299,98.2783946662128,-43.75696737188214,True
1.0348895277617576,14.32028295242627,4.891343486366956,68.20248743531862,-36.672754204398096,True
0.9373310998927686,15.53812385361747,4.945168173616984,140.09415535816788,-52.34092282064947,True
0.9840194418831546,13.1324822952286,4.923314618124081,58.93269385885771,-34.000513209680584,True
0.9676007923487364,14.610809198618517,5.501373397754707,125.40910302182915,-49.61078643098618,True
1.0589159489301105,15.291484501500106,5.272250492935815,95.73907045210268,-43.1463052266468,True
1.0848891953193949,14.376883843484446,5.207377865925844,64.07861554763672,-35.39432796682325,True
1.00212106353995,14.57101808873306,5.060746454830496,91.17949756098986,-42.09359501273832,True
1.02022498023544,15.991373191364827,5.057708434936769,121.85765372089865,-49.06226614871768,True
0.9263009834220276,14.94321936431498,4.727170499208415,117.2876862260329,-47.959323628250836,True
1.01515468219728,16.194681821558532,5.261285777576193,140.3061562297646,-52.29902196991383,True
0.9870617520156555,16.637341861093407,4.8872425790383565,145.32770250178592,-53.27693472773451,True
1.0679276920377991,15.530673366563313,4.615739384010778,75.85475380102703,-38.814416747027046,True
0.9886256632442326,14.709230930829856,4.955864761969691,96.09211349642985,-43.32768206966897,True
0.9589702166297824,16.581648644265787,5.004007071656033,168.14053424792485,-57.37745168001168,True
0.9328598586267469,12.47348755902526,5.403773905089526,72.09151165915529,-37.48927411507335,True
1.009052853191065,13.448351648259669,5.256953197025413,67.12235617102813,-36.29220083693379,True
0.9728280631161202,15.770352663795626,4.703640351017057,119.32477318562911,-48.566546204471685,True
1.0608646605020111,17.474264457043006,5.311557131728936,160.08153483537978,-56.08330399438407,True
1.0316621428148813,15.682536996086489,4.221152612899757,75.45017618644528,-38.399758160349386,True
0.994951489230134,15.184763653193023,5.1249555180126025,112.47893864815042,-46.969662633366866,True
1.0313635316542111,14.533525986673444,4.793579989237786,70.85198582124121,-37.32748920195729,True
1.0871599865495654,15.556209052205075,4.578762670836854,69.43175909729312,-36.69294427179818,True
0.9420045288854992,16.15809580540855,4.646127631369855,138.80974638970835,-52.183582519015765,True
0.9682455587969186,15.748742877166238,5.439524531879677,158.95464073315622,-56.05196178838784,True
1.0970827184933305,15.062818099397045,5.135525104871227,72.75538914620607,-37.6915991083428,True
0.962278438179337,16.033505553660586,5.113317030501408,154.3348012425638,-54.964081098770045,True
1.033116374470655,15.305033802314371,5.290961338712747,106.14417364072642,-45.580002578469504,True
1.0593521724875088,15.510044206590127,4.929642817266249,88.33608595523071,-41.81322735607538,True
0.9992113342058253,15.970758081713404,5.413357826354754,149.38006492793883,-54.15466830440013,True
1.0344725272472595,14.065911462513181,4.933359684315323,64.31180391894473,-35.698947972967126,True
0.9853036207718323,14.977607991664577,4.0550501373534384,70.21267021858611,-37.24736815755238,True
1.0908332383763395,15.113853510994531,5.482342209455024,86.41940800306394,-41.02518994963901,True
0.9779061356261799,13.799269537355974,4.115183616172983,53.27863177629775,-32.18169698043652,True
0.9522704567012035,13.91028658879202,4.920006956018998,87.52185787982205,-41.488896351056745,True
1.0444358727382204,14.374138258335643,5.225869444935945,76.42153212629424,-38.59942481551703,True
1.0354977720540255,16.041630119148934,4.2949129200945935,82.95186205261638,-40.314651448082955,True
1.0074528240622853,14.804310958560839,4.9563643100536625,91.46610708972368,-42.284033750809314,True
1.0016524713607717,15.129963785024364,4.951199636296451,101.91293279566014,-44.64748400083861,True
0.9752002021174935,15.308416524231035,5.275278310189772,132.32613463143406,-50.70860135082674,True
0.9632658548793854,15.631164754983773,5.1448896320925,140.77291660576066,-52.78861485617463,True
0.9697135666667778,15.501137175290989,4.597934748807752,106.46257528519192,-45.659239075325225,True
1.015635174596483,15.067480915783273,4.805322850506877,89.388474102052,-41.84370426488734,True
0.9896629239263854,14.861586738654537,4.678297987706945,88.0344610640597,-41.745461437500595,True
0.9254486428851457,16.094535860844292,4.442963931727723,133.07123216005334,-51.1207686442383,True
0.9789746230484634,14.50711632164266,4.80473068515239,88.98826819146942,-41.92537894051647,True
0.9893653257490748,16.360133731180735,5.445003709809841,168.3784386702306,-57.51936222166959,True
1.0254897771269198,14.429186069761222,5.133427501902208,81.04058525144089,-39.86126348928314,True
1.0146003310334673,14.716331963364578,5.127933938680742,92.05065921774433,-42.53101302618925,True
1.087771403409353,15.708318230935287,4.636941160872363,73.69939687166062,-37.817156250742116,True
0.9510242482457945,17.36528795148831,4.414851346948627,155.72323183854763,-55.1039410184218,True
1.0276524418017465,13.063813586325551,5.170497790472489,50.84994805470462,-31.50560350188983,True
1.0317399431501382,15.865807854884126,5.302816054501002,124.9068683351118,-49.67369853769965,True
1.0139629110156942,15.472632959351849,5.048919496456309,108.091722683761,-46.05469669462411,True
0.9851442637409422,14.546641864580431,5.227885440362103,102.8054720606255,-45.10349112063667,True
0.9658219361558756,15.359177084112568,4.899709353789473,118.57117536075971,-48.135267057395446,True
0.9979603528573378,13.799093130779578,5.016711526822505,72.205759579923,-37.59165552610373,True
0.9106041132337998,14.207112746574873,4.783521354328817,106.1178071362899,-45.77409911267175,True
0.9538045418528962,15.427989344995314,5.1158067875083955,139.18214937689078,-52.07566535984897,True
0.951258490940003,13.99169894618395,4.944280227582426,89.98529303449197,-41.969334740506675,True
1.0251851758647714,15.151001323182687,5.18168011090064,101.20670410843762,-44.79426715627988,True
1.031269222692685,14.336183140932524,5.234698613705292,79.90500440279939,-39.832155332750126,True
0.9463861047634489,14.54662529131482,4.894018194059303,104.59954874631192,-45.34652655572975,True
0.9346198558746505,16.075819077084738,5.154126566483534,175.19415554646116,-58.68901064422042,True
0.9268419331805505,13.834887744521746,4.791212322349561,89.69441881428503,-42.14682359100813,True
1.0488882325311113,14.966190636665555,5.538777181503968,99.88101711081235,-44.41514299795993,True
1.045753080275537,15.478528989537276,5.423490470737946,111.84640320258245,-46.86279032680315,True
1.0324749199500753,15.258038797198726,5.088390720210446,97.3340999978116,-43.82308536628066,True
1.0751643728710414,14.408336061510154,4.772192389566178,56.513976666711244,-33.28443972054824,True
1.0888939367910728,15.36529004864291,5.07340148866614,80.45828840970138,-39.868332270219604,True
0.9503304860308603,13.970293153328505,4.636207177605819,79.23239758322002,-39.5528714874796,True
0.9802796251638508,14.513065510426115,5.122775149862722,99.97135099535176,-44.41711519320155,True
1.0390138836717904,16.590696828748793,4.36063712824026,97.02428697817233,-43.537972466699024,True
0.8619651362795783,15.639377193012082,4.676551383397575,170.24590714477532,-57.949844720193546,True
0.9874637321067222,15.002761489424833,5.110449244130376,110.56566690041791,-46.34187649992261,True
1.0481336664645124,15.449942471077092,5.417834309235381,110.0265154304043,-46.70414854487991,True
0.9825689247143393,14.193800136592712,5.110092450221127,90.52536493364887,-42.34414701327024,True
1.0365867449531596,15.281304028700058,4.9041996523196545,90.80183956029474,-42.29487584640511,True
0.8999808696119171,14.548639952988017,4.710651163975725,118.15120839017773,-48.291379194462785,True
1.0142018715757128,14.420045825788236,4.846515246730062,75.14454924840256,-38.461608859042926,True
0.9769556418811011,14.876100778494912,4.469819337762123,85.13577698664531,-40.86001280705919,True
0.9887362463288316,14.398651240572248,4.880896794634693,84.70107709303119,-40.9673596698381,True
0.952606627882284,15.141162387734331,5.660773362769462,160.14922835740674,-56.06111123805374,True
1.0799606631893808,15.416505027114436,5.038150245764581,82.8497189585672,-40.23543875863185,True
1.0034467845870745,14.72715059439307,5.125182748471057,96.55328416958702,-43.60719724862387,True
1.0072863317297756,12.148282043364423,4.44209613829593,27.39624569029986,-23.33969363375392,True
1.1030795812351768,14.131403598070056,5.421568484070984,58.202217669775436,-33.676285756869255,True
0.953755912728542,13.91834093920965,5.456330264339419,107.62314696251582,-45.79595678110303,True
1.0069956577382133,15.370294306375479,5.064510140502101,110.35260660296485,-46.74306853898326,True
0.9659393234236261,14.27036335112781,5.184293486686163,101.06449770721532,-44.330983692398966,True
0.963518841134171,14.499142998260416,4.7993742357578215,92.56605286007412,-42.54604465124138,True
1.0153905204358529,15.839733848618055,4.917163043849698,112.79499359232743,-46.878246556976386,True
0.9859072115394159,14.219460061220643,5.8080596859685,116.04252675055369,-47.57160934200808,True
1.098910694519878,15.20286385933491,4.859667155273712,68.1364016150264,-36.68752198546898,True
1.0891129057679647,14.38219681374214,5.549074567042686,70.39658870482842,-37.07240133939823,True
0.9918758952392613,14.528950194162238,5.616168157295469,115.30429141488464,-47.71207296162771,True
0.9229490014911893,13.836442745183122,5.13270769954734,105.01097867478227,-45.41848043872033,True
0.9854417848475667,14.478715829876961,4.96386030808493,91.41189990693219,-42.29492966694832,True
1.0523759672015962,15.507706280188643,4.602527106055145,79.99873265053112,-39.38806824719761,True
0.955674329295609,14.034945503505158,5.161664740677314,98.69054062988675,-43.805777172968746,True
1.0802322369022501,14.284471011281301,5.004528814560342,58.67380507798246,-33.77373137721342,True
1.0290582333905642,17.189966317590844,4.9681449452529876,146.75403347889906,-53.81719361346069,True
0.9414572127680032,15.256701815053567,4.8567945977806115,126.83113744672211,-50.08548223169382,True
0.9669948079055497,15.338400662172482,5.090341476946473,127.26056051854354,-50.06767435796586,True
0.9740594272637537,14.373808638481407,5.140198449590343,98.67613819506815,-44.17599258348193,True
0.9596988153531396,16.0422001852762,4.989986418744389,147.0946945830117,-53.7606523513673,True
0.9427269784565236,16.204963757389965,5.353125896272041,188.52986659729405,-60.703438509624405,True
0.9712465647157341,14.395030625456654,4.994307328559589,94.63881592193131,-43.12354612375736,True
0.9809651607798028,16.068667852536496,4.954973505409628,137.14008849550476,-52.0041629192266,True
1.064954691748789,16.33981438576561,4.662826543840443,95.5851105811632,-43.154453118176484,True
1.0219337129661317,12.931009591857958,4.937038129685509,44.936076374105774,-29.57931375022933,True
1.0249090641231453,15.859657333171166,4.98043387910819,111.68579892697552,-46.72545368800455,True
1.0174799300043995,14.235806163307096,4.262748043005208,55.13419919255766,-33.03266686979687,True
0.9601944559922021,16.325520924630986,5.1538486787041045,168.53482701452356,-57.26650357750597,True
1.0573554968499517,14.199388925019308,5.274709660248918,69.58499214175153,-36.73548818556727,True
0.9782819615360265,15.606980080628835,5.659878651656202,162.30288667824607,-56.21529001116786,True
0.9832078401824906,13.240481976215074,4.721030529286594,56.630283763355145,-33.152576201601214,True
1.0189557462649264,16.115534159784474,4.967459435561041,121.0330908642315,-48.941824508658016,True
1.1249868435345638,15.073469762571106,5.136123014459294,65.00516839913054,-35.472698112554966,True
0.9717313307770711,16.291308062164212,4.983438944476477,148.58195166993454,-54.004304702085506,True
0.918525689809878,14.283487631918007,4.775397811241883,104.82858105278393,-45.530340946835594,True
1.0144667719938418,15.213220800293254,4.5592395713325375,83.88224661261746,-40.39864357404923,True
1.034192789877957,16.519076924592884,5.02166198307535,127.95720285977943,-50.30026265617902,True
0.97828211187311,14.974242343603818,5.369047235002755,125.04883118335542,-49.28847708587672,True
0.9703125362128403,15.42965737841598,5.001468519368956,125.91523798767922,-49.67871451545496,True
0.936433256503481,15.69933203908158,4.981474308740099,148.57566664380835,-54.00534785994878,True
1.0168523327007295,13.447948147380233,5.115762963622027,61.05546291747895,-34.40536484655659,True
1.0972166262943488,14.478902559569601,5.226218466790517,62.77245548721768,-35.19734708152415,True
1.0856227939148975,16.137877682359193,5.098536024720665,99.62094341152716,-44.360554413231476,True
1.015041078406475,12.952374631897055,4.628822924348212,41.49193551458707,-28.463436347408937,True
0.9791903500754994,16.118077526457533,5.137732384082413,147.98873066135394,-54.03932137828855,True
1.0190986968015352,14.411282651867863,4.811788078948019,73.43277109463028,-37.85366019898236,True
0.9837559081675611,17.055271995328876,4.784096585335792,153.2422068130848,-54.613408343525066,True
0.9679688561899552,15.436876350703756,4.676003839723238,110.20663746733452,-46.68981280240102,True
1.0081429538920672,14.199472956152864,4.974035568253483,76.72236129801918,-38.957593839995916,True
1.063896106408988,15.979465290100354,4.838628997891762,93.81655523027837,-42.912158953944335,True
0.9905346673095528,16.43323289074548,4.912054483746092,140.4819972383247,-52.27518690875847,True
0.9899460212223009,15.604190369111265,4.70074041329751,107.90483069724782,-45.790327486238496,True
0.9867620248642222,14.554083051182564,5.268581289607102,104.30508933860625,-45.43452782373591,True
1.0396318556664412,16.43827831270918,4.882619846396102,116.12918366155338,-47.60049379510534,True
1.042607795198969,14.07108815564713,4.782091009347142,58.41946775485056,-33.809454377550196,True
0.9461804677156983,16.071532659521996,4.493120272065972,125.79958720626978,-49.622873356331226,True
0.9911707117278635,12.591673703829281,5.504664750089709,57.71836218990556,-33.47969041138513,True
1.055312888428856,15.117635085423313,4.533674460778242,68.25232564316669,-36.35355157628354,True
0.9832681958800783,14.441809926613978,5.0860929791138085,94.97405336696295,-43.30394761242108,True
1.069624937320091,13.627619110235266,5.198576154352758,51.458025506897485,-31.849095686970713,True
1.0343240652417045,16.304885876155623,4.8837174314571925,114.85784863894676,-47.34434126471025,True
1.0878192910383742,12.85276049871187,5.1257631605514575,32.026746434815166,-24.98941878498217,True
0.9844376470812594,16.383816289525736,5.148699599337174,153.7265183502207,-55.06298888614291,True
1.0350875661694643,13.467226457602658,5.25218750594034,59.6241398627102,-34.0482251742377,True
1.0366439062357895,16.05335375894201,5.181093916205568,121.1390397742186,-48.96537070680557,True
1.053872784059981,14.22068163537406,4.906064705773361,62.07898083374606,-34.73950440603543,True
1.017669349117945,13.046285970936632,4.879921918319719,47.218650637483385,-30.378131915098553,True
1.0556701516271947,14.54717939671733,5.614738595009345,89.01339530606971,-41.824760724300035,True
0.9684609940070011,15.563854736584828,5.328108365064547,146.78258565557022,-53.81420726957859,True
0.9972096035967876,14.101634190050293,4.790603825736658,71.92527465451458,-37.58025145756585,True
0.9255973800149417,15.260244184464266,5.099017300744229,145.93699268243287,-53.74723980374553,True
0.986512698868889,15.689794248660919,5.118421878180791,131.02506871697526,-50.52785326661295,True
0.9574475810069896,16.493032485975128,4.994491602495524,162.78207570478682,-56.605288732304814,True
1.0165525485719324,15.06325178705047,5.526895004990636,116.50600996537754,-47.742730363325386,True
1.0493031820754584,16.165742462498457,4.9689956438931695,109.85722474323705,-46.57515353614192,True
1.0282310297415074,15.849275662457591,4.9752727073541125,110.0708786276341,-46.53540397625409,True
1.0390111233308088,14.90763482429102,5.2467798276979,91.46985563178723,-42.39348898380452,True
1.00477723711461,16.147125355251156,4.716541842074542,115.6973164087322,-47.76232103541995,True
0.9929622496569064,15.894060465269208,4.841807959019324,118.92050975942819,-48.42594822555848,True
0.9413508677178886,14.833901489409564,5.440858712113488,141.89896558905335,-52.92985279519774,True
0.9037718330897794,15.71346356455852,4.991173619778064,167.85358239839695,-57.27430864338862,True
0.9246031083254204,15.271707510136208,4.758690930954898,130.09367364296622,-50.70070288229664,True
0.966844906760749,15.548061846836276,5.052461068224427,133.69664077167224,-51.401692571386704,True
1.045618935220929,16.882739882507966,5.04295063053372,132.9802606633817,-50.896847299416926,True
0.9385618484337945,14.195742378447434,5.40097638889942,121.70104033964144,-49.022782396554106,True
0.958915327515125,15.254697542494847,5.326333063877867,141.5301474399933,-52.721179593334405,True
0.976478737415971,15.030607041294955,5.061417174115714,113.91960143699414,-47.065424395069535,True
1.0644105001600201,15.788235632199621,5.497351280335645,114.87107521842283,-47.4208542209107,True
0.9980868751999353,14.548110809230042,5.382797446964043,103.25077963464861,-44.89561884795331,True
1.0067494322087198,14.433581849385751,5.107259169556469,87.73566907753454,-41.43289513585162,True
1.0205349963379722,14.935653200072204,4.746048775005558,81.20930228603433,-39.86467504552461,True
1.0697459705172008,15.475045731609343,5.537305276100267,105.74768622707168,-45.7716784764682,True
1.0041858996602406,14.54289532611278,5.380475659165997,100.56957433108995,-44.42072050595451,True
0.9117360623475419,12.345441634455165,4.636627517045196,55.672894525815735,-33.17426962784986,True
1.0063464462158163,14.047849057316371,4.821586874863902,69.44151734325513,-36.77410170149889,True
1.0720241152360188,16.41447531890593,4.59990944334427,90.85471261179977,-42.38133587450262,True
1.032051483303767,16.54692553956527,4.677908366533779,112.33795212383238,-46.77919913167464,True
1.0107513892289877,14.503730566098175,5.3805976278079255,96.811917055456,-43.666448395080955,True
1.0176870792975832,16.797476776905963,5.027014501349203,143.64864667137238,-53.006013164475185,True
0.9081417881932845,14.673422811720412,4.800614401831529,122.9651184705929,-49.16547414944271,True
0.9011707989552401,13.465029016954325,5.226756936378115,107.71716363397994,-46.143044180564466,True
1.0447057107026945,14.69394232960475,5.252222197121325,85.68667294572838,-41.212706000867335,True
1.064283768486243,15.7254042566326,5.4008242147389085,111.0745997558049,-46.5126182262173,True
0.968525336021731,14.43469782255429,5.182980655449235,104.6274088014882,-45.12529412178625,True
1.0096645971266671,15.603351057413088,5.192123771117388,120.21014844672256,-48.64072897816634,True
1.0310397386801966,15.26689732067868,4.753088442973373,86.89567710570225,-41.24954101436224,True
1.0830032885105576,14.713573586291426,5.029307216328244,66.6808713348708,-36.35820868879312,True
0.996002970458847,15.776336008809512,4.990657969369492,121.69965039994902,-48.82226226009881,True
1.0368887007317271,16.22912579145547,4.2958565049921305,86.16966577630396,-41.0979622695653,True
1.0996593010329125,15.181750604995877,5.1073610414593915,74.57501195173921,-38.28128237597009,True
0.9859775562114711,15.589707671310006,4.487555876960534,97.93866523850426,-43.625598957511585,True
1.0032397114267544,13.54354244489294,5.216239708634024,69.97933822904947,-37.03601342846754,True
0.9447211481149269,16.39151975265321,4.884260766740524,160.11222528501204,-56.245847343773086,True
0.9472359246947586,14.467004569644224,4.889405713684912,102.10492521176322,-44.8449709735723,True
1.0437723416792044,14.138299640018708,4.849630008551768,60.6620013473159,-34.36687615357276,True
1.0596940538956467,15.88675938660163,4.817069200444237,93.13937117896104,-42.55709576420781,True
1.0581813302115504,14.616203945840013,4.93140089194437,69.04675200414384,-36.5947773324125,True
0.9483432761325121,14.305761861288367,5.278213692909574,113.92552084264403,-47.08898021138917,True
0.989715297453677,14.706395188179332,4.674722113783987,84.4756710053738,-40.52417622924108,True
1.0239237947446853,13.783960502464584,5.003351949600639,63.904159709448884,-35.51290120239801,True
0.8861845653677648,14.295183344919666,5.633395905612011,165.90710468400897,-56.98995663813805,True
1.0228489831423089,16.022295670293907,4.798530902590508,107.69308936680746,-45.964473579752145,True
1.0940234246998923,16.165760494865577,4.995167292293176,93.51217740483855,-42.85685026769382,True
1.0568346058938933,15.065430323563284,5.252460797740336,90.72442702469357,-42.1672311281392,True
0.8794843460995121,14.32054764219533,5.655360428189107,174.53629202726844,-58.75202195814805,True
1.0198672171291285,15.413815077613936,5.465571116781022,123.58630835526748,-49.31047015628511,True
1.0107981763357168,13.103636792593692,4.957883710319971,52.09489274842457,-31.810235091291077,True
1.0135830547050892,16.170992380491313,5.117834464867698,132.51777687591442,-50.76093502139403,True
1.0053566658783186,14.930359238234354,4.937595851998918,93.49063338282598,-42.736998323434825,True
0.9836771666766646,13.96562596597798,5.327731507723085,90.87149399654429,-42.254585347218935,True
0.8837326415076924,16.487127630959176,4.964190641773722,210.29428016490348,-64.16930353524491,True
1.0155460767490412,15.042591954465925,5.510687979714409,116.33015941561086,-47.774132247212314,True
1.031369149576834,14.573785987737438,4.420857732026263,61.621083897274374,-34.728670500648995,True
0.9722319667040993,17.049608173671537,5.183996139597434,186.7415138219672,-60.374366843150874,True
1.0629287075086176,14.474616565402403,5.224353483255512,72.8443401770248,-37.888711789887154,True
0.9179906861630207,15.748662243184592,4.244440105464035,116.01677937738773,-47.75178690992682,True
0.9137339295214928,15.693279502089965,4.509599736649085,133.47276571518483,-51.346251628914885,True
1.0042493639050467,14.152519230883827,5.394364988010537,89.70139843190782,-42.110273707998445,True
0.9659146390464718,14.860331873308247,5.1557481270090975,118.20205110323867,-48.019925811078245,True
1.0486020610152813,14.747971251289092,5.237593360429379,84.061369802276,-40.4483377954539,True
0.9786216635927912,13.233279114737293,5.503612390572141,78.81168513722008,-39.237375482199994,True
1.0679018821086106,13.035961640539002,4.896097376656005,35.80919912754595,-26.513317482056333,True
0.9638986746309944,12.824214254814004,5.501291988067508,72.99492189613447,-37.993884863971694,True
1.0071853980967254,14.550204385186165,5.877693256868351,118.83754292473758,-48.1822326769017,True
0.9007750171291175,14.006715534855593,5.379658588035111,132.64726684193673,-50.91951415456395,True
0.9973372658124418,14.068296892562927,5.129969780161882,81.91639422531884,-40.16983624220232,True
1.0036347132690384,14.579257582893549,4.9833065363146245,87.30138004721962,-41.163709635082334,True
1.0604789559485654,15.00367390415705,5.0630087252074585,81.36436921417925,-40.16961518877114,True
0.9244458057943155,14.687296870811657,5.052565281434251,128.0105901366834,-49.93634451760986,True
0.9858507394781146,14.295296496047994,5.008236711506273,88.40855850135351,-41.54963969669627,True
1.0726416475824445,16.930945344611708,4.669404026661584,106.17514129786002,-45.49558061284974,True
1.0792693497498662,14.79890745409782,5.127927263344487,72.32713655950663,-37.7838616174986,True
0.9582816460022208,15.99837766733258,5.069764920446969,152.37990599489967,-54.648715347771414,True
0.9657155082353567,13.763462209519702,5.409727234706055,95.84564314423443,-43.47962151072413,True
0.9150165303262969,16.33519288100719,5.171234594227223,197.8750408336102,-62.16579406056568,True
0.8938498411066722,14.4515282122186,4.780592337913628,120.70983246094823,-48.45336742788264,True
0.9805558567681665,17.80157328006414,4.671111243166562,170.56430591726178,-57.89950499331821,True
0.9677360779157338,13.688155558582244,4.998312209882051,78.12312020929555,-39.149434876339576,True
1.1030759742423029,13.932951689308169,4.739510019952765,40.97859729911407,-28.292754053569627,True
1.0173854616028792,14.811272779826902,5.043484402246405,89.85103545490898,-41.748730211129505,True
0.9895680580630996,14.645156353577715,4.797002775204376,86.71644693371252,-41.28668716399742,True
1.0327999770324476,13.827357839917559,5.38331536316517,71.20277466249378,-37.57558830748797,True
1.051422845777738,16.473939886846345,5.17571137370545,126.5023211769086,-49.97917970709015,True
1.0606837664845647,16.368776648873702,5.297806686293251,124.22359711752252,-49.172377159907896,True
1.0129790196731148,14.659598988410243,4.950612839883351,85.96643414598958,-40.94665197005344,True
0.9988185262557514,16.00963763152118,5.059487061406657,132.14057936307543,-50.68926764275745,True
1.0079094618615996,16.42216743474536,5.275302330301431,151.2374523548054,-54.419029983027414,True
0.9970764057557162,14.990384569279566,5.109781342542669,106.17870461724566,-45.68865478919892,True
0.9735386167712413,14.330303119159424,5.212506369023092,101.531178290205,-44.85549937329427,True
1.0521595251499203,16.281833074294582,4.79577138398177,102.94217749164666,-44.913030919488556,True
0.9903571449711474,16.126119002136583,5.257336859885701,150.90626706468137,-54.47288496903155,True
0.9492828577182919,13.746701073234945,4.824516574103459,81.09993824913784,-40.12895510544468,True
1.0010286656562295,16.41604910946237,5.625804433100955,175.81426609840022,-58.90913392448472,True
1.035833197738302,13.979879624657727,5.058465233207938,65.95676440019076,-36.13604706140992,True
0.9272030493127242,15.37905968216042,5.331393386782489,163.97285225399332,-56.94068862141831,True
0.9865563906264218,14.18394148583588,4.867422560034067,80.35926150884609,-39.91410602987385,True
0.9598944519623449,15.16408494503796,4.935678622313792,118.13325824685292,-48.350589409663094,True
1.109134612566938,15.115639191963062,4.92093117326996,64.9899407865665,-35.54482595759854,True
1.0045880016568163,17.232146671717242,4.471928469270307,130.01304282587347,-50.33949016428912,True
1.0776097379774439,13.37811786706801,4.209034702660409,29.77152030438746,-24.246355290957723,True
1.0122059910213816,14.229430829324109,4.913537371109664,74.57726340694387,-38.323687302838316,True
1.0166724589566045,14.534602200454739,4.433487985100347,64.73567632080221,-35.4626938068701,True
0.9969292066066632,15.328874227620155,5.085824826009839,113.45999847179435,-47.14993576556784,True
0.9888493788453658,14.688003404395063,4.952281926659412,95.46197678258811,-43.45184693939152,True
0.996306411563119,12.802032752480278,4.154463882931538,35.11483889775509,-26.474127329122627,True
0.9671307242821302,15.736997411272732,4.840284755876227,126.06120267037817,-49.59257095171816,True
0.9994470226833384,16.334787356827,4.992504687548999,136.07288166038526,-51.69687439306685,True
0.9188154142185001,15.432601147836854,5.423353771921394,177.64479187834823,-59.04424744267439,True
1.0086722759015743,14.543550280466567,4.862953046083877,81.31606414956619,-39.71180593726365,True
0.9397583989338203,15.204688042541342,4.507530458941171,108.73880124005063,-46.06591881141891,True
1.0047215513989682,13.783107401423639,4.469145433491078,55.338978100348264,-32.933989912956996,True
1.0160479091903931,16.061176217681936,4.843571472106239,113.6652464695779,-47.43013028341148,True
1.0708534588993202,15.497504235143555,4.704473038428262,77.59088029132698,-39.16749886208024,True
1.015838521121282,14.466538667461046,4.938071045766319,78.80705935909373,-39.37913630657582,True
0.9866823523700786,15.082008525688464,5.051207095470603,110.95733934310319,-46.630560122213346,True
0.9685566647271259,16.03134137972524,5.16101450632915,153.79280656488916,-54.704219584633265,True
1.0358160956974354,16.16447492937209,5.16982019912895,124.64976468042771,-49.324164814021515,True
0.9950439276934017,14.925675870585087,4.81997266702365,93.33776321111745,-43.00791735777652,True
0.962379760451237,17.146537547157283,5.188833319963885,196.6074445465921,-62.35058687962006,True
1.007669286840093,16.368053191272494,4.541711722549882,110.27043911228093,-46.755178264327405,True
0.9071528449149547,15.527909395065391,5.040954208933854,162.58206261408648,-56.29368053744651,True
1.0039998807694852,14.604541606719769,5.063980063344592,91.3378873244733,-42.55257466179638,True
0.9609784680646026,14.634889570850905,5.037682961308268,107.27517045769828,-45.71776972496256,True
0.9836826128282496,15.200567141218691,4.689069401366123,98.17323634952668,-44.1112391429504,True
1.099709692462231,14.889691421964306,4.721702894350834,58.07299601950049,-33.78663190011897,True
0.9757355539487569,16.70038028903794,5.19395373864871,172.33376663479328,-58.1484491683716,True
1.0394918074245163,14.06297102222917,4.874576118703632,61.56743819800346,-34.75237845132872,True
1.0524606965677936,15.50570779109696,5.176914309236802,99.95740912299988,-44.052366675023954,True
1.042688047663002,12.998187297868055,4.817331077150087,39.698389499381925,-27.829722800164863,True
1.0185581973444253,15.377158367646022,5.855943601137321,141.61603962139566,-52.68228536793537,True
0.944618659399996,15.87190800463959,4.9161574276189235,146.7311466342354,-53.67737139429404,True
0.9674726061817159,16.440364456023353,5.358170596077161,181.4160523081363,-59.80172811863117,True
0.941711702148549,14.408544377151367,5.71295841626037,141.56298478278103,-52.79633036347848,True
0.9824022042261128,14.287982460554767,5.333173392219043,100.44392504994337,-44.3245095142965,True
0.9829840094056661,16.02332999887967,4.8940264748571005,129.4782125778539,-50.59955725500369,True
0.9543120567732153,16.194986357450162,4.970747762780517,154.83327246283187,-54.9408718428029,True
1.0273676654785981,14.772915922152219,4.007783816427013,54.9323722010972,-32.996487897154616,True
0.975328681364553,13.040507536924395,4.297734416036661,44.86386253044761,-29.816399320685246,True
0.9818619503958225,13.941213642627968,4.994783208473296,79.40449941497258,-39.368743510058735,True
0.9215571897560029,14.907516172934333,4.825370979466026,123.47137003313219,-49.07425765168786,True
1.0034638780863878,13.581989299879245,4.6645969208756375,56.76972987768954,-33.504004878135916,True
0.9952888815622837,15.728727916458775,5.010224750681708,123.11031474349616,-49.19544826008994,True
0.9700261801607156,14.22733848848562,4.823232526248271,85.40652174689033,-40.69922747486797,True
1.019056058449246,14.927642392380486,4.708694564690091,81.50798136998212,-39.80112630425915,True
1.0059433433144982,16.09476249695538,5.3012470843374375,144.47622478239043,-53.21326036654698,True
1.0293787192519768,15.367637749589411,4.613203690891393,84.22543193483254,-40.451956434772114,True
1.0316328553035055,16.9443736776597,5.2091744744834925,152.63105411256893,-54.543247298769224,True
1.0357528750878047,16.397762329044983,5.07194931487994,126.38666437571605,-49.73116486771518,True
1.0834347809317033,13.961112776558739,5.409793503696142,60.00769246616352,-34.247939895244194,True
1.0064299073220768,15.592916559231835,4.857752464985501,107.75709597544929,-46.21734910418019,True
0.9526966457761442,15.152907443339448,4.5961692525249855,104.558328823225,-45.5367094061401,True
0.978502474863206,16.187168515438113,4.809583233596271,133.53612156631732,-51.22143103194477,True
0.9798376698944461,15.5233647992299,4.987627150306337,121.7873134172021,-48.80653795207136,True
0.9540092992458253,14.500250243946244,5.296314693637362,117.27734516369682,-47.95483943252073,True
0.8743326744636899,15.476076732616388,5.241633921966158,196.20585020204462,-62.07066785371599,True
1.0115611916941216,14.630980500951653,4.934777384867048,84.06186425047838,-40.72887723948368,True
1.0016833324897183,14.353711554976307,4.976870321815959,82.52358593120802,-40.18604954793618,True
1.0956953109232088,14.888663153154727,5.2092458281369565,72.12784051083923,-37.552297739604484,True
1.0925205466692793,15.248774132260522,5.3165845511007905,84.45082068024291,-40.595273599950936,True
1.0339912281576522,16.300239541565176,5.098057619583228,124.43974829256685,-49.5841180813214,True
1.0281340389997822,14.503341340289914,5.0864419359581134,80.35002059075072,-39.891006159005094,True
0.9585182514639764,13.083326140217844,5.07140960464428,69.47731403792811,-36.82588363802695,True
1.0094316402334789,14.8029503530229,5.080770277510211,94.38081260530787,-42.93034234378168,True
0.9941732813068368,15.25636535275061,5.081116308918637,112.62139308363982,-46.81401740393733,True
1.0072887334423546,15.182374641512194,4.700902804119073,91.21566387491785,-42.2015532908331,True
0.9615533853845832,14.746273446351799,4.514543949319121,89.4223472268218,-42.055717066634685,True
1.0209557585974474,15.949612587697828,4.736910025125943,104.42034810271723,-45.47637536486206,True
0.9315328947003374,15.312332172972027,4.860661961601365,133.32481093247324,-50.90888122381413,True
1.1517746705583427,15.603011969390332,5.197170137478576,69.77208807253446,-36.97545889124933,True
1.0723533574450337,13.1630392346965,4.918722974371107,37.787297339616735,-27.038703421725238,True
1.0663612744997892,14.826347796485502,5.0608740824869605,75.45753224323492,-38.472723049575436,True
0.9362312333001327,14.8608478112066,5.021121704842207,125.09672938245687,-49.333083295140334,True
0.9189645332351561,16.68391998345655,5.148897391287799,204.81134282501793,-63.46108376618432,True
1.0137385548432898,14.89378801532922,4.871557917462269,87.77598868631326,-41.31498437203833,True
0.9847774753097968,14.33984909947191,4.782260005787575,81.25276889693454,-39.97674203239482,True
1.0923862977104173,14.281135747507145,4.505788415193207,45.01899615783705,-29.787310221621862,True
1.0313884739304922,15.97923402292921,5.099701249430162,116.7216355697445,-48.02553428601905,True
0.9979378946930592,14.4195392573119,4.1020255539403925,58.84612819480662,-34.211258470418144,True
1.0739941633764674,14.14706075645146,5.049061522516453,57.572736098910326,-33.541473859079964,True
1.0091063333468608,15.916718196549688,5.266611299785758,134.66350446753074,-51.290158814037284,True
1.0114498192125423,15.391945216099094,4.955161184799248,104.85972576422834,-45.55547378877187,True
1.0521060917947513,14.76386457586478,5.109581273992616,80.10481651107494,-39.56571531019274,True
0.9661251134886569,13.672393427737175,4.870762105210801,75.19501828099612,-38.56626091221708,True
1.0509347092537453,15.554259773221611,4.998281138949146,94.1145613285069,-42.73697286994888,True
1.0283013971533768,15.826932646557905,4.951501062675597,109.4611796402536,-46.15881837741715,True
0.9539634443032391,14.046721494064746,5.208443995317291,101.66296292781047,-44.83039753755991,True
1.0979027047723033,15.364826670922536,4.914678345143883,73.13970345484519,-37.65520033590323,True
0.977126527791131,14.89931047104442,4.643512340209121,91.38666614899851,-42.401894663469676,True
0.9182759149603449,14.11593656444752,5.097976392633599,113.35281185301223,-47.169693667647486,True
0.9611206397476462,14.555837838852177,4.961835297566254,102.94816447610347,-44.939738856248134,True
0.9482135219682949,14.952932469814842,4.79084211989558,110.36468355426472,-46.4404983935653,True
1.0097846751634338,13.681654845934624,5.1938513862630185,69.82324852440405,-36.9642762788188,True
1.0811258885989539,15.570821108465069,5.598973396650749,105.72204445982467,-45.40498950049311,True
1.0124349577626408,14.289659834595383,5.1413806769671115,82.12355569103663,-40.12712253793059,True
1.0792931350648454,14.329514787383733,5.239016469558742,64.66110512234668,-35.75451552836744,True
1.0533305477451869,15.505579992283879,5.045504090847105,93.96132103621638,-42.89084236906606,True
0.866675518403994,14.547259459405087,5.42894314945513,177.24677702372284,-59.10455272367828,True
1.0449734535876456,14.78449717966324,5.195716283142281,84.59008630148475,-40.7158412714903,True
0.9709508214133937,14.894441261380921,4.832975926117536,101.70738186460692,-44.79222196803748,True
1.0256352127369766,14.224849206442272,5.178933215044115,77.59193242375736,-39.22310577512936,True
0.9971061943528037,14.482041816860406,5.129503786677398,92.55809363094887,-42.430530964168526,True
1.1393068734818332,14.982290986539384,4.8814723370447375,53.75842077429954,-32.682255569866825,True
1.0218034223389305,14.984524386893083,5.3728981713284405,105.81477117058532,-45.39717745663526,True
1.029190155908298,15.527032214066482,4.620566735177069,87.73228614272583,-41.68107502211839,True
1.0539127021363675,15.571281703012982,5.11162006741681,99.16017402989962,-44.08261076348084,True
0.9255443302517885,16.218669943457808,4.870507964124749,165.40851998933624,-56.87091185939339,True
1.0541728818137972,13.493625294947336,4.5180766641597945,40.389321283563994,-28.087083209982513,True
0.989219771195923,15.912946889954558,5.035145234089227,131.23784845202005,-50.70837418225733,True
0.9654274791016505,14.659460402770762,4.875915543544676,99.8699533924249,-44.29732128928294,True
1.04100154808771,15.658271398349733,4.8248088832197285,94.34481083903802,-42.806507832192416,True
0.9255838388031202,15.339422482236529,4.6820787749595985,126.18762401502931,-49.63831407802161,True
1.0469469455393388,14.422776435197951,5.603058891625165,88.8978869279558,-41.84740942589103,True
0.9921257374801369,16.520102684052027,4.261955692141284,107.35410824233419,-46.1197593673494,True
0.9949929672567144,15.761209684355164,4.351445387713363,94.26182369207382,-43.11669569704083,True
0.8877897979210092,15.420713487925976,5.15684074413775,180.97342145764117,-59.770143930922,True
1.045021022579164,17.190093057525075,5.138900400668305,147.64293499889635,-53.60597768613277,True
1.012381324362852,14.025732256763296,4.583170513109684,60.427765375214996,-34.370684940068315,True
0.9766411133758316,15.02508095965039,4.820563048791774,102.81898911508806,-45.06744440094461,True
0.9536280920226907,15.562124162068743,5.188056337509468,146.38704010282333,-53.46292343986442,True
1.0390790567893562,13.932983888434787,4.917335650835523,60.27050814864304,-34.17807950031561,True
1.0174091388571689,14.336034194211138,5.23884680722672,84.73832129159644,-40.800684430286466,True
1.0002591713860105,15.996687722262097,4.9863312638919,125.98725514926917,-49.52928543625209,True
0.9505873344430903,14.503607300732707,4.843362668211449,99.64918511894436,-44.21151762373638,True
1.0151393294593525,15.871885652916927,4.562672993831816,98.22939958220101,-43.8361742124973,True
1.0121620050110995,14.37040642397226,4.980378158135445,79.38045435761705,-39.37383241108635,True
1.0657945049816153,17.020085578851777,4.807629701732408,117.927263402906,-48.11647001781538,True
0.9401275786072247,12.657357461927905,5.298629611182171,70.42561004746588,-37.044232962710105,True
0.9642083936211117,16.00863202441767,5.286593315445533,161.47214774081866,-56.21175925046339,True
1.0971806584549497,15.250892745678623,4.926377517957272,71.0026749127094,-37.14263188731664,True
1.0095771490473395,13.469334546908332,4.989084098150021,60.03635427903294,-34.33519782946602,True
1.0126364679036515,14.776960778381778,4.888671075003366,85.40752995395513,-40.820944569128486,True
1.0482979387744227,13.073485852433304,4.8407305473522175,39.79147760327945,-27.804899305792183,True
1.090618845102292,15.352334290610775,4.678853986635713,67.6238957118306,-36.353923837295895,True
0.9419073224635782,14.403129577190128,5.020251261493635,108.9531997879266,-46.384172936836116,True
1.1090917057627154,13.050197975106094,4.9129716691003065,28.753463046925418,-23.66901071103613,True
0.9978176669605198,15.16567345373846,5.447010946461399,123.99513883439155,-49.11080897642248,True
1.0131924748014107,15.144831384671923,4.894239247866327,93.98126989189235,-43.00508808121544,True
1.003003240248923,17.106916470404737,5.721717538635277,208.25121258536387,-63.79475879079369,True
1.0748907006841584,15.828004592568123,5.542235317631152,113.63263709630739,-47.27651583850313,True
1.0479229055121648,12.612509026409732,4.784096226464611,31.459772070347384,-24.63253321716625,True
0.9927520559548026,14.471643591907398,4.977409045563534,88.55333885204817,-41.89050480161458,True
0.9436540817931166,16.10472143433048,4.5340779423420505,130.67441142343117,-50.85915284541038,True
0.9878551638966677,13.373229844939498,4.873991152414593,61.75698426894882,-34.70855277018528,True
0.9331296439774978,14.228433743182485,5.112309941179244,112.09343370769241,-47.04039748482706,True
1.0445557246803003,15.001809043511987,5.061668259327717,86.66824879221254,-41.04078958533756,True
0.9660778677410118,14.471959760981745,4.7576034084578085,90.95219751410397,-42.38193705297381,True
0.9948774637693701,16.591186397062664,4.977068492310772,145.91218691437837,-53.46643524445546,True
1.0586582268928137,15.183143286407882,5.150173485944841,89.57647717812075,-42.161253297886425,True
1.040353276198206,15.033312848379419,4.961724220992118,85.4406735159752,-41.05450030441536,True
1.019159737203576,14.08327238393851,5.4045874082042005,83.85991756574235,-40.44710251197125,True
0.9602180923328161,13.897568125177399,4.9731992825253055,86.00484451885772,-40.93877291920866,True
1.0242599093618867,15.104021882800096,4.523766508852808,76.80993070617812,-38.85243281182901,True
0.9602342112803566,14.919806181373332,4.519773978177545,93.90626367010363,-43.09958309694875,True
1.0247176999039833,13.782888865165532,4.887303474568307,59.92415874727777,-34.154916082508166,True
0.9346474452306004,15.234032782577037,4.64311037073522,116.56776622429132,-47.814584958464565,True
1.060358499997788,15.05738346802139,4.514245227982046,65.78525195316297,-35.941243731822595,True
1.0099774967739736,14.691763606219327,4.8719211831728595,84.32144959154357,-40.555538944757835,True
0.9993614251057289,16.19250463128157,5.23902997505861,145.51729149285345,-53.256030331759725,True
1.0195592847756556,14.98764011076589,4.860958735328552,87.97125428346965,-41.76542989057035,True
0.9942267105973591,14.761957268537644,5.099129532382504,99.16144565948447,-43.95884624937496,True
1.0034003348322806,16.13117054160141,5.431157867905924,152.51733035320936,-54.628047523675846,True
1.064564927662391,14.849078719508045,5.114937945799476,78.03728735753307,-39.01825002999308,True
1.0528565870249815,14.598516293004675,4.7201858527932865,64.66988450407915,-35.67177367722323,True
1.035649307532361,13.829877741320663,4.992595239489398,60.301526518987664,-34.273884041852604,True
1.0125993257501773,15.060636296188894,4.868660361027024,92.15984237090981,-42.38860706112366,True
0.9841770874939785,15.932435961902524,5.150861771814864,142.314734123632,-52.6688499374674,True
1.0536447358611023,14.583038010563087,5.0559536924743105,73.9549170195667,-38.30412064441804,True
0.9544731822582957,13.670689363039772,4.915176381889115,80.72287102669577,-39.955342941748285,True
1.0891992247593931,16.010931284111855,5.023967903422443,93.43088855591029,-42.995878503780126,True
1.035579598086841,16.050285869141657,4.903934388201058,110.11496650866471,-46.39622588623088,True
1.0590916877229537,15.584953858328044,4.520672098459656,76.17059102989202,-38.50244702639737,True
1.0233911621265683,15.096106505384542,4.418246945928957,73.56563069237461,-37.853274001713594,True
0.9938831652220854,15.420104204011754,5.262199185517385,126.72739801717184,-49.71496322844155,True
1.047417632784833,13.449851112413935,5.30834178660294,56.77956240127235,-33.324847723845465,True
0.9296323592507768,14.417850239477927,5.056053281898959,117.17983837666601,-47.94260165128213,True
0.9705686935713613,15.675584776813272,5.282832032376163,146.62636892604857,-53.702083304354076,True
0.9904462038004938,15.338326388617785,5.514574036080456,138.00809547664878,-51.88165075389181,True
0.9309535229644681,15.90254771327808,4.864501989426352,152.01754829701682,-54.619201926416906,True
1.0318517769105322,16.53385153478959,4.780472107442078,116.91814868458971,-47.67431821482215,True
1.0632941984165618,13.764863077077816,5.2205152000417625,57.02513339401039,-33.569684094416225,True
0.9145580614165298,15.483572169285681,5.419217249463159,182.4919599105546,-59.78587911782757,True
0.9792251872389174,14.74163049248219,4.798166804788643,92.71570337214206,-42.51596414630312,True
0.9915208881912843,14.553526745676788,5.442388348284543,108.17164019710364,-46.06349262438464,True
1.016146727417739,17.4718523807978,4.886571496070851,155.37693674136375,-55.050312368756856,True
1.042747853148512,13.429759581958644,5.067418759562881,52.40392388439718,-31.925572997721943,True
0.9860571314577776,14.818037235536565,4.891095346002148,95.95233752062701,-43.594433493472486,True
1.0470429361949254,14.763730307016244,5.074941959749552,80.20235763161865,-39.431430338928045,True
1.0044191038007073,15.047669710413311,4.6849515668156165,87.23277392584147,-41.42111421226084,True
0.9698577007794578,13.027587875737025,5.308695775809864,70.988584784718,-37.517766712963905,True
1.0115301380642816,14.018888721983167,4.509420653116802,59.21589494153639,-34.060133749027415,True
0.9368367413848698,15.048843343471411,4.7197216128343005,115.5206036358816,-47.79504562298488,True
0.9872715100290244,13.60468469363993,5.389031232812356,81.3118207560786,-39.874044460291586,True
0.9912252997772505,15.95345484334392,5.678913441141271,167.50096725035334,-57.37231919534808,True
0.9697591319939964,15.57962138897012,4.841501476974049,120.4874786826448,-48.63154478497366,True
1.1266300348705085,13.412782334399116,5.4601954507590245,38.46173668261122,-27.225770908888904,True
1.0650775093165796,14.769643651499056,5.3879700156850605,83.62150433318651,-40.384615871434235,True
1.0099903841965419,15.375521900439555,5.122330271647753,111.40569805280758,-46.676815175406006,True
1.0213829383991149,13.624230075256046,4.8560179450108,57.60843452239901,-33.71988532014228,True
1.0258467486769516,13.422541115367745,5.4209725916456515,64.86212170288896,-35.61927544991454,True
1.0312282919921476,14.04245197880266,4.943530344253287,64.74800391704329,-35.59981160976293,True
1.0781040839869755,17.687471279692502,5.139516420897101,146.2897601143948,-53.33914295629832,True
1.0463725215413415,16.094338080430234,4.351449891497927,84.55396340853618,-40.723753816355895,True
0.90071508609968,14.391405219703021,4.879135882065011,120.599779727576,-48.74849914433011,True
1.0416789711407302,13.668902201198378,4.81679122038657,52.10658542372807,-32.005843105252374,True
0.9581647504708903,14.174679493843398,5.037848398901538,95.83175411451766,-43.50295997754556,True
0.9722892316297266,16.522351420400412,4.905909107171184,152.44645409271885,-54.69492555857062,True
1.0490660482981493,17.033766600231225,4.847572399064666,125.11702157046679,-49.76117471955947,True
0.9068414592167076,14.188125031079641,4.998826789919992,116.34169756928533,-47.83024473620355,True
1.0856286485064928,15.311090980024998,4.7675502382290675,71.10729121916133,-37.270521277533454,True
1.0408664748300231,14.737760643958147,4.503183211648099,64.98017044667748,-35.637971989144795,True
1.016685671662834,16.270317360004263,4.8658999499427225,121.2911142599596,-48.62337072217923,True
1.0416927320286542,13.90606184329906,4.932034672722539,59.01117260392224,-33.982047622606565,True
1.0574245051343334,15.97899552247961,5.225184497016259,112.53983067741656,-47.21498978396022,True
1.011144454737387,13.659859325030354,4.938320463925014,62.41422028163909,-35.1529378662899,True
1.0387021329380668,15.947755389938367,5.117030770270063,115.0585130558585,-47.47826580802569,True
0.9510062876250515,14.149270641640774,4.782939585097239,88.55297381925467,-41.89009511399904,True
1.0405966124500985,14.68555178354021,4.994664814774789,77.37325465520544,-38.81836531439458,True
1.0303848723123161,14.35457608070673,4.4808057595912265,59.26011143996258,-33.93775783273639,True
1.0719612764227862,16.961136247047346,4.811570872964223,114.05883232284896,-47.357244014287204,True
1.0087071316734877,15.99399273769764,4.183385113086956,86.19174525815946,-41.31508122820119,True
1.0153212676557917,14.588648614749095,4.642801614827621,72.18606514301977,-37.66295219044007,True
0.9538340234126362,14.175248070926134,4.617941279357727,82.73275196343924,-40.276286816289534,True
0.999972613667231,16.313599983199683,5.184589201196194,146.23613515099677,-53.487956821411274,True
1.030568764634934,11.601671469024627,5.105629216224248,22.030723666151093,-20.994157114581792,True
1.0353043711475993,15.479177853497132,5.320469415680548,112.14175088264054,-47.049881657701725,True
1.0856573176734963,14.040711741341452,4.604103766434381,44.513499403612705,-29.62345410431248,True
1.023074271636413,17.25416219590394,5.246475950368041,167.1522296521716,-57.13717505434811,True
0.9953619418376911,17.730708872350796,4.826927000543041,170.92430497688696,-57.812358597361325,True
1.0278333074657733,15.030690050234293,5.538263768282228,110.51750167944266,-46.36865878555588,True
0.9721289030129356,14.634554044517593,4.946410977307724,98.59259008306009,-44.18306076802741,True
1.0662529715681541,15.068006806607036,5.48161362799779,94.16604568729423,-42.938445277817536,True
0.9653236509718645,14.37838588494365,5.862948538099585,134.37821563127386,-51.42217167945656,True
0.9797418987731873,14.205566254508868,5.127013118264606,91.91369985608324,-42.5581336918647,True
0.9462250934121064,15.234568606004139,5.534518422322795,159.00225983022102,-55.83097876689424,True
1.004142814086351,15.623751055106776,4.9006843841035055,111.71629486362173,-46.58750558081076,True
1.0322592487536455,15.133274908109021,5.39342395935506,105.68593778607665,-45.42114645840433,True
1.082663731916102,15.290103374505177,4.980852178849625,77.60802782453774,-39.25864645464436,True
0.9971306131769138,14.367443875441795,5.170098948259013,91.3249373022397,-42.30380103438015,True
0.988779257680054,14.06618100114365,5.151413641424781,86.57724346762781,-41.2933135091111,True
0.866572110903832,14.056434062646344,4.9469689551649605,129.86680640805005,-50.6708760687631,True
1.0111566917126589,15.771950357363721,4.555105538215885,97.36835548445521,-43.51702627175022,True
1.001379982714246,15.079615467747377,4.593045017830727,85.2475255918166,-41.091861132603846,True
1.0007899105166385,15.201526181951687,5.348131151353901,119.2083783130873,-48.2280261940915,True
1.0752903149940687,15.341334058556404,5.0561581303587495,84.30450192837256,-40.5430072967441,True
1.027306501274747,14.942181146835784,5.291683154554343,98.60405546403143,-44.06495828439589,True
0.979195107301474,15.108457202048486,4.849611998701871,103.95442187186416,-45.339591947718404,True
0.9547121938989666,16.29581222095328,4.895792831761604,151.62527521902777,-54.68377362649742,True
0.9421338730594173,15.776916036535624,4.892733757244774,142.1397638005253,-52.832400624383865,True
0.9777214449669064,14.827642618362049,4.499134048408094,83.82836869838017,-40.64621297388781,True
1.0187005525355475,14.527812788888118,4.896170176699147,77.68432558944441,-39.01150254771244,True
0.8945152120245111,16.027280401086607,4.90565441393505,181.41079280454363,-59.44045911381002,True
0.993247645138154,15.332770811129997,4.996975553243343,110.6859870534825,-46.420965199352054,True
1.0400914433598645,14.692011317496855,4.924628604982665,76.13578921048133,-38.478324900971764,True
0.94823435653559,13.708651248374307,5.408697199455128,101.70927222092986,-44.81519392057926,True
0.9910917138048624,16.69404277568738,4.82569515920405,142.0527474959626,-52.70314025492152,True
0.9504209764992317,13.872952003209452,5.251149179378832,100.03385374820493,-44.281812679769395,True
0.8645912981981194,15.284426824340066,5.090200017644794,184.39963173222756,-59.9341272857014,True
0.9599819769997013,16.825241358177013,5.009315496831596,175.79912126997547,-58.64055826615752,True
0.9468230926864636,14.658778151976483,5.225484185868157,123.36692466368318,-49.192150502002946,True
1.038755170348812,14.954522694034653,4.8985024653887725,80.80743591752658,-39.819254303168975,True
1.024026816421258,15.853727768748877,4.84280791212057,105.27504938403098,-45.576509641136944,True
0.9479098725087098,13.80686432776848,4.891639944654985,84.76978090145403,-40.95312053855878,True
1.064632455517146,13.330199165679794,5.0618956009160065,45.00038244668706,-29.82870567378946,True
1.0362602377509411,14.64289537141282,4.449691215915446,61.621007196864504,-34.72868876265135,True
0.9871778475827724,15.08070458518392,4.94979874946869,104.29433257871219,-45.043912842150064,True
1.0165027814017047,15.069393476432847,5.2077966808894045,104.43997589297629,-45.28559417113653,True
0.9527314045621826,16.417202041921342,4.992690873432608,162.96025594386802,-56.57689347508071,True
0.8769023838123305,14.054099122033534,5.035390403518268,129.51362810082722,-50.517738591160466,True
1.0045438043948367,14.856289141485968,5.138269170125321,99.54459111276303,-44.00868440139172,True
0.931794673565717,16.507268229501666,5.026485926713026,182.0449250905197,-59.64840150143628,True
0.9886582680514909,14.722155310130631,4.512950348726729,79.83802137803049,-39.665242714402055,True
1.020550420307845,16.98697567099574,5.437477775761034,172.23063719281453,-57.906709662643834,True
0.9028172072792391,14.765703551140229,5.78416169363145,183.54277667111177,-60.13817687511255,True
1.0103326364709002,14.305958843261402,5.457468422842909,94.96057868710075,-43.27541233099501,True
1.0413222873351138,14.960835790736262,4.935852071154821,81.76666608760983,-40.226096613134786,True
0.8960519766312919,15.259591907353983,4.734301131867842,141.3925021929968,-52.52441842854752,True
1.0352718879676137,14.588453987397903,5.454152775461802,93.0185992243003,-42.66967406293715,True
1.0949490446061487,15.39813920856387,5.042855957646244,77.74150423217101,-38.854445908048724,True
0.9872461452988188,14.850823739424643,5.278954630514926,112.69727122849501,-46.82281804045752,True
1.0370209293517851,16.269483906237063,4.702398502846685,106.06136243534469,-45.651295685510625,True
0.9497660217752448,15.507892622212218,5.153419054290978,146.67950409390107,-53.41478121911087,True
1.0460116216979103,15.01076175707122,5.1161846663676975,88.08381336799094,-41.36256295596145,True
1.025506921950508,14.683493174259324,5.415468689087354,97.7237285732285,-43.60938503367075,True
1.0108876930398838,15.802841519794514,5.245442384816062,127.87356427895719,-49.87314969061609,True
1.0080430122116606,15.031168597787978,5.050201310675636,100.83994685299737,-44.61568959751245,True
1.0197224363817692,14.547524937520873,5.567579368059241,101.61336019672761,-44.69649573770374,True
0.9967999986480806,14.276859625340695,4.919418211552539,80.72130176173603,-39.95567331331873,True
0.9513534932718472,15.69939664852802,5.460190117503527,170.26898474717294,-57.85956747169757,True
0.9926074348897381,14.528364863143038,5.169592621113309,97.36275814738782,-43.571853498089304,True
0.9976157833931899,14.70007781038866,5.222574258431171,101.95564351830572,-44.774648853656025,True
0.9413046804158364,15.553257426864416,5.892044818219229,196.79923839548536,-61.9262973626543,True
0.9944758306574836,16.070897787039677,4.357590759058415,101.26034319757916,-44.65325508505886,True
0.9969124261434319,15.5951529450631,4.5832106837786935,98.42064715997078,-43.79811499304065,True
0.9739689576342725,15.852762836356636,5.352378772791836,156.42995989201623,-55.33313786581409,True
1.0176145353779518,15.709577460661155,5.274605620970884,124.38490554259306,-49.63445276782497,True
1.0294763708615282,15.00830270373796,5.038488200385233,90.36349726401791,-42.136175547196416,True
0.9668158017341788,15.394583915443318,5.335898565192437,142.00172498432332,-52.642583335946085,True
1.0074565055280085,16.825892141955404,4.664907847053249,129.58498114882363,-50.50511565659493,True
1.0454596081192313,14.804063257483968,5.586615954572327,98.4659115431538,-43.81759733779074,True
0.9494815467148913,13.90755065874363,5.4160041032674435,107.2729607188437,-45.739011903917834,True
0.9168390167502865,12.473622945535414,5.5056344344024755,81.05978416542288,-39.7595797621586,True
0.9529425387570235,16.935575417168057,4.527920649911542,149.30582844298172,-54.02547000958284,True
1.026344613418899,16.980806951888447,5.320150632666212,162.5606216560028,-56.672587140786874,True
0.9771643402721046,14.009142655695305,5.000470225227732,84.3544302272308,-40.90604015933386,True
0.9380729165278405,16.285964185815132,5.716363253549172,220.91691729634894,-65.96275790460962,True
1.0634699029636754,16.032536381154912,5.078400861536581,105.24044337770762,-45.24851073408386,True
0.9409828280317194,15.64122357391523,4.733651378641443,130.216828969066,-50.53645504972279,True
0.9914711393039524,15.503197454451668,5.1751272449424475,125.56499561262231,-49.6533906409476,True
1.0368286824557638,14.255366634166496,4.492163077280052,55.89792307394303,-33.28646059535144,True
1.0335067684398522,15.12931682273913,5.31727659669488,103.12566622151888,-44.797827128015285,True
1.0208657501398362,15.347967913904727,4.8724485136888624,96.11900122215104,-43.56159335524118,True
0.9666024037393208,15.0697372602311,4.946423697368332,112.54834642672421,-46.92392195801399,True
1.0278949769055632,14.94526935684951,5.074719483783646,91.16688181430229,-42.09610560909408,True
1.0007383738804394,16.30039141534134,4.90602849690959,131.78432493504727,-50.826595663469995,True
1.020327951727723,16.015685869367037,5.488240728621478,142.46144864008656,-52.97066689052068,True
1.0685320540778591,15.874243190924798,4.915304193589787,93.62215919977416,-42.71069316004516,True
0.9403126243883058,15.932385941430253,5.15520689186756,166.58629024352197,-57.08069956964352,True
1.019261638998635,15.22932567902815,5.168024854649149,105.67236794970944,-45.419557662026364,True
1.0071070752183893,16.165998045512374,5.012543221567689,130.23763213351194,-50.391824846345706,True
1.0472176663677373,13.801883628580912,4.763430346944461,52.150986294698335,-31.8950406721247,True
1.0889158047502705,15.069557618209656,4.316316171089906,53.77835981702,-32.504643084298785,True
1.0873579783863858,15.708049465114636,5.331998125154439,97.70609225381826,-43.867025528111874,True
1.0417502670321388,15.54344708045245,4.68900333858811,85.85125953216709,-41.21709486237339,True
0.9700656896296531,15.374352879733806,5.60302749733672,155.72232221015526,-55.15192107775307,True
0.9788847754787592,15.92708759136733,4.814337663453697,126.02874354994186,-49.59836722322464,True
1.0360694645265256,16.441042019857314,5.380833760652358,142.89397777694236,-53.12069455984352,True
0.9356723884992799,13.936458549220278,5.038988950206271,98.44207857630816,-43.97380998518289,True
0.988325387408331,15.300359175401963,5.474897047476546,135.36440706026545,-51.70347771134758,True
0.9630902305919212,14.277668812622686,5.113830508871825,100.50224989601413,-44.3150192507665,True
0.9411626403564833,16.070039179977325,5.144121273931291,167.68329193705637,-57.25346219733484,True
1.0123900841313975,15.723987540634774,4.653060196085988,100.05365413688708,-44.23121347056411,True
1.0394791980935356,14.029666045232823,5.228049045445881,69.90725910300225,-37.05168280369518,True
1.0300149749915795,14.993322140041366,5.278676124442056,98.91985887627939,-44.004517439946504,True
1.005908769595387,13.498864674572639,5.052264791991446,64.21793024152772,-35.54618525615196,True
0.9823867878650229,15.949860007120776,5.330004476935714,152.19999150037944,-54.40233604832584,True
0.9737689897645697,14.46417340381653,5.123299232049989,101.27761255539654,-44.65641104703911,True
1.0435724105625643,13.869790338123941,5.364398193589638,68.7570387115955,-36.63081054884424,True
0.9744249630721662,14.654386683265084,5.035752749521641,102.21852542716847,-44.71599991785221,True
0.9729950764637482,15.583854839121557,5.333068297228379,145.0169201345501,-53.1238892339586,True
1.0205579125766184,15.286899930731055,5.079233790181501,102.64468531319878,-44.76078510752178,True
0.9509458477658171,14.510893163545235,5.617260272927853,135.29894337761885,-51.61471119703882,True
1.00425840347017,14.895055653645064,4.899270763137173,91.15188154092813,-42.10071225307977,True
0.9735402997706879,14.708233105105672,4.972059062046692,101.99025618367494,-44.63257058685646,True
0.9664275631373065,14.065919793798844,4.801092280888657,82.79108149465083,-40.263424948494574,True
0.9875021772395136,13.134335520084814,4.883762981140692,56.81582998315211,-33.41773832738877,True
1.037722489655097,14.993559354067532,4.844597304909356,80.35180279727315,-39.796653660154675,True
1.0088378099380495,15.585006773843029,5.617829775236067,141.72520855091196,-52.508610156874006,True
1.0146562370639252,14.984058076516712,5.627664738899366,119.12033779399204,-48.507445123861025,True
1.0379472231045261,17.049746825263533,4.964435287001823,138.48909884948506,-52.2649491320025,True
1.0311846025902236,14.404215306633416,5.426782727580892,87.94381218712334,-41.59107679462903,True
0.9910706054668014,14.958114688544468,4.951701745822381,101.59937472363902,-44.70807493263013,True
1.0278260673193818,15.4860971608919,5.130024582650224,107.07075182236834,-46.0117426500246,True
0.9915780172645153,15.440701131695935,5.460798062535841,138.33669565514825,-52.18534173135589,True
1.0219114386034398,14.744106563218983,4.930168170220463,83.21141858655156,-40.41555341946845,True
1.0520809260567692,14.945783344829747,4.7000366713955515,71.8168343767216,-37.48885347183965,True
1.0260319083905656,14.9166742494722,5.141434076966155,92.92597143804512,-42.84818387365442,True
0.9376795796280938,15.683264014446094,4.75773734172098,135.83279055448475,-51.66156657065193,True
0.9751608135280072,14.305098586880687,5.010845884772142,92.65942311038835,-42.65814393853695,True
1.0323783225184582,12.566257835279385,5.098464348056725,38.11968166982838,-27.193064458323654,True
0.8922459345843976,14.656886351359967,5.204409414185046,152.70040129629677,-54.53197133393543,True
1.0161792535593321,16.687847334579654,5.2079874357826395,152.54514288864448,-54.55721660347238,True
1.0133677372243168,15.80128119102782,5.0921995825639454,119.53985400483457,-48.49701497671124,True
1.136367384439573,13.431369289920642,5.257976161572107,34.0085815689269,-25.64630024995255,True
1.0216139789991658,15.675099344235006,5.4686697795519095,130.90279488261453,-50.49843704125707,True
0.9945754328809391,15.208432167790871,5.255915575279433,120.00442976632567,-48.44767915265318,True
1.0581836805138018,14.625066410857428,5.317288847014795,80.87255980461208,-39.85410622585319,True
0.982780023491339,13.92187964549984,4.7334043023899035,70.95946294797993,-37.1888804560045,True
1.0021134390791502,14.186409532413014,5.068516298041136,81.57289371529494,-40.126397675586546,True
1.0044424740121127,14.440064920394619,5.126209019597348,88.73962876747527,-41.72057499646964,True
1.0300110255886399,16.835251152212443,5.69869040232117,176.87145650049584,-58.89004430181186,True
0.9538357158752045,15.640105079963332,4.3428763091983695,104.17173521783536,-45.41177250630679,True
1.0416753101809477,14.290413675435547,5.267498872393803,76.77292746008462,-38.63447854239066,True
0.9737130786010698,14.45799814325699,5.166563963696936,103.10569509926611,-44.92326396222444,True
1.102971839977926,14.962551471858454,5.222107096767489,71.5747821758483,-37.67123501594663,True
0.9243444106401979,14.566823306050226,4.592515282717836,101.11291886149546,-44.73770318000087,True
0.9621320316994753,15.015679375388578,5.060358897337591,119.93313656817857,-48.42647101916075,True
0.8985355378082556,14.854267072652453,5.563725386155864,177.6127367097622,-58.98730955324336,True
1.148242566489157,15.0972711580778,4.655549526950439,49.41621301747556,-30.90817184268142,True
0.9386545667396826,13.00168352534095,5.215840644868779,78.64272824912861,-39.114129531431544,True
1.0380025336771141,15.800290433010904,4.825539680842958,98.76615717845752,-43.894160357165205,True
1.0363517771890287,14.439868384858585,5.5043105860616075,90.20034330814836,-41.861319939578735,True
0.9546998923391674,15.90684907021169,5.252493713495538,163.44231537963194,-56.39090150907728,True
1.0386517295659694,17.196073122437223,5.143013131940037,150.98565577488495,-54.52833102051059,True
0.9465505044175073,13.547330788264468,4.777508252579672,75.6716853485432,-38.720378843558244,True
0.9593223427350084,15.09843034724253,4.956745157668384,118.89796890330715,-48.346292958677424,True
0.9219049798254865,14.579922534650509,4.892009939669175,116.21852636484218,-47.5840250940383,True
1.0334829378408967,15.3948127839814,4.737838794902983,87.12673555246703,-41.56826586547072,True
0.9020571220415713,12.892652996215407,4.955029676335493,81.6363543033843,-39.88099124536455,True
1.0196729013175814,14.641760990031983,4.415543417086028,65.93430314554759,-36.16323764057036,True
0.9938197618884356,14.181377740569124,5.217614640783313,89.39943539760645,-41.823772920478696,True
1.0871512639579466,16.62702871367712,4.875712969529012,102.64410708078631,-44.74078124042775,True
1.0016305837456567,16.859302468803786,4.788708315679526,138.79546380262553,-52.13258775920586,True
1.0423983791375675,14.713878927326947,4.569771178213711,65.54560184148811,-35.62162096150566,True
1.0255668082129215,13.852743801054405,5.125685666514396,67.51428091767556,-36.38487646273878,True
0.9948402766691238,14.16140611206489,5.578825838122817,100.67977189029332,-44.381317485390895,True
1.055746095540947,15.03905377979981,4.9096282730444765,78.89943747030861,-39.35948138929606,True
1.0189949589856937,13.598665176624573,5.412460181257325,71.42398562572022,-37.63130093069785,True
1.0449347058559928,15.519058575318885,5.173902201261216,103.19860336518397,-44.90565102081818,True
0.9536114858826601,14.803730769034628,4.952487774054465,113.02616520629438,-46.96770226612085,True
1.0264138912599432,15.356326054284793,5.58409464291944,123.18340237540953,-49.143093471544155,True
1.04008770281935,15.394395058403138,4.48208453239327,76.24697782011066,-38.85275352041754,True
0.9455498109531338,16.379416198020643,5.043330221060064,169.1598548040805,-57.708682843112314,True
0.9963062388499463,15.63502313757574,4.894081268049668,112.98095547146087,-47.200852470425865,True
0.9130830279342919,15.292958588443822,5.095493361076739,154.0654780102242,-54.864602751380616,True
0.9206500011022511,15.249245213854365,4.653118195701813,125.94826068145815,-49.681249205119585,True
0.9970061534372752,13.021732922230555,5.241562738748775,59.648570645670866,-34.43561594352398,True
1.0900117068667532,15.17966047365115,4.5117995414706416,60.48649529282235,-34.2455427874233,True
1.0938772261673662,15.612141586792822,5.193211911667001,87.77544546464782,-41.54205116288487,True
0.9847544869585116,14.878778966155586,4.8489654147030645,95.99337723007568,-43.459742132658285,True
0.9524260240040524,16.664823631274967,5.138580375490537,181.82817721868153,-59.49173072444208,True
1.0463570573540926,13.51460227263008,4.788340301293882,47.11029558236616,-30.217867367550063,True
0.8998222158478327,14.260139931677882,4.744464063168258,110.03758913469723,-46.3672803519439,True
0.979841219672094,14.36477317985972,5.476479467587537,109.63524724844449,-46.4078110048503,True
0.9625912754498752,15.009265951922242,5.510696172648456,141.55791365067915,-52.76327047096207,True
0.9956840938547398,14.353517005866568,4.656666084980271,74.75504448900125,-38.194050384917794,True
1.0687659256392585,13.75945101418222,5.047714367691466,51.278790348388405,-31.61405113453945,True
0.8705850622730347,14.644216377045659,5.232124956200986,165.67740416663423,-56.877116536463326,True
1.0155177995071925,16.014793082160697,4.9801908097242,119.76635506514965,-48.67961899273308,True
1.017161797798589,15.754186230895508,4.99033289591058,112.06657897909608,-46.65461088761001,True
0.9969505853766727,14.305083955811664,5.216838722275494,91.49458269080786,-42.38859253647369,True
1.0145689119253185,14.626652858421425,5.16399092573483,91.52953917036079,-42.263084244704324,True
1.0257131603431828,14.222363363439182,4.86530083913394,68.82369208786533,-36.533937522264765,True
1.0079165853985608,13.738539517709212,5.157994941618005,71.77568660631437,-37.52121640944556,True
0.8982497031358434,15.426976949620673,4.920861122323955,157.95920029250775,-55.759794307659966,True
0.9555400118726748,13.718884602116562,4.893470100916867,79.89580732147765,-39.52169157217404,True
1.079879712713699,15.662856255509602,4.779029543861429,79.95582217590457,-39.76105140622363,True
0.9416484737406994,16.818642628242433,4.779928571251777,168.86229667028215,-57.49391752248494,True
1.004030708178164,15.375681081178161,5.077633137723039,111.74084989414982,-46.97632951259909,True
0.9639336175282122,15.622762650333293,4.5409536248725395,109.40628673308571,-46.42927871750747,True
1.0297403191019678,15.594280815527242,4.532519760448499,85.23571313080753,-40.96727091983,True
0.9898679480084668,14.51133145691649,4.949609712321833,88.79209937466545,-41.720163392925436,True
1.032736892205234,15.369979688009122,5.00113902650129,98.13446595589255,-44.03354059108883,True
1.0191518394279377,15.312366099051351,4.6851634564982065,88.21135305888718,-41.70879988416845,True
0.9805111612178447,14.374109234657215,5.525391696466428,111.62088465941788,-46.65854369828764,True
0.8885452785540289,12.483684828754871,4.776294720111221,69.95007734963252,-37.03853299449556,True
0.9566800482564474,13.952081979936683,4.803590826696603,83.47111701851942,-40.611808954475144,True
0.9396854626331357,14.057916093267746,4.778644930249224,90.48219917222447,-41.98686818838082,True
0.9393084979589506,15.501002579597793,5.284893901657306,158.12638801584734,-55.76238836400834,True
1.025176280561446,13.521092998450145,5.5088081808155716,69.96928497769115,-37.16331702602317,True
1.1012306175354354,16.87091399011754,4.710209590263602,97.07717719318762,-43.47823718946779,True
0.8767411412889965,16.629232538369504,5.252146159074193,248.66369748020216,-69.67789637225037,True
0.924687137564238,16.05217983119426,5.079825441981989,173.7444623967242,-58.6161448035946,True
1.0116045864640513,14.489923860354109,4.771290208333803,75.92446121741273,-38.665724601640505,True
0.9873293095652972,12.921440669973112,5.079022161237137,56.86020296693682,-33.31694667440079,True
1.0226658973344662,15.832183732671378,4.60424964391668,96.76213572161639,-43.770017855676706,True
0.9976607551777306,14.252116147538736,4.924937729192638,79.84760660285937,-39.64910913624016,True
1.0658772300933925,15.78754366468042,4.699586669896164,83.41292572264373,-40.25661360367329,True
1.0285167929146506,15.601228903009321,4.8991712489281865,99.47425412426422,-44.37453090258259,True
1.0438478784199763,14.559950965831176,5.020648722213245,75.03262563754282,-38.4518547016037,True
1.0508972619595705,13.779841191543529,5.448448951513376,65.55893384264488,-35.956629924693466,True
0.9403692318649598,15.187187351900233,5.015957337806948,133.09946001773756,-50.876295686596926,True
1.0293589255319204,13.430302227244916,4.70133094338937,48.57448464424938,-30.73006717867109,True
1.0321429293520261,15.281128159288109,5.004948402399299,96.13236539227401,-43.444016589750206,True
0.9829155411713834,15.470160468607727,4.377849432915816,92.08292650594385,-42.58216379365254,True
0.9825966535124616,14.340480567618492,5.256519257949042,99.97387526119078,-44.29329181604001,True
0.9839966668781623,13.496864685025576,4.756726562603766,62.9232652173523,-35.204412666508155,True
0.9560279917841079,16.6282678924877,5.569983886101314,210.81672297804573,-64.46377221360744,True
0.9309788490291778,14.465193825943798,5.2742314968884365,127.41347754312477,-50.08562400993449,True
1.107280965509951,14.792718720243743,5.032386554006713,61.639964695582584,-34.55853110446379,True
1.0540069396267049,16.091427186499722,4.910725062453955,104.04290177490998,-45.091804423826645,True
1.0012980768522246,14.431693407849759,4.8710287810693265,81.18721777004869,-39.7388771915241,True
0.9266289287377825,14.238498377757443,4.890798019190083,104.4767315125866,-45.37003224639489,True
1.0272896091401045,17.010128266524934,4.997908912983268,142.3815473981133,-53.077200861077856,True
0.9817925139829873,14.267335786449948,4.878645138184977,83.97392644619994,-40.62756446710883,True
0.9921690450079055,16.216812867197827,5.1667494667888025,147.20672000411236,-53.81849670714193,True
1.1123927392860742,15.153010048044267,5.4407649370668185,78.61452359982383,-39.06561884539715,True
1.09489680406327,15.131899127149303,5.030938643819549,72.04529831863155,-37.62653840899317,True
0.8817473817316857,14.493469902170364,5.331689448377828,158.91852855505533,-55.77740816586415,True
1.018265709859932,14.800428334400198,4.602975499978144,75.68811272923611,-38.36054115840966,True
1.0082787160815705,16.787138260035324,5.10695896251596,153.93193706939994,-55.02958746839018,True
1.0177577138650478,15.855202212289623,5.025716474696509,116.8125749926662,-47.87725909224246,True
0.9721090208366487,13.637279074512701,4.581559440859214,63.82826694198527,-35.53067439953564,True
1.0001447332596705,14.008585176834094,4.923414216490095,73.40954979573014,-38.087038087884785,True
0.9453054315680419,15.382947934838725,5.256700372998683,150.5770099901095,-54.52664122610453,True
1.0518751292789648,15.638762524628927,4.192818300080238,67.6069168096919,-36.63746390416566,True
1.050347150553566,15.766702293328132,4.940049860659314,97.50238214066579,-43.906327031241986,True
1.0820490923079435,14.923204493570552,4.864122005216701,67.20186726475082,-36.40708649384165,True
0.9613135850327036,14.150610013239858,5.080754375740282,95.81698814250043,-43.13810719170721,True
1.0134842432329678,14.190008513341951,5.27185790920827,84.01775593731037,-40.570572398515665,True
1.1021717968343265,12.699413725388007,5.209688242807282,27.716842634206316,-23.384093624167267,True
0.9662338616790064,16.633551586590503,5.291518577222828,182.50337030593136,-59.835401452294825,True
0.9495299468304057,12.370737017950496,5.354255761279128,62.3188590103152,-35.10481642227597,True
1.015015019884356,14.75855692918076,4.890983758130667,84.17038125612484,-40.586848444326456,True
1.0582558574841934,13.228473969383352,4.271769617293842,31.69510051446553,-24.728879544521668,True
0.9666445370518901,14.415570376654342,5.2017222555864215,106.91089899481607,-45.803247851436225,True
1.0966426106874685,15.576197083469989,4.697599329699352,70.26086128207457,-37.22940530009509,True
0.9542123548726962,12.713441592410424,5.084703995034476,62.061161668106756,-35.05518590443276,True
1.032908693760581,15.352602055599254,4.574861163240506,81.01056144579613,-40.028561722824364,True
0.966166941000926,15.871488562297213,4.777656121898128,127.65438382418398,-50.150587320145036,True
0.976703839877856,14.582753276009043,5.174009738363654,105.36919149509266,-45.47649220749432,True
1.0411314509870588,17.739364462490016,4.8667957320728625,150.72399567318962,-54.34163239947491,True
0.9895390834182336,12.755008737577537,4.499141229297989,40.97584235416022,-28.323682352609502,True
0.9240431088961389,13.287077134015506,4.593648652957538,70.86167533238927,-37.350799359912045,True
0.9600672182196963,14.69684504090541,5.338268387472198,122.78582895691643,-49.06494177753686,True
1.0360846856307317,14.717138031233079,4.8940608383908835,76.39130549220891,-38.7981042179008,True
1.019873987375577,15.114471178400928,4.900901986138631,92.72663703774123,-42.88979759245177,True
1.0362783454760585,15.928282795934704,4.816721873089163,102.47177659455937,-44.64379580688166,True
0.9698662531829834,13.744063017999022,4.544146372163363,65.2142471562008,-35.58353554506961,True
0.9470020957921895,13.64184076852861,4.919675530809552,82.67258918589873,-40.03730954460443,True
0.959059770360547,14.305505673400837,5.371097070437432,113.20090277565231,-46.982642031556104,True
0.9624824899096421,16.03094117688879,4.766563907950189,133.89853195704305,-51.01553371929374,True
0.997658283711596,15.809471433351831,4.433495535372414,96.55113273329769,-43.76922065993987,True
0.9408013672344375,14.93022456817912,5.232292664071162,135.09618076438838,-51.571635766771166,True
1.053270832081656,14.491255880242251,5.025250260572312,70.6124313103066,-37.449394217515035,True
1.0257872331304843,14.847209658738032,5.056975736609507,89.49508038165048,-41.94077278760796,True
0.9567683641676801,15.362061482264393,5.11355644666649,135.57617964623284,-51.70758467585759,True
0.990070627236905,15.098975317311401,4.476634045586783,85.63342775555505,-40.75468989300425,True
0.9556642424950579,13.591704517301002,4.96599048568079,79.95987242240481,-39.741704249226494,True
0.9925344111243016,13.521813305144224,5.072698036258722,68.87702883069949,-36.95854335233163,True
0.9582587990331177,14.741319648404865,4.987111394363346,109.25102082608511,-46.19828482139245,True
1.1071167821328372,15.724891706728814,4.98494627462999,79.51580174568404,-39.34518746123092,True
0.920461175760092,13.939178674099049,5.347123281465123,117.83507646756192,-47.98275866650677,True
0.9365221765441182,15.407482085342824,5.1319755413622525,147.7142261240556,-53.59419402908164,True
0.9881103491035079,13.211441462790305,5.188522899307836,65.60968854428475,-35.93136289513192,True
1.0046866863997028,15.071088667594509,4.952927089107941,99.2184077833488,-44.18757653007826,True
1.0050067747970972,14.218379384401125,4.232229804461701,56.497203746298936,-33.067930313425315,True
1.0458887046492649,12.910102312963796,4.902337553162673,39.06057620756638,-27.67934634464901,True
1.0221254510425968,14.45356247368214,4.992664354678898,78.03287820392909,-39.16853371345417,True
0.9539148124739499,13.736678200425814,4.941834719586984,82.55446943394266,-40.06191782626194,True
1.0531061586175332,14.72349089423937,4.977471905936849,74.30860062999737,-38.00493499891949,True
1.031413087145203,15.412638369244704,5.064064689361576,101.69235214120127,-44.452549829435156,True
1.0693422974080926,15.456796633066036,5.284933057179428,96.11735109864894,-43.56370751716926,True
1.0025681163673643,13.022903674405915,4.742771155192444,47.49694633355243,-30.513661196525057,True
1.0545052660628425,15.575046406489612,4.938365819834037,91.49071012223992,-42.15598297555199,True
0.8638665709685232,15.412931464965352,5.461129608560524,220.9423779445216,-65.6971198701687,True
0.9757170023193514,14.57632698420201,4.513653526252923,80.85458395210163,-39.93712710707492,True
0.9543680943041278,13.73169274233709,4.916853343228771,82.2678446119854,-40.12163133083639,True
1.0350939293948167,14.591869982435556,4.3453416092523405,58.28821936193862,-33.834416009283295,True
0.9630211983329868,16.61123578487113,4.922569912135798,160.25048324459704,-55.8810226808644,True
1.0487813048776868,15.596533143330493,5.0305309131736,97.83114495981233,-43.601937871881084,True
1.039369494551279,15.972527686650533,4.454903316429862,88.14775726966941,-41.699176488027355,True
0.9696301464000529,14.011073959728577,5.062927901622344,88.88486329810387,-41.57292948781831,True
1.0119378391297251,14.46748298237139,4.7966027727616884,75.32969683011889,-38.304312168280035,True
0.9892771148470022,13.70303720312243,5.323944830544101,81.66990148507315,-40.180622145903435,True
1.0058179931024565,14.3346746412488,5.142553913516884,85.5762384186972,-40.88994624108222,True
1.0374821611535856,16.35822011284136,4.83736243581511,112.61295685348082,-47.134933298414765,True
0.9837027039066899,14.550825466622163,4.937579930773182,92.03248496786598,-42.53812800642681,True
0.9171957416864394,14.310894228008573,5.46512334307306,139.3564879705209,-52.50516519321822,True
1.0297801480821323,15.238730429178775,4.965426658540124,94.05519359820418,-42.74878734364095,True
1.0536234809062799,14.425493985173734,4.596293870036519,57.31435645340276,-33.648437829478155,True
0.9150126306917304,15.092733657691959,4.657339323951405,124.1402670174484,-49.51505300135451,True
0.9981728130617216,14.431272683093729,4.943543023848066,83.91757953153355,-40.758936555930504,True
0.953413546414358,15.190878515311862,5.337472424941495,142.32825476012025,-53.07866170664658,True
1.0563468870842814,14.619940321468,4.852965151178456,68.25938841883944,-36.66003890081804,True
1.0591229364990602,13.882049277694879,4.671659398546216,48.65918382592899,-31.10104552205636,True
0.9595159006133834,16.054087920993126,5.002682502151997,150.52922617138796,-54.31770062764126,True
0.934219184781833,16.8179652859992,5.098240380506989,195.50981044880814,-61.71547282801333,True
1.0122348306168139,15.497569963994527,5.154814854883941,116.05995429018307,-47.91669153118856,True
0.9445430510284283,13.498221521358925,4.489673274202987,66.09042588455881,-36.244158755015334,True
1.0428880121270352,14.771762358023384,5.0947698120260885,81.76467735615994,-40.086649770744074,True
0.9934412369114437,15.244896895396552,5.078046127287514,112.61485764047909,-46.8152220939209,True
1.0802750765874656,13.314794803748773,4.867861063279037,37.94124673983646,-27.405165304741928,True
1.0824973248510075,14.463831941097375,5.340802761876727,69.23038884110753,-36.916257860628804,True
1.0776023804587713,13.595314381815111,5.135717278374126,47.86324275797805,-30.67374870173385,True
1.02014687703346,13.970286831890395,4.742871169814662,61.17500143352631,-34.523158486229136,True
0.9527121185340837,15.33946221362448,5.1407471960130176,136.92229720447608,-51.968191151783664,True
0.9258438342543325,14.95051652741908,4.433778527997905,103.30084702705824,-44.88044666136111,True
1.0297306638045156,13.904982668483695,4.856737376681206,61.03623926644639,-34.385280288550604,True
1.0334683263948208,14.932923164005665,4.877183153164278,82.03715953939765,-40.051291195937694,True
1.0131012440416338,14.637605647937907,5.198325299221454,92.362001263123,-42.588763297906816,True
0.9335566966676784,15.882852794310434,5.9119217854717885,221.13533589268914,-66.03153933432786,True
0.960117827679157,12.926171100829508,4.912002269571415,61.42277803437641,-34.89110975944738,True
1.0041660765734712,14.259133198623253,5.439482429327223,94.37422374383708,-43.273136166245244,True
0.9693434011240967,16.517413292792853,5.407345157151345,186.50510075562582,-60.65961470287013,True
0.9612059485065411,13.835962501025413,4.601060299494844,72.72747581112574,-37.54263870863874,True
0.9516731056714517,13.91887958060179,5.401738810023917,106.63059784351528,-45.85796799194161,True
0.9932342329472411,14.481988264624686,4.788571670357873,81.68653261928281,-39.88494018639518,True
0.9896273341541276,16.268761533531716,5.002755663118093,141.6576618022596,-52.85013247020839,True
0.9586677339642791,15.402209552332028,5.6889656185024915,166.45138861111687,-57.04379133419036,True
1.0005126328545082,13.93757840987908,5.155015101044778,79.10980592647321,-39.3957265075449,True
1.012471834445818,14.915543498688853,4.807122507547505,86.93189438743674,-41.36571765207489,True
1.0176475790560229,14.648365427359565,5.133642119949763,89.20535940913449,-41.627148118173096,True
0.9521288776071339,15.449796807992337,4.541217669083978,109.86684000413028,-46.34155428492754,True
0.9846435145653215,14.958101210944289,5.318626936231969,119.26409546821299,-48.2180767021048,True
1.0008021242979228,15.196415253527821,4.806913749462977,97.83644279356943,-43.58595729537852,True
1.0062588621629942,14.678391805197963,4.262312436833561,65.67181570198017,-35.86599924213491,True
0.9332502298772394,16.322496463320533,4.891929934751191,164.37900078020508,-57.0347628238716,True
0.9829394414010073,14.95719438695799,4.845764721799249,98.64196062184055,-43.91851262316851,True
1.0296359988637942,14.373652012210604,5.1496447209683085,78.3171443080957,-38.959332777243,True
0.9703065470186294,16.060592643024016,4.653984195388674,125.64737961527325,-49.735218903089965,True
1.017782814529528,15.59056743663126,5.104590513108622,114.06066092999802,-47.16993836146823,True
1.0007304582408982,14.09030431159686,4.795819660647942,70.60399268635399,-37.38290666226728,True
0.9770048041068864,11.059991622037932,4.978905220665208,21.78823185636104,-20.897478822485212,True
1.0630853661636752,15.540421932125351,5.3199168496395055,102.54179268886936,-44.90799194549635,True
0.9848661984798376,14.564132263596616,5.329692003921658,107.39276862582985,-45.96207525447593,True
0.9894800819889547,15.042458104045874,5.3826713030244555,121.84041767969833,-48.8706158273659,True
0.9757613409965313,16.18222322652636,4.771494594128665,131.93029718927056,-50.86883018528021,True
1.0740238366980253,14.047036208894548,5.089158346599309,56.67781388914869,-33.359677186000354,True
1.0695367557771405,13.875261100154807,5.102068638714101,55.47492752039155,-32.75977587755498,True
1.0573386227484125,13.6038853695497,5.375691347999499,58.44319858380427,-34.01824889513049,True
1.0434736878751387,17.2034086739536,4.901641760239776,137.471786137047,-51.80697245520558,True
0.9557901863569802,16.1916942431679,4.553310059890237,130.28044784386938,-50.5840714944232,True
0.9775098129746328,15.671625051180913,5.254680515148784,142.822197597817,-52.85988214144111,True
0.9614663084018493,13.0730655851418,5.402296093929478,77.95402765291026,-39.201803576719556,True
1.0515164235811882,13.576218064210227,5.095166134946444,53.08065520666977,-32.25346581876179,True
1.1167793185643573,15.70259514181217,4.67213909504069,67.29260713258226,-36.42964694112408,True
1.0339630546136436,15.401581970590982,5.649650202663426,123.25872814869146,-49.255412495879725,True
1.0838004713207832,14.728200526495508,5.0360818419566575,66.75959129547327,-36.340518810006024,True
1.0228682370963669,13.647930202470574,4.802079985720325,56.51413351680785,-33.38740156221502,True
1.015838679887385,16.055237701692718,5.329232568049025,138.22680970691644,-52.293237864383734,True
0.9709947146094984,16.791909026877367,5.4994459538318905,199.53412419839674,-62.3361824262242,True
1.0306513550348808,15.438618729919991,4.518002767576974,81.7090191147712,-40.243877609726624,True
1.045648848186609,14.244004742984334,5.161268894689952,71.57215107157053,-37.565224092633436,True
1.0526858195274413,16.524192820649766,5.389192009498132,137.34814259135138,-52.08475863437103,True
1.0051713430114773,15.168565063259274,4.968797276906508,101.5383552537487,-44.71986613454128,True
1.0098952539355834,16.629890784460848,5.044372390935252,142.48894005988868,-52.71042183867413,True
0.9969499748431804,14.641998473643216,4.961132525889179,91.26711489168596,-42.32403218257568,True
0.9717695011976926,17.062086570636545,5.460558668434919,209.73632134054105,-64.31637154197287,True
1.0440618724744175,14.551518295852729,4.668910731209131,64.77042509689404,-35.53717338800142,True
0.9052371986322603,14.338604632013675,4.922703010307561,119.27539572919402,-48.14292804923742,True
0.9163809718265503,15.829222564113568,5.644657598338895,209.76449876761114,-64.26901073695606,True
0.9726515568960317,14.926833526453693,4.813828452504456,101.86923871434526,-44.76079345352518,True
0.9363202762625693,15.387464800155891,4.537601007937661,114.86735692561915,-47.359909920445,True
1.05429986481882,13.981514256269778,4.996827318660509,58.323371617767194,-33.754895528007715,True
0.9778638135563505,13.999355153750862,5.324020362623389,94.11567562012604,-43.08999502521826,True
1.0438527883723105,14.618592072802844,4.988696697752191,74.85075605628366,-38.378212204046804,True
1.0652378490447172,15.3583721106735,4.854279586608148,81.29916471695826,-39.71534508545378,True
1.003068428848677,14.222113225217358,5.1502483911958565,85.36850482649456,-41.04824267482344,True
1.0163541294447227,16.069187946584716,5.747054436627268,159.87815553453203,-56.238940541479295,True
1.0613362703051497,14.892698253389431,4.9231123360867715,73.9894594598561,-37.960970769596514,True
1.0499622051381636,16.707305438246348,5.621642988851647,157.99036446927397,-55.77404890247647,True
0.8964536872330114,13.94788953871237,5.123988222806711,120.91933609456818,-48.87284176882707,True
0.9793879063545594,15.34235413840868,4.740589080617855,105.48271796251973,-45.27207346874618,True
1.0256302585765718,15.459235622092828,5.498878233198958,122.30672199457786,-49.04347869090337,True
1.0107840729783724,15.27114587363105,4.895400969486445,97.9579799188376,-43.689733020918695,True
0.9503713540612825,14.951077413599025,4.532720994787413,98.30193172750818,-43.68768865449837,True
0.9146227214681013,15.847174320087895,5.088165098704902,172.65078695704096,-58.294552207406724,True
1.030560953866774,13.764232699005525,4.860304283196295,57.96153235072884,-33.63631186965003,True
0.9578301195334088,15.282874481594614,5.544498581961448,153.95197895800607,-55.16222336671896,True
0.9932831807252406,14.01358250900322,5.121663321984071,81.97855515768666,-40.157019555116165,True
1.0072366224462113,14.42083069097073,4.839621173225782,77.36938223523059,-38.961971562316016,True
0.991861744394271,15.268430216669326,5.26073910898193,123.0632318304991,-49.37684681400892,True
0.9534123761801597,15.948157497742933,5.000867706033451,150.40613580596886,-54.33787937607062,True
0.9958641561213173,13.626238312334626,5.097583696711386,70.25226757499036,-37.14657539344475,True
0.9727770950158053,16.650809518595704,4.284806328813659,117.86590509291453,-48.04185486643448,True
1.0827893942852023,16.002342141750365,4.654461515469497,82.6807180862093,-40.41157818281285,True
1.0106682473926496,15.043516906827323,5.069364292317065,100.13917676424074,-44.26041270256217,True
1.1283219213983884,13.93248497880925,4.615490087075135,34.538036015635,-25.966940558976084,True
0.9340794964427197,16.528877806272188,4.821681905309705,167.288758387874,-57.40347882732152,True
0.9849558555007102,15.46230178684434,5.278100840118486,132.34944768353867,-51.19509911012207,True
0.984783766873028,15.46146884406015,5.154926660775264,127.45896977166159,-49.812079515866934,True
0.9611571508610627,14.3222416573172,5.350067427464818,112.74929410816574,-47.06438115689304,True
0.9824378686187305,15.194159544121325,5.004019844146481,113.69869485137592,-47.465854155710815,True
0.9760015680619498,14.373917443105572,4.795322010818493,85.04444379018337,-40.652216312915364,True
0.9510647669572809,16.21529934610403,5.4235808848634175,186.86677117009222,-60.60603390072697,True
1.0897317121334018,16.23991810185221,5.013912112230889,98.65230839724,-43.93298866073009,True
0.9958280239149718,14.846456804112936,4.679001809047032,85.58517286574974,-40.78231981869118,True
1.046348726839743,14.414853165760698,5.490202297829155,84.24915885319929,-40.47864394910567,True
1.0495117800696239,15.79134861403826,5.0202987169410225,102.4119526218442,-44.67880238041457,True
1.0714055721061828,15.651585185931278,5.293831027887797,100.36119688256235,-44.2191632760646,True
0.9508844063589577,13.833720016448844,5.088672924828106,91.38680679116838,-42.542839444543624,True
1.0633188684694763,14.708442947167768,5.29302011205774,79.66676823708995,-39.502327826509855,True
0.9962985241524057,17.19289001264453,5.193481979611219,177.10722886966118,-58.88631933032004,True
1.1017843214260736,14.99192333494238,4.909218857947284,64.52452944462922,-35.650601262584296,True
1.0262417570139082,15.235093591482684,4.8910784793835616,91.48403904822744,-42.52444692497941,True
0.9423607131836528,15.54500502234669,5.213944499159053,154.93727581550414,-55.15148777169281,True
1.0628925773573392,14.44127664761202,5.034638001375473,66.70043172844082,-36.353813094732416,True
1.0579629065396308,15.766316175844187,4.99816022462465,96.70261220243614,-43.697886758140655,True
0.9354119607862852,15.378081315008352,4.8699812058717855,133.38488743461514,-51.38897836630037,True
1.03724490353944,16.125212726346625,4.91967851845848,111.3689895509193,-46.65232905590292,True
1.0801759715104042,13.314736466285105,4.547255488973925,32.73309367185494,-25.337646761781215,True
1.0239432189227557,15.354128427723175,5.152857653444641,107.15572546492491,-45.631492870436624,True
0.9513097398379228,15.209980192833966,4.808150208785838,118.43371475460451,-48.02395640825372,True
1.0505148291964668,13.582942256277487,5.032761922250514,52.43392107490347,-32.314031066288365,True
1.0332746251356926,14.733550426310986,4.980765511609386,80.8385228627163,-40.048076363829054,True
0.9884626492516146,15.394142254290854,5.059289425777644,119.00087009489339,-48.10350315024553,True
0.9769878979700685,15.050097179801533,5.00999498075763,112.02462131729575,-46.79382475605633,True
1.0330405150929687,14.975248168811117,5.1367087668997655,91.83539300131326,-42.57363999973995,True
0.9544650614808383,14.985635064184118,4.736533759447293,106.35599144634263,-45.594844486410906,True
1.010091722607061,14.534575846643845,4.978348781795518,83.96559272828785,-40.37768803558804,True
1.0599328758753934,17.00551071639008,5.008507100015385,130.00634100033125,-50.43204939124671,True
1.0759928138692554,15.32831320952343,4.741909994532209,72.66785441415388,-37.79023790796584,True
0.9737338669427961,15.309759732562235,4.705573039576453,106.90900872599599,-45.98000786171501,True
0.9206632707127118,13.67263420544694,4.829582470292219,89.75272872359137,-41.769366587022176,True
0.9646380023008888,14.684421426206432,5.0524466510194825,109.23449205483163,-46.46058985026388,True
1.0408196078461174,14.471035430493066,4.673971826663811,64.0811215000769,-35.696549942178784,True
0.9629605183168575,14.9691048261941,5.282507877212866,127.63379380454663,-50.04714082016649,True
1.054136055534038,14.678450639169391,4.816432857691195,68.69342204812867,-36.94206246109471,True
0.9628540848644844,14.382609064867406,4.997654247112413,97.59610335690634,-43.52312373523777,True
0.9721325067823917,14.771563246511583,5.201118394049508,114.95234126368553,-47.26569704296626,True
0.9913563319900889,13.917098314814334,4.557569239872609,64.0228108754684,-35.48516704667409,True
1.0472291340168949,15.595200154522425,5.40946549872362,114.57196370681606,-47.35030834111421,True
0.9208192635680059,15.805009543942266,4.735309990644797,145.1586030256234,-53.35815075199602,True
1.0139991269364346,15.498067506387347,5.398362567642019,124.35115669579226,-49.41034162518909,True
1.0131037983406728,15.855792341293782,5.156236137262373,125.98253613293969,-49.57981521886523,True
0.9504291586740388,15.785621703611458,4.458545284989698,116.55205744761356,-47.884766056257895,True
1.0178031029986032,13.715672014766637,4.954513258806319,62.947460924541765,-35.1356917886762,True
0.9910041155633937,16.492664582998543,4.765062496355059,133.5289583600071,-51.08008805938737,True
0.9434396660047177,15.869096076361698,5.492310591128286,181.81025671655354,-59.54242970538512,True
0.9963031701151406,13.090726129773767,5.062948326145403,57.994685770170996,-33.542070580077,True
0.9478869638515376,14.239962122170528,4.4186220774650815,79.04280596824597,-39.58682478951177,True
0.9679750353082484,13.767367076551093,5.378746583496207,93.28431940324718,-42.87859133595175,True
1.0439979855658637,15.433992507556939,5.164824236698553,101.33580169154204,-44.76955948487232,True
0.9843962543171881,14.465985834764,5.124628066564851,97.0498840450789,-43.51077008833419,True
1.0429735440777141,15.023969101993464,5.006845365356408,86.037537581294,-41.05106375891959,True
0.9921533804404981,16.734508757110877,4.573885966318487,128.3713885865435,-49.942459806836695,True
0.9518682890708728,16.444265584601002,5.47435610394655,198.85868307443624,-62.4337190506228,True
1.0239952621346051,14.04221665612614,4.927978138536624,66.84748139106492,-36.10583002447983,True
1.0280080622848635,15.457885638071799,5.431809555308028,118.98198727798824,-48.52278986230293,True
0.9384782785086292,16.827112982105998,5.00432295314984,189.25316861780152,-61.016937519730995,True
1.056786487032177,14.085229498697666,4.942885412643582,58.566723743543996,-34.08662382504851,True
1.0760429718153286,15.96794416052485,4.481369190815954,77.03339196923919,-38.67973126355431,True
1.031333781594171,14.831775526431539,4.787677026262648,77.1999890829788,-38.88043479286947,True
1.0038687324241193,14.059166650965329,5.396635365283262,87.31939598609542,-41.60258040077704,True
1.1005847751623632,16.514152124052373,5.216358290951406,109.50659639214729,-46.30183400145421,True
1.0269527565233625,14.57151651597957,5.157423147978029,85.63675613074022,-40.993775404925834,True
1.00986117513329,14.85047815466554,5.177518066450229,99.21681285379113,-44.19458205723844,True
1.0849949102815928,14.645103386264456,5.000993683202956,64.70305104882941,-35.821834988902424,True
1.0801334370327174,16.053461183415916,4.859124005367491,91.89744668008956,-42.44134991354985,True
0.9280412668694722,15.983421535698767,4.760259523712853,149.9249928146028,-54.18030617185008,True
0.9747914795209813,14.25811435453451,4.862609775171786,86.22075155596829,-41.14350737313472,True
1.0292833147946854,15.115949866441609,5.0424692397504955,93.07821603104436,-42.575214647317935,True
1.061367483372854,15.368779292871748,4.768626837147714,79.41519119670691,-39.38619439642633,True
0.9417236183974381,15.975429422463415,5.005027807008791,157.75071109547838,-55.59563933943889,True
1.0453931611720093,14.392315466875077,5.0236925817689055,70.81999162844134,-37.40377656517774,True
0.979771435603994,16.382475581794896,4.9454387190223725,144.3098575916492,-53.10097771568915,True
1.0358732884827366,15.814484552909816,4.506833051456907,87.90743706900432,-41.388997485624095,True
0.9716514987865829,14.050318957700458,4.68468731300527,75.71214821629039,-38.475347384417425,True
0.8833550269477878,15.484644508735723,4.951441156145019,172.4227780256945,-58.03172131895798,True
0.9114419640753837,15.489290637537701,4.359218254583768,120.4765199426414,-48.83121291379881,True
0.9436959727112434,14.29091882371535,5.30761621706948,117.83125368916622,-47.983441305506034,True
0.9704222531361689,15.426520469569741,5.389940635581337,143.80654903316562,-52.96926970647473,True
0.9996408185534762,15.00241044109019,5.255520022774774,111.68528949462846,-47.007654886825854,True
0.9741204917826821,13.468690023246738,5.084641498273138,73.62348459001724,-37.88528171026658,True
0.9976313596650579,11.804058222848958,4.630106648178294,26.36913166033437,-22.97030858777749,True
0.9751807914485717,17.049131909854793,5.092018329815933,177.8408317614811,-58.96745873387255,True
0.9997654708478609,14.87591748684405,5.421458662203234,114.19499251510157,-47.418231078360044,True
1.0465334628716416,15.107991607754526,4.660088421045532,75.19563390729965,-38.58824668692906,True
0.9992513485719874,13.973489383048161,5.766275051696759,100.0800310362226,-44.461040737446936,True
1.0270425553538778,14.401592966208772,5.245317346280048,82.9804005424057,-40.17844376685599,True
1.0357181484607931,17.168269821081832,4.681829622360856,126.27932131024575,-49.62186613269133,True
0.992108128983012,17.41794572287398,4.697004001230303,153.12504772696494,-54.82445304905919,True
0.9104574742211617,13.14464977048824,4.848423379119051,80.09848421088111,-39.850551231727444,True
1.0126347862738467,15.057493854045566,4.9838557242982935,95.86769204829966,-43.37190304467002,True
0.9662951966397771,16.86808192290342,4.8870367235823196,163.34901211094348,-56.708404444471064,True
1.0431204680882056,15.197924206353651,4.159718548032921,62.350836165010556,-34.945373050906554,True
1.068282948211795,15.684099789427215,4.6093100218032985,78.82458238355599,-39.15007368095572,True
0.9871229436326284,14.8304619378488,4.9979394371435495,99.81505709951536,-44.07187060878928,True
1.0081964264794954,15.515308338469682,5.056981373230435,113.82215853753355,-47.08322218492534,True
1.0333931168989967,16.4455571107787,5.270646474875876,139.07896037059655,-52.014086857283225,True
0.9593555256205203,15.521703775911975,4.800259402638472,123.54838968579422,-49.06038023679381,True
1.000461364115221,13.78431484922194,5.044879724910555,71.0632593964387,-37.35031112166186,True
0.9226246037068642,14.369300020164383,5.002818561997834,116.69621919831405,-47.89841469121563,True
1.0522158398200283,15.773373090589324,4.748947402914278,89.30967224633298,-42.100031174217754,True
1.0843048423012314,14.932159503942929,5.186284261610791,75.18031339126658,-38.26185275053125,True
1.0049971100881672,14.454753623663581,5.144395418016562,88.91028021364622,-41.68616395727078,True
0.9624098637646982,13.909972388004256,5.695281808996808,111.13299632423276,-46.617844556699936,True
1.013075365644977,14.003181255788574,5.32024340294836,80.912336644589,-39.845904815548664,True
0.9362550508283377,14.284892161218199,4.53640787762574,87.70357533064336,-41.43146868111596,True
0.978203093217561,15.456749462445355,5.279788107604575,135.53793147782815,-51.63182017398666,True
0.9790904438727438,14.482771575884136,4.570533344780737,79.481953272822,-39.37599118425471,True
0.9739137275048355,15.177937648167767,5.442282528821998,136.23990492211266,-51.914091609728914,True
1.0109602139538694,15.157653015144398,4.911579056936319,97.05753881499092,-43.50305121274685,True
1.0216968639755888,15.768945425590445,5.095207545922497,115.07594278230172,-47.344720496383225,True
1.0007128910722376,14.178055612690306,5.3943013982185795,91.7655678403468,-42.194040819636115,True
1.0450454328274188,16.616422973276222,5.141223231804125,130.9034089734277,-50.54901148288212,True
1.0195172991452222,13.240976707810693,5.243755540536804,57.97368683633948,-33.83964670428982,True
0.9752970883263636,14.674382986942256,4.805455565123957,94.45441634591164,-43.275086730817655,True
0.994598597262046,14.575263042957847,4.720474877301191,81.64009464970867,-40.26351709580667,True
0.9959551916074295,14.210185882177639,5.008320583396757,82.67604321048609,-40.27162120614876,True
0.9808376931256084,12.795724314824554,5.19779399404274,58.17874778943497,-33.695806869494845,True
1.0254824395448077,16.21340383492338,4.969566815313189,120.88753556386577,-48.477433082714626,True
0.8934277147306711,15.829370235554315,5.492548707157852,216.01267652612904,-64.90885170367528,True
1.0016054795484823,15.498779086605742,5.170426096703558,120.789377965634,-48.53703280610948,True
1.015465341885785,14.273703460722022,4.908831120979201,74.54257907017586,-38.331227376048766,True
1.029952640883066,14.494366375069752,4.95342026728548,76.44340867163795,-38.52676285098654,True
1.0554167582497294,14.663756488464557,4.834848377569849,68.0282593583797,-36.60103722283604,True
0.992966151189781,14.760321840727926,5.142464763849592,101.57602010665171,-44.599372360637766,True
1.041588310731507,15.795095032548799,4.8824705691716215,99.36789673066932,-44.39528356474745,True
1.030528013340768,14.505467467196409,5.0599039766552485,79.60222896102967,-39.55711173591004,True
1.0132121496715372,14.143274094169465,5.45940538322287,89.29318667735129,-41.927337600521895,True
0.9304308420029794,15.146622371491668,5.136680103054005,142.36295021937858,-53.01188231607077,True
1.0545236456325648,15.042549607693312,4.98463703379743,80.97453820651266,-40.01959147507589,True
1.0048166775681737,15.503512805972468,4.933804515242562,108.27768992461807,-46.25048303309091,True
0.9873979419683886,16.3887553333125,5.396246526978201,167.45012480509197,-57.52121403811792,True
0.9421509860916708,14.593011667378754,5.117412180913678,118.9118306412242,-48.25195844302263,True
0.8777921941499335,15.932168302709247,5.227380907434558,212.66106558167598,-64.61406470680606,True
1.0951140998560165,15.142143521342687,4.826016412793634,66.59329680975507,-35.94404617960114,True
1.015342777277911,16.024384830046994,4.60118962471078,103.87835128737333,-45.313577419927505,True
0.9446504487280107,16.232130682688457,5.384940532949472,188.30150403905694,-60.73714516028671,True
0.936966193742068,14.242709378019446,5.319745209986326,119.54844832419158,-48.65779940639435,True
0.9860667513374423,16.979472208191183,4.682745447660816,143.64727541094658,-52.975346738562244,True
1.0404016861940264,15.181097925193761,5.251180961032085,99.89358084481151,-44.30865916845709,True
1.0315585529741742,13.852695638197527,5.410668431387543,73.57374830722257,-38.15600035637423,True
1.0340981024850242,13.861067348971112,4.883363230085386,58.9543629906206,-33.891822369083926,True
0.9556307142373401,16.47313377026477,4.9863649504604695,163.15631489488072,-56.54564902073605,True
0.9910578535489829,16.314354074352377,5.5740688852346425,175.0140314771049,-58.39878798827292,True
1.0063543178375751,16.09652341602259,5.378694297053609,147.0294816172586,-53.91061116452915,True
0.9971640000902741,14.458785606721655,4.780109777682769,79.858145768761,-39.78194475534524,True
1.027292996924535,14.626363237113486,4.807537034744643,75.58293831862684,-38.36630688725504,True
1.078684948250602,13.42427116378323,4.9308065713486116,40.95671990243746,-28.158580288832287,True
1.0105185825556247,14.708124809540392,5.078732994146921,91.56004319352871,-42.50836453860127,True
0.9707554031197365,15.17064009361027,5.1588968258204515,125.30251479428068,-49.69964276752759,True
0.927359882334055,16.500179098808623,4.624603124724631,156.53128961602806,-55.58523121048711,True
1.0087924911777986,14.724526992217445,4.817486094723223,83.75830597878132,-40.551977921087236,True
0.9670157796822924,14.666285980979703,4.439095042947561,81.99885697066009,-39.92838559770753,True
1.0214303967604912,15.289383810841908,5.228724731291074,108.47783147954611,-46.00184602230627,True
1.0182320778816683,15.85056234172774,5.015971178208751,116.48443060527387,-47.936921708131976,True
1.07817592101548,16.55280123320537,4.934045389572178,106.26975936843671,-45.6486410726787,True
1.0106912714433367,14.30057790674719,4.871501837549775,75.13882369239757,-38.57841109353569,True
1.02277964813006,14.829034961625522,4.952227208000478,86.62428473572474,-41.30220825933851,True
0.9672367139188928,15.136954211342427,5.122432494299015,123.54358918872579,-49.38659925863258,True
0.9283914754113197,14.733748523218111,4.642907802890023,105.99555393916873,-45.39511943477521,True
1.053723389236572,14.379508969294077,4.779306316203372,61.48142672659094,-34.55937971307818,True
1.0603258730206486,14.743029408281766,4.694682364500444,64.09624012280456,-35.69305430686604,True
0.9834618027119741,13.7818040364658,4.228565209203071,54.233665673059654,-32.65635679163051,True
0.9033031233880606,14.393754303735745,5.534206047921929,153.21843307142393,-54.78909070857211,True
1.0680433051582112,13.76694277396503,5.203753657536421,55.77047074088036,-32.8806657080282,True
1.0594100661850356,15.012134655413089,4.756376872856195,72.5591529412561,-37.93066785828596,True
0.9941623173891314,14.608434300631297,5.071558689664011,95.14630578346475,-43.270006249563586,True
1.0534409621427925,14.454507740301777,4.650535893720089,60.426212563230095,-34.59121004420593,True
0.9979485641125909,15.015969004169396,5.150279178900214,108.60108366353802,-46.34344955096964,True
1.010852239478491,12.526618654397478,5.720537461769055,53.92392147832633,-32.73121670947132,True
0.9186978380939427,14.682993712931832,5.28597273083115,141.23961187406215,-52.63329508383892,True
1.0611013938888676,15.19461646237064,4.405773520898131,65.17853879292846,-35.848990872252145,True
0.9123482732891894,15.974803292576334,4.5396067125658774,142.25674328962663,-52.766569523140674,True
1.086072667022961,15.609121983595655,4.554016369968133,70.71503954779072,-37.38393739032981,True
1.0911435717394284,16.270488570932535,4.8743294332793035,93.09023395652676,-42.69209367708006,True
0.8722726833954045,13.566576514141529,4.980054303733103,113.82031512788241,-47.311815183800455,True
1.077848041461401,16.046490333108743,5.423447361925318,114.44055622982572,-47.37398536399536,True
0.9880619024400024,15.298793984068087,4.59280462340585,94.74595761537051,-43.06175977580493,True
1.0211124400474,14.463008700205025,5.00667316314995,80.1611695714221,-39.81543798496377,True
0.9294737040382676,15.108096631337274,4.208596197947789,96.43745764906893,-43.73352905121042,True
0.9838707483461684,18.125464238955033,4.691250247381503,178.64459072511593,-59.092246606159605,True
0.9409453937310212,15.145326815438494,4.597691417119374,109.11840816739361,-46.13153671437441,True
0.9605359312995336,15.080331677070612,4.3578592389087305,91.24742779521543,-42.26387765902271,True
1.0611116853736369,15.85906268125755,5.22760110140458,107.82950135333124,-46.122046476012855,True
1.049957504893401,14.78103385634043,4.804019595710645,72.03238445863806,-37.670937481618026,True
1.0410239385267572,14.20750767104731,5.053548901519231,69.43336502346257,-36.83559612741161,True
0.9730448210435707,16.40404359164596,4.584794607663903,128.15429763094517,-49.98105375449861,True
0.9654831287520365,13.560652774760948,5.352781040524702,88.41762895885891,-41.874526575351474,True
0.9175317149084485,15.043176777545469,4.713972624204911,124.16168205585414,-49.16198521516139,True
1.0339000301043586,14.935202281397823,5.333509461402323,97.6902187618095,-43.87007812272893,True
1.0968318431727362,14.166981322312754,5.3215260401340885,58.53225160175709,-33.90293066626278,True
1.0727891217861718,13.682149113728515,5.077060672693734,49.775615709006395,-31.0935666971764,True
1.001534344800846,14.872511413123547,5.105759913987485,101.16843402524134,-44.677406918222815,True
1.0246669817029113,15.366218910182415,4.696484624730435,87.56931392180289,-41.35136499029992,True
1.0123714544955986,16.04753261911188,4.5139854022445585,101.04942296237917,-44.61500530149427,True
1.0454728203174528,14.2285768425443,5.0573281151098035,68.55819594534803,-36.53850365848664,True
1.0871050008695395,14.215546112323802,5.065060181647572,56.62673197417944,-33.371767580075904,True
0.9715205604074477,16.52612846761513,4.887132502534726,149.89323074299068,-53.988156723155,True
0.9733799206940912,14.53214512711423,4.7535442689867935,89.75729536801319,-42.1340567780684,True
0.9856432753805108,14.66614457322725,4.74111275155769,86.75168579728938,-41.1550957118991,True
0.9983575087311792,16.21881940900996,4.556205992338919,112.75688386076095,-46.914688476852376,True
1.0364163314112207,13.353906742239701,5.286643125343859,56.72113617011776,-33.244624584943914,True
0.9966395840920186,13.798688191912037,4.791031132059688,65.60999124577253,-36.05747342953773,True
0.9573289889296708,16.391969003403165,4.716269622800135,143.99121416850332,-53.06461200533836,True
0.9579892215304375,14.398468991969487,5.1891760245205525,108.12731962669949,-45.941091697358225,True
0.9412383521913267,14.46605093800344,4.842053367894757,102.43450898218481,-44.65103223646897,True
0.994648476022461,14.550201144143571,4.820679314080544,84.51015028197489,-40.885843691255225,True
1.0516900292321876,14.679784944721517,5.339378988579654,84.47347637602748,-40.59069669171163,True
1.0210168554792511,14.540766615156253,4.654557391426277,71.05852316736012,-37.54165683410949,True
1.028169269560818,15.142483195109206,4.671809980261214,81.54377913542766,-40.16170018297828,True
0.9457895564690117,16.25276982192841,4.432277575644828,127.90300060126957,-50.07868457634778,True
0.9413602604267562,14.196474108667902,4.992328319601853,101.28690295435689,-44.7684559508489,True
1.0089186846461677,14.408884322797421,4.823273359484156,76.56402484939268,-38.644666699055335,True
1.06231622374144,15.032050459977933,5.558348696795168,98.16814683034359,-43.874045624579416,True
1.042241870593628,16.571540778367286,4.822357324412291,116.09051298564852,-47.96298844300022,True
0.9663217039494677,14.704530170254497,5.1948886683613,113.39784215363403,-46.9300311134915,True
1.1145612956053488,14.100967298271907,4.738805106252386,41.345288073821976,-28.685469846980833,True
0.898513910560989,12.980579343990913,5.244863144851694,94.10506676756809,-42.855717300476854,True
1.001450686820602,14.239039295765554,5.4356808987909915,94.89172715263922,-43.172650067448686,True
1.0051363119484344,14.132426974247958,4.842903749288831,71.64541989624406,-37.265484638188155,True
0.989543099295557,13.808388482994191,4.949476571345517,72.22413591000543,-37.85517892087795,True
1.026283171349987,15.070337462632317,4.935326069273658,89.39149956275388,-42.089293017625494,True
0.9898862770694746,14.73701936788952,5.080996516671391,100.21479950261858,-44.245799613020566,True
0.9252313198403086,16.42603685602511,5.296620551186225,201.90515754372396,-62.866778694046964,True
0.9955724798546817,15.215424145037623,4.813002097443189,100.2844888519597,-44.5780118734059,True
1.008229517133685,16.00855479466839,5.3149680074243655,140.5544120766082,-52.39330215389861,True
1.045577965269214,14.828778982793649,5.0607724194073125,82.20984722783855,-39.99438658490394,True
1.0708778200701639,14.121557949050235,5.473076936055064,68.65880030670571,-36.853553987739346,True
0.9572256072264054,15.61888101368478,5.101456402871605,143.52518746295476,-53.30836042284081,True
1.0836097554721742,13.871140045739146,4.578526878331405,41.29128782879007,-28.425030113076534,True
0.978594491823512,16.157450556746852,5.213869062111973,155.4275555238573,-55.07241039937779,True
0.9744749939852704,14.25218665914903,5.002808832680535,91.5483182665962,-42.38971134668074,True
0.9794508906054961,15.740353671993601,4.915252807884822,125.65065036635652,-49.45207958117578,True
0.9024358769684684,15.376263860536774,5.155889400281497,169.74811374602496,-57.56816517571586,True
0.9788743102813413,14.028928918674088,4.766596355477414,76.10189851280256,-38.6273597810157,True
1.0655503006955778,16.21054297979503,4.942927513082006,102.66147619693285,-44.86663438520522,True
1.0238676530259656,16.920461735992575,4.844216632333111,133.0683532682375,-51.302782040306475,True
1.0113781112192082,14.250636499083871,5.204414309140606,84.72773671533517,-40.802844547890786,True
1.0175350268100705,14.345477765247695,4.902617480049286,75.50447404036579,-38.61409160422242,True
1.0630723566354627,15.068707059193985,5.042792635471068,80.41793448890371,-39.76138221286239,True
0.9561004991457129,15.867662012315341,5.049445375671258,146.39483776005676,-53.52904787332381,True
1.04519393018937,16.224460425264326,5.147826484019811,119.88024932253249,-48.567968590534655,True
1.0033261250789771,14.641764738410153,4.857312716135012,85.42321701552682,-40.817693364657686,True
0.9608067995753735,15.137852341905031,5.361395935338764,139.22075837947145,-52.261082279586326,True
1.0231823655870769,14.648139556257194,5.3112061393092835,94.11546316800008,-43.09003627805824,True
1.0041911751153443,14.587063658709694,5.563442056138293,109.502861645159,-46.183381434674146,True
0.9596634901782293,14.468379580860407,4.729297681796557,91.30874905417699,-42.182560797135956,True
0.9465232371619929,13.636461109464351,5.054766722086002,87.79831591062867,-41.30183433286727,True
0.9782553690840445,15.863168842882063,4.5241013233089316,109.6086975110477,-46.39072428360996,True
0.9744494826018235,15.101963439933535,4.6630418638167805,99.25205749126194,-43.89866354851981,True
1.0610480926456818,16.52584188569818,5.2233656874532475,126.14135322322684,-49.68516171522332,True
0.9892875116690091,15.824305264068796,4.964793315993359,126.07566191934514,-49.51370715077617,True
0.9813454569508909,14.599820870224141,4.710085208933468,86.69597495154369,-41.166582484217784,True
1.0564402568358027,13.858753116144621,5.233333560038044,60.97213659364385,-34.62416213780825,True
1.0674830754510831,16.867381819651037,5.100904683131422,127.97072791225229,-50.07845562942939,True
0.9584264265126349,13.301457061793347,4.282075086036228,53.21423000035938,-32.536737579526324,True
0.9378113658536277,14.658115543022175,5.331476952665747,132.7131847284244,-51.266293208816315,True
1.0257613023534629,14.673723782881547,5.01829031065473,83.58723741849896,-40.57372424360845,True
0.9896307501750602,14.352918684277578,4.836086784441026,81.61053729030095,-40.02146057046299,True
0.9727391020773886,14.14865021029888,4.596833686348143,74.28269810459561,-38.05924351279657,True
1.0519153162929877,13.778742465246694,5.138581301890768,58.23629305176966,-33.58460045307687,True
0.9869708071796472,14.274426075190576,4.855389833280654,82.35389644953564,-39.98495885873601,True
1.0959098557454394,14.948802819746597,4.955510736224245,66.57884466958544,-36.27379728053961,True
1.0023842964026455,15.305694847144842,5.016194650591959,108.35442266893887,-46.00559389365627,True
1.0082063606390195,14.475037083481697,5.15740677395201,89.97736940266272,-42.08147375071389,True
1.1119882025260532,14.469814294130455,5.086066040164888,55.24865771111657,-32.71693900328606,True
1.015482358242497,13.957590778041862,5.454229357706267,83.38591484177823,-40.65216033331091,True
0.9646876205409158,15.167543744497157,4.467020624003553,95.95209947559118,-43.53411819586108,True
0.9489765871733166,15.04810749309355,4.828067915884787,114.96680636461546,-47.679600673219326,True
0.9769037233941028,15.379536058180621,5.324579291718447,136.26769251358115,-51.64267923498622,True
1.0118008645194168,14.458780019229115,5.618379136378423,104.1690424124114,-45.31918659029416,True
1.0455502793278848,14.08928640705628,5.349734409709404,72.05834852421712,-37.778209994792036,True
0.9247944090277704,14.980450865164567,5.151803641047736,142.62841042191556,-53.10685181223163,True
1.0001579878317455,15.520567525509575,5.263105311168621,126.8217302403211,-49.698485984223375,True
1.0639373885261878,14.112911638240531,5.253666315013783,65.61355254794745,-35.64458507227685,True
1.013109105576197,14.372418912692934,4.827211853722134,74.43788876280944,-38.1247307037371,True
1.067793501663739,13.775354125681037,5.183216183769646,54.95492952196208,-32.97801668119245,True
0.9246019764227424,13.82821695284196,4.710193722453029,88.50460575743614,-41.774668915992564,True
0.9886712426466499,14.453304341779702,5.041166921390016,91.38206769285678,-42.42296146142864,True
1.0060233549492787,14.158684498380202,4.854116375699343,73.44017963307557,-37.96682958839881,True
1.0276584793672072,15.800416677238239,5.143273755250014,115.67096831551797,-47.85741030626943,True
0.957430619264903,15.029959466867943,4.84152803985793,110.82239396520202,-46.488617950429514,True
1.0207980874010052,16.265139252711347,5.022537266865278,126.8296796712661,-50.0075737418831,True
1.0246967926963217,16.275235639097033,4.6987757977692,108.60200845146214,-46.01300787650005,True
0.9963247373672427,15.015187625575717,4.8896679924902955,97.02192244208788,-43.87417784392357,True
1.0234969984380526,12.996180496783776,5.349113436080115,53.497403697232386,-32.619163835945365,True
1.0158156622251118,15.398383978992435,4.443028151507416,81.83533419733887,-39.96355178551853,True
0.9670812225719696,16.14417719841217,5.018351310554354,149.3700423732987,-54.017745062264616,True
0.992093898944435,15.632458860093879,5.421485715342773,141.86385551948524,-52.935656112481745,True
0.9375509671991548,15.348750961997172,5.267752191226949,153.78413559537643,-54.98761164447338,True
0.9252050786861067,14.752049386236852,5.025556983682084,127.14282289041266,-49.95263633501529,True
1.012716602734789,13.82197801147487,5.225049369188095,73.59690264637692,-38.21781326672834,True
0.9052996477968821,15.625565743433334,4.779310953716652,151.0052971794702,-54.49150254282647,True
0.9879081272125543,14.804735982626152,5.220284147949958,108.96951558748866,-46.40129340972432,True
1.0206701213088616,15.31219127552263,5.36923848880208,115.76822895319174,-47.49968090525707,True
1.0008219980268498,14.412908606795126,5.070793746423699,87.65202470934133,-41.33153813008298,True
1.1092716195534027,16.99937015042193,5.301209569235575,123.29319792511338,-48.975798609629194,True
1.0213379905746387,15.239042250232938,4.695423630924758,85.85470456024456,-41.21637339052472,True
0.9865699911565199,14.620183995540293,4.652252941779097,83.57774366702657,-40.712231499042005,True
1.03040226198136,13.863660115258343,5.234440992881189,68.88782065271094,-36.78279985810636,True
0.9343918559168248,13.601308808173382,5.741691385467153,116.42763873112352,-47.755148012190524,True
1.0500101218980638,15.620672512621804,5.027294087162508,97.97642657568602,-44.06422784938134,True
0.9747510764236647,14.4177549226156,5.265630893690326,105.48712844904213,-45.70304864806719,True
1.0553275162299867,14.550084736003743,4.119035032331038,48.13772951411412,-30.58233212956961,True
1.020017301155065,14.45716162186152,5.183560556748203,85.23636434136256,-41.0750732301802,True
1.031281695667664,13.907934014735583,4.852599969364539,60.670762895233615,-34.470771837372276,True
0.9723070338247489,14.709807209966899,5.6004793739286844,130.92434498204742,-50.88146271490719,True
0.9427629670955883,15.056390809371187,5.232420859234851,138.21519307609796,-52.02340371591556,True
0.9418751095605666,13.993394388308575,5.025158752614459,97.46412871776107,-43.673386525929196,True
0.9142138299021161,15.33192706928573,4.8361636296110175,139.9543649591402,-52.569023083907624,True
0.9808275500261783,13.776493294126476,5.384857816851472,88.42651216239621,-41.87275877365251,True
0.9706293011754183,14.559007930967608,5.391972066046336,115.69173892511631,-47.513401089665216,True
1.050590615996841,15.364607423155785,4.757750862984771,82.68948411014459,-40.163780814629426,True
0.9483202815732287,14.98633939880088,5.351634595656313,140.75917642183884,-52.494106456595965,True
1.1096974400150126,13.358738011838696,5.304686810238565,39.133484789067865,-27.80973466946983,True
0.949921559238242,12.213741918301633,5.082829436854925,51.95015998833768,-32.035576366463644,True
0.9546258874605232,15.5669737596193,5.2487945122629025,148.8348401120646,-54.18135817835002,True
0.9259999171094839,15.690217955588619,5.170090910951738,166.5985478261969,-57.07877681157687,True
1.0004847305685607,15.437371567675834,4.688569911996585,97.63252967692813,-43.72800653195459,True
0.9839044946585754,14.77275035077816,5.107657811870574,105.63488097159492,-45.30076302422736,True
0.99460613474617,14.75197170426898,4.961740955452787,94.9124242656674,-43.06963314962217,True
1.0203437138666718,14.893353815211787,4.674010353079316,78.6611831178973,-39.306879325860045,True
1.049132674561395,15.58521763122016,4.764905142570861,88.01772049417654,-41.50939066786123,True
0.9415086351704478,14.866527819778591,4.502417871725396,99.63954840895764,-44.403485463572736,True
1.0009801901183502,15.373972507506885,4.478160810390498,87.9629972589801,-41.73786968398322,True
1.0427667057440848,16.31426229778431,4.826989699779752,109.45321778126102,-46.255425890328105,True
0.9452936078468575,14.032948726451298,5.332378556649067,109.04351513088062,-46.14688145724431,True
1.1382168305693,14.8146371115,4.612828749028434,45.98510623905037,-30.219706171675263,True
1.1170624263873488,14.141610674209627,4.639668786417739,39.757644683744346,-27.951163598988064,True
0.9962430878657376,14.606506016171394,5.574879008703718,113.69808720118105,-47.387105434765694,True
0.9446670866635953,14.898786748922241,4.7147330857290415,108.12428380315083,-46.23902689463791,True
0.9511031697621115,14.12036537732829,5.009052000772282,97.18982116725743,-43.72717232014557,True
1.011686802531322,13.375934002348128,5.15049898732866,62.16307592828073,-34.744126908863144,True
1.0319860994629464,13.693469500086648,4.940847131712971,57.32116061696707,-33.39922961500787,True
0.9078898329405114,15.44355314681264,4.986448972555687,156.069778587704,-55.231088487821154,True
0.9527004065381821,14.33167333779473,4.758744003533219,92.44893124809695,-42.569586683799606,True
1.0070901100112544,14.781285619270426,4.805644272930229,85.64784118818257,-41.139970889034515,True
0.9297794755900393,15.0494612295739,5.096927753102064,136.81775681843925,-51.84812224366987,True
0.985146470851508,15.907249580428697,4.63935277856727,112.77022800048518,-47.0505274765448,True
1.0215598598185374,14.716183261853507,5.429194914118865,100.22377141719915,-44.114477091094514,True
0.9918990617996772,15.246423543930925,4.462788044412658,88.22181620281155,-41.68375829993542,True
0.963287165519201,13.867933852748365,5.064262908349216,87.53643605279734,-41.35500790806145,True
1.0043506092279804,14.839152612145497,4.681054954241255,82.59321523110147,-40.43009730558698,True
1.0253443460271525,14.022374539819168,5.141593497068762,71.4696165474022,-37.47977901143431,True
0.9539578523923786,14.858794278990576,4.708779542406858,103.28091001750329,-45.20576504514498,True
1.017217589186132,15.127567937846976,5.1772838039879385,103.74211655940393,-45.29311534418883,True
1.0162266000752844,14.76583225634697,5.244577610193161,96.34921488824953,-43.39919128383504,True
1.0259589985773887,14.576814010169558,5.270784930035663,89.46523799116123,-41.92715910623656,True
1.013143783032895,15.26914173804411,4.853765130309204,97.0337385313495,-43.87184955047298,True
1.0065035052533235,14.596779802242093,5.451947501269844,104.9254862020018,-45.31395372986012,True
0.9922017162961246,14.585898321266814,5.016464543712825,93.45155202369872,-42.99178672798046,True
0.9850447263678855,13.947126895349012,4.987530121636879,78.46246373364701,-39.077616141027086,True
1.0361496511804877,15.505815356356447,5.165453569093395,106.31793763582071,-45.78882391815571,True
0.9952271954181204,14.957713192950402,4.509834084897296,82.77644844863771,-40.507021606672836,True
1.0267543584403147,14.520383681337362,4.931714090995914,76.51168780914176,-38.88798649265771,True
1.0259712370032297,13.96130684919055,5.109070946335507,69.86462852125909,-36.848350874448585,True
0.9530115596917914,17.336872411057954,4.825055613379874,182.80614709060632,-59.901397390747036,True
0.9840675324305719,11.983421637992995,4.988484092880341,36.73603793600092,-26.91230860778502,True
0.9973581762799704,14.241686921645742,5.50188539336898,100.19833801361591,-44.35527112950642,True
1.004505609596325,14.51766055024171,4.759951825295282,78.79529067528459,-39.5187934384418,True
1.0214632083126285,15.920543823069305,5.240487260461197,126.47055989923325,-49.62740615802924,True
1.00893505409484,14.685448526218394,4.812437251076461,82.81051880911923,-40.259332882290714,True
1.0020979314618337,15.181953614097043,5.024398816576988,105.16162143113304,-45.62614353692703,True
0.978238234352832,14.558807728217067,5.160470631790459,104.04836887734075,-45.23505803273159,True
1.0528464338815622,16.843649633296362,5.24737994067266,139.07917634351344,-52.368440950669985,True
1.0173754271781443,15.395350278910884,5.112198133106381,108.87742335116603,-46.16454703716521,True
0.9943948966362294,14.349658618835948,5.223357546795377,93.67192200903428,-42.940647645287385,True
0.9805187427527506,15.70372827957581,4.9469038309217135,124.12564730909912,-49.23311208766084,True
1.0139920219856744,14.752589401842771,4.870782825808118,84.37806156019086,-40.54380589426098,True
1.0014799761950866,16.82666299840886,5.310348702534189,171.37958160568533,-57.75088744527909,True
0.9238065353466064,16.351474849944008,4.447965402586499,140.95777080624467,-52.68852227478535,True
0.9504721940026067,15.294389668454228,4.878973452728638,123.69371026728282,-49.17283896550977,True
1.0652288158688423,14.76326620440523,4.925470578655121,70.08641280688461,-36.85424159847011,True
1.018522485277381,14.3650059041884,5.053642145955263,80.28426078066124,-39.90477784698195,True
0.9680141034489347,15.882088092684365,5.27048155906956,154.96155634942144,-55.28855319688003,True
0.9813557679797024,16.4518758847608,5.061892765780116,154.56087313816104,-55.27487681973092,True
0.9569016211823341,14.708283242316682,4.934734276660301,106.74403761449929,-45.55885139349069,True
0.973767632858252,15.449204595101472,5.2506844870739195,137.54830237926066,-51.78192575877453,True
1.0512250354293888,15.505443687234258,5.085238000666338,96.59597746490518,-43.47660927514047,True
0.9909472676610782,15.89003532596087,5.0388163696114265,129.75217759079274,-50.47625172334034,True
1.0416598438689415,14.22147190116797,5.480495920987272,80.88855258087786,-39.68713653180144,True
1.0813833958080454,15.44395667176145,5.290706716788696,91.43524108242347,-42.51766924484265,True
0.9802426277466586,17.24389990503362,5.796329702393239,234.70391305156656,-67.68252650477507,True
0.9352447085737267,15.09592913216637,4.413916008923668,103.14572142158686,-44.91086344674767,True
1.0216463532685578,15.45363816321788,5.388361474144852,119.51762985250896,-48.30096135955396,True
0.9589846445890821,15.378791096399302,5.445636006982629,151.1667524800495,-54.35538266450809,True
1.0000303469769574,15.553521623114813,4.795401076511024,104.89378484770421,-45.517861751635536,True
1.0084260863258045,13.842553902115196,4.965158698303258,68.51091246288006,-36.82305028762459,True
1.092859766221471,17.04765552145945,5.025932153495686,117.38368215210538,-47.773421426889925,True
1.0161451679145412,15.099980618534648,4.865360123867585,91.83852153663004,-42.45319416349147,True
0.9771449386652884,15.544625948931637,4.897814655400167,118.71895308281954,-48.10827569263569,True
1.0312921316066854,15.088086436239989,5.991836895963199,129.39846489992453,-50.53935613503383,True
1.0407578069375414,15.943345163360135,5.000638910361626,109.69689275125707,-46.24516490630708,True
1.0602422844400852,14.498154034569245,5.176965399538918,72.82779692364728,-37.784233097589805,True
0.9538554994541152,13.692831382551526,5.1123737092635455,88.20551143467146,-41.828477487945165,True
1.0645458526658196,14.882498167149445,5.028037026729612,75.77919586924209,-38.78180196360386,True
1.1143084187757952,15.479302215504367,4.662797509142225,63.83512651990667,-35.262927394241274,True
1.0634302599472807,14.653380085382812,5.2894173811511545,78.30830564518706,-39.29393337273573,True
1.0725258986935122,14.3285891963993,4.985797228745616,60.42790575003622,-34.244663410396285,True
0.978263265284818,15.34845013612682,4.532945479809294,97.3387357115061,-43.88032785769878,True
1.084471248295278,14.072433002787248,5.048487002521647,53.40870121953046,-32.56964428445054,True
0.9761959556798023,15.979357454910408,5.092371562054357,142.33366031040183,-52.8770694041168,True
0.9980615745604646,14.68769258276042,5.348091021735745,105.33297477267249,-45.36472901445374,True
0.9767736971764738,15.497428064448789,4.595575918635017,103.62676944330644,-45.227198645208475,True
0.970941030922804,13.838854982007282,4.965197876544571,80.69404837991348,-39.58783280001814,True
0.9997379933239376,16.353424634457856,4.795737147451128,125.77618252272046,-49.50348977373855,True
0.9423122377871368,15.46886758479027,4.750213278335441,127.34627194746038,-50.2053627648959,True
0.9656424810842795,15.613642895839307,5.067501289892854,136.31202553990082,-51.9342041634211,True
0.9513688035089988,13.709369430673982,4.866453491398418,81.12165303954507,-39.75275332496403,True
1.0767096397028915,14.250407344157034,5.151139252325224,62.4789180667732,-35.16325015440158,True
1.0810019610426158,15.199082343837121,4.732129843678789,68.7221584891397,-36.70964415974392,True
1.1272681667178586,13.917256383010198,4.957454531679605,39.896435223407295,-28.03148404677955,True
0.9966542318224967,14.373037198816188,5.085993212311234,88.15981336825061,-41.71893383385773,True
1.0014716432545643,15.755026962782413,5.125523894361339,125.93932310119618,-49.94434243838661,True
1.0385730128252106,14.394140330311824,5.056265998361651,74.40499328831022,-38.20736507201922,True
0.9361806247151977,15.37378893643485,4.987348556843117,138.3542383353874,-52.287904113125514,True
0.9510786500662549,14.172941947938975,4.826632032531315,90.97600483663913,-42.01196366936582,True
0.9201416536131958,15.600846477424493,5.476432847660107,186.77327503290488,-60.76542803942353,True
1.0418394822675408,13.879118644070152,5.064236373464816,62.0221331215355,-35.06410671507763,True
0.9569440082333366,15.593886889318648,4.659644256199769,118.99095979843682,-48.48862149800239,True
1.0500823139243676,17.163488199855983,4.4107640119532014,107.80828723337675,-45.96620437819678,True
0.9769100780360785,14.465019040392933,5.359069290090946,109.96512710603166,-46.59168911305356,True
1.0001869380826096,14.338716547803676,4.613398228129101,71.50893727535413,-37.32342982576314,True
0.9914427610366309,16.139252723938085,5.055766931002691,139.59552564910393,-52.35738385669127,True
1.009516529063454,15.064788919260499,4.641707158502705,84.0870374440299,-40.481092117046344,True
0.9755491079263098,13.830340449377308,5.043033178163421,80.47318907638561,-39.749749668129354,True
1.0519839314548758,15.339318231442684,5.093633096837795,92.23397311445451,-42.37424913145182,True
0.9916185737671241,15.216551591285889,5.240195292634102,119.3246294555802,-48.43937866864636,True
1.018199405260047,14.36738646120385,4.972550302726069,77.32546024023678,-38.828588718665955,True
1.005477752003683,14.328846165825576,4.9737107074529066,80.64034074934892,-39.59908047134056,True
0.9493203558151813,15.868641131355592,4.679712485285965,129.96994869505554,-50.437279965628925,True
1.0674619859661996,14.011902352609638,4.9235604820397185,54.36803197188899,-32.63396217544848,True
0.9674180895012913,13.629327702078296,5.01144709640102,78.34724652001032,-39.21631652210312,True
1.040437397495211,14.224988115019684,5.012369147099328,68.63724610688516,-36.903778642914446,True
1.0364486881952382,15.865531302078777,4.9495704738634325,105.1001132836237,-45.380930803119284,True
0.9250535554573618,14.738522155431623,4.677672856054168,109.83265743971711,-46.270209490101024,True
0.9910138076978385,14.435674940366019,4.611288665545644,76.3597207475307,-38.70393570705858,True
1.0289910485613465,14.931524665873782,5.452265017277742,105.17313821052066,-45.26787893757753,True
0.9855236933771518,15.487481608456477,5.176560908414685,127.89382319507499,-50.22662258601306,True
0.9936015467312029,16.534717192117473,5.707637006038217,191.56666564447968,-61.27312816746664,True
1.0108523487832493,15.350930673682944,5.120391471117695,110.36815134048852,-46.37845345546506,True
0.9812023049370946,16.960018812919774,5.199780620951694,178.06905379183524,-59.23033402405538,True
1.017859915813311,15.731387954443084,4.728357099277772,100.3391383185177,-44.30705621205534,True
1.0021291196915063,14.702384243396247,5.440593721815122,107.96861200822251,-46.1007455030784,True
0.9901504087506627,15.891052304868213,4.44595651227747,101.0669415550417,-44.33937295939768,True
0.9514736649159513,15.636970777315067,5.193673189362414,150.0449244403693,-54.333226621980444,True
1.0202787735033174,16.162121252222207,5.03337516603553,124.1789721048639,-49.495518211528456,True
0.8795479984982246,15.736949959434996,5.437718831241873,218.91849786243026,-65.3341218246623,True
1.0131146830795104,15.113929579631852,4.960759598021932,97.10425194596131,-43.61909474225145,True
1.0007427687830572,14.51907077593579,5.011526974733339,88.60421595657505,-41.51011293806563,True
0.9593476218170611,15.134867292847268,4.420436221621749,95.00101406841175,-43.10137594577541,True
0.9305259560778932,13.517990562717346,4.432204007050426,69.16824513479249,-36.88720226786382,True
1.0209130068149597,14.837054746688933,5.110803434628567,92.79350779308395,-42.874414298399216,True
0.9876447521343468,13.82036097239036,5.341623119092358,85.3995711343216,-40.89410684155121,True
1.0069315557008873,15.458173601245267,5.08693053819291,112.78687535029641,-47.274013760313984,True
0.9081277821248821,15.834197054225388,4.959469295249393,169.43301965741927,-57.51705377922827,True
1.0238291319634227,15.315519384595747,5.092395949661705,102.1142485095734,-44.86230411300027,True
1.0469830672933378,14.837400307013308,5.0594917498494985,81.94411107723032,-40.04946143477093,True
0.9923667469941084,14.714749501468283,5.1987100918897795,102.54667875735512,-45.029238624198086,True
0.9551545808130201,16.201005194040928,4.711341479481311,139.49881751939367,-52.35762521036001,True
1.0217066503406074,15.986521133525141,5.076779384460602,121.07633449009128,-48.7119130959477,True
0.98578986962853,13.938692195139295,4.696494324308405,68.9292055727677,-36.548795350786996,True
1.0431674889343936,15.25524177665976,5.330992553770483,102.70444410957872,-44.87730299819266,True
1.0010369014066758,15.325201616499898,4.671628233204923,94.79257184162046,-43.31366143887027,True
0.8928860137894299,14.794536033871593,4.9326005213594355,139.87100848283907,-52.378744324942495,True
0.8825453159673463,13.634289706678567,5.179190267619275,120.06033818134571,-48.66760077464646,True
0.9644784341496321,12.945425911801408,4.603865303116836,53.43444931332083,-32.25325325597022,True
1.0226449721246904,15.172246628854786,4.7556780389787585,87.5718151431031,-41.60085843218398,True
0.9753836054500196,13.306853783179825,5.670514436120288,86.59031947728093,-41.4281808911762,True
1.0246066407978653,14.476459295192171,5.282214033196687,87.36435650607706,-41.36587557666795,True
0.9668962237764805,15.68441250111468,5.100391826675,140.5934409492883,-52.328278832052334,True
1.1031311152381558,15.415912013358916,5.19358005911303,80.21224587348107,-39.65612779824227,True
0.9906007546899452,14.403413408197144,4.488697081656292,70.98705165642423,-37.084143693463474,True
1.0134604762909774,15.895475274359363,5.188538504582426,126.98226405563967,-49.895346889844554,True
0.9520724188783523,15.526042351530466,5.586418087104569,169.36643352140752,-57.789286050358925,True
0.979089968776639,14.511954348727562,4.8518318905156494,90.90773772507427,-42.14978638691974,True
1.0246938010925173,16.521154588018728,5.547078548110188,159.80056768361467,-56.19576099470626,True
0.9976901469052935,15.487375542477992,4.8612167972293685,108.53267907576218,-46.07066355384748,True
0.8609191051239122,14.22026604033312,5.036418060358862,144.01059701946187,-52.945421330089644,True
1.0249551516815736,12.94702748156467,4.5982049414613995,38.44522367492221,-27.24072450346977,True
1.0304574494367498,15.223898687411856,5.130736821537137,99.1383994848349,-44.08679817599329,True
1.0365416868807062,14.495096524647439,5.0447241031868675,75.87209053546665,-38.761824616028704,True
1.0549697134413867,15.020966562580307,4.933247423862918,78.74445745763077,-39.39245586007858,True
1.0090376788878463,14.76329615268147,4.74173574217073,81.11875744002327,-39.883939906378046,True
1.1197791930567313,12.801846523623311,5.06757007603491,24.591433928843095,-22.136382539602064,True
1.011679833034833,14.70785314461704,4.8116835796640265,82.41095301592182,-40.34345199664804,True
0.8848747399945731,13.897462763836486,5.331921319183376,135.08168822544116,-51.35319691094212,True
1.0111837588963788,14.491839584334606,5.077790633683967,85.90605529785019,-41.19554968571571,True
1.056041910453769,14.421008984413662,4.854274187013307,64.26952334445758,-35.60148894983829,True
0.9311119135894361,15.063894320330755,5.3001252458383235,150.3081705692255,-54.21909828142668,True
0.9864749119836456,15.299774469124102,4.870733326362635,108.17702205764078,-46.13774226395435,True
1.0606422635245742,15.461354940524082,5.2917671632330485,99.49972748094304,-44.38403780269034,True
0.9717679340086085,12.602128047395226,5.035335471671093,53.23979282746725,-32.11984510181519,True
0.9881211933001033,16.42123828288469,4.427644700314651,114.20518784347045,-47.20051644462819,True
1.0390402025395324,13.368069195594295,5.1763986180764245,54.186424854783375,-32.66941127697439,True
0.93589743883927,14.986548949348743,4.984075176434777,126.5684302450011,-49.917375727753075,True
0.9994121183092267,14.171428847263071,5.166480305935086,85.39815335682152,-41.04222266866568,True
0.9514129747141432,15.295526986301194,5.064712112185884,133.56017961168138,-51.42511937996883,True
0.9865920695840117,13.170518337007842,5.066668628061078,62.64161346061176,-34.922511209003076,True
1.0118395721935287,16.549238746771294,5.012791439399448,139.15806771875708,-52.29174275953265,True
1.0530156630706804,14.640691720788238,5.864798753216452,100.9822647574835,-44.517854422583675,True
1.0156232389687578,15.500538617000608,5.157765390377563,114.68132692856966,-47.67660467058086,True
0.9717424522095411,14.199391174291584,4.469539700298705,72.42654428083983,-37.74015490930955,True
1.0598609102810483,16.66089131048771,4.547649350353461,98.0302519858017,-43.74202460283964,True
1.030768162307943,13.627917040235246,5.129999901868883,60.96702824232071,-34.42569465693781,True
0.902917472933928,12.369011672861363,4.828271613495788,63.87387230771288,-35.58414429707753,True
1.0418983207894377,16.362910858695926,5.322033792236293,135.06057668372512,-51.35677513835163,True
1.0032457862521076,13.823818075929172,5.096874967048549,72.50498165426849,-37.636620182860895,True
0.9983562406757793,14.930095397210158,5.113021468348339,104.00434156073202,-45.1179119696732,True
1.0595214832444686,16.558385317849197,4.72388947429615,104.56697963885222,-45.44817699252841,True
0.9897844872910152,14.594710332829424,5.172352949536579,100.29778010103477,-44.477723904108174,True
1.0447074509547367,15.260292387170095,5.0516675502994195,92.89814116908383,-42.73257638426193,True
1.0638694782790301,15.814969899846,4.719075474316767,86.42438941539288,-41.222793871793165,True
1.00311083934444,15.030051385372772,4.7202806630070056,89.14244820924858,-41.64365852872479,True
1.0223682059486716,16.301109452927335,5.496845742639301,150.8059639579969,-54.550467375223114,True
1.034700295279916,15.705394347964061,5.170403754290232,112.30882644236456,-47.12931540232912,True
1.0231240376304238,14.105975289842544,4.885255837148452,67.10528193989003,-36.42891368590059,True
1.044467087873832,15.73176139169347,4.83626848866525,94.84080621484033,-43.197808757031936,True
0.9477800575771094,14.965637886375745,5.003140030453679,122.74331743899108,-49.26098349303726,True
0.9679294308290528,14.970434648869325,5.086542455422701,115.98002234290715,-47.67009180951463,True
0.937021047181003,15.332418102330141,4.595677749436543,115.64463822838157,-47.84598125983598,True
1.0843013530927585,15.92054635941941,4.9625455261209925,91.16700537926685,-42.34415469763479,True
0.9162126720067503,14.037322661955217,4.385303860879471,83.31878068413043,-40.49746402478494,True
1.0660357300020369,16.305463985649357,4.992616251736133,106.9094465685849,-45.657401124438884,True
1.0236130981526153,16.243911341767376,5.437164344665187,145.56984105942317,-53.305411301733855,True
0.9561895832195181,14.367625905279558,4.609640617238614,86.37615624854331,-40.98248307322015,True
0.9364318716143802,16.75863221612313,4.958033091613044,184.3989279130138,-60.12117880558272,True
0.9980995167496727,14.826596020513355,4.934832063314227,93.59010243518696,-42.71710451296262,True
0.9887782892119967,15.567279808822077,4.662707399107503,105.18669388397018,-45.1949166407787,True
1.0197748333303367,14.538337000882734,4.864090689063195,77.57658630741425,-39.03454838344081,True
0.8900270064823879,15.819496816300463,4.603601775897629,156.00760728592795,-55.18058077279863,True
0.9905718844087472,14.555045499976098,4.709667322610969,82.52153436051977,-40.077503292522174,True
0.9561718756684529,15.159737362752919,5.049116113663146,124.57066442965835,-49.4261921363436,True
1.0638258731376224,12.381268521755397,5.1162211220521945,28.76861711387078,-23.937558559473043,True
1.0204652613024832,14.52816840963707,4.901222366280635,78.70994755407418,-39.39979839275019,True
0.9746246003584863,14.43478477052935,5.402581959091666,112.12478223463481,-46.8121759573391,True
1.07106467598604,13.108619804514383,5.219464986511495,41.76045906923051,-28.45043998224863,True
0.9782153720751642,15.768435170431113,5.590363198724596,162.56751154126385,-56.389770577235126,True
0.9947970892460408,14.614380032262414,4.9644603699483465,91.36714891541989,-42.30392484112162,True
1.0135289205441846,13.181981158057674,4.685331639174422,46.803456579189834,-30.104688624725238,True
1.0454624293888553,15.60163762319848,4.94334532894553,95.29689238045428,-43.359694578127865,True
1.0005943542398097,16.089494191348837,5.604722006229277,164.0404795820221,-56.78885587875617,True
1.0710196162128371,14.865536037988617,4.699251468818924,63.59939339581905,-35.31744891325874,True
0.9799099422448759,13.490300194768542,5.254784812400903,77.99260385116334,-39.36004893169354,True
0.9509540855742004,13.116097659951848,4.691157119282717,61.846696547202534,-34.746436480186574,True
1.0796279582775417,13.775444551668254,4.890103105362393,46.05666559303616,-30.183260358462167,True
0.9843289001729487,14.170267433671915,4.849887659061018,79.15145174453878,-39.561547501161975,True
1.02966288806792,16.709730385217984,4.724801388519009,119.78208538517258,-48.48333447542314,True
1.038414798126219,14.79587562569823,5.233885863122088,88.846990605543,-41.93426187889141,True
1.1041356303449708,13.727397389494941,5.431885087208419,49.36544232079304,-31.322733971239803,True
0.9851447030956256,14.385045184434142,5.270696496205768,100.18124827741318,-44.253603200495085,True
1.0263835168018187,16.07064231180536,5.007993808725737,119.01121399988173,-48.45941639641769,True
0.9608506302566185,15.555172672649597,4.554011808367647,111.37622080055147,-46.6842827866253,True
0.9759385612529101,15.046690914216802,5.038959488303742,112.38111897094731,-46.727806672046775,True
0.9621105250286015,14.831386285200303,5.187609119687476,119.09333584420644,-48.350554108662514,True
1.0423474889055122,15.003686491045041,4.97242091583057,84.08063973128273,-40.844344097143484,True
1.0459905090673212,15.155841824761525,5.398466786515582,100.77438202063506,-44.38189440367107,True
1.0184430323433245,14.805772391143321,4.940997646939621,85.83495265598195,-40.85361285443674,True
0.9612127753819015,15.1021643580469,4.820170443713909,111.1687814850475,-46.91437261961726,True
0.9674532208475211,14.699348981688786,5.296142303226839,117.11733407905538,-47.98354097236672,True
0.9649073291324756,14.14432753248723,5.260023502589623,101.76325275045203,-44.44316772503279,True
1.017845895737657,14.736482512469685,5.449437973010659,102.31814125438737,-44.700312970870314,True
0.9209490669107081,15.33014994044724,5.156751615687662,156.83073676179382,-55.68562060051496,True
0.980165987427353,14.272443936161032,4.758614275254744,81.24687016106333,-39.97799044210299,True
0.9330450727214217,15.420986878799704,4.222671359341627,102.21401107904516,-45.02524038038709,True
1.0253185156447089,15.829682430955677,4.483194773317151,89.69506267023283,-41.86892224451131,True
0.9504445444415803,15.341175112327821,4.825789612559749,122.5187756320852,-49.24589628250715,True
1.097906165498968,14.438348346650578,5.397954950198523,65.29888580897396,-35.91466059470192,True
1.0522681108252863,15.096012922764439,5.367096901174797,96.72003196742179,-43.68420396764796,True
0.995546258342949,15.153477469089745,4.878680231541383,100.79663042265726,-44.6072815608392,True
1.020672852036407,15.199290413417705,5.244060167278544,106.30537267138536,-45.42593034179712,True
1.0234195434071123,16.490012987254783,4.587138986787536,109.52483869141281,-46.54475569831034,True
0.9519879941280135,13.841938942438766,5.372391983783661,102.21671211075858,-44.59930993225188,True
1.0619083907153797,15.206829846424535,4.915793169025092,80.66467997224736,-39.967593690053185,True
0.9952150144457801,14.599864197668804,5.1941651830074,98.26407062568143,-43.88818683561713,True
0.9616041979965121,13.754337864180345,5.1614226838718995,88.58351176328162,-41.8701257762248,True
1.0270793415044506,13.742070140103511,5.13957943983913,64.56878934519962,-35.570760821303494,True
0.9438587206501909,15.877363591581712,4.639928492997844,129.99165394024072,-50.2898223114618,True
1.0327916928058138,13.595849160715526,4.823876835742164,52.93921749773921,-32.291757927380736,True
1.0171509379357135,15.298718110404696,5.316398664386301,114.7743694399396,-47.55246046127212,True
0.9674992787261095,15.131473930862093,5.152314948495659,125.65997367097671,-49.63665441921112,True
1.0478244986914884,14.141918759328968,4.675695280660946,56.02044376879555,-33.19514999544354,True
1.0352652756907286,15.83607762957555,5.112844537810975,113.45637278716377,-47.28081691978642,True
0.9839069791720214,13.818458526519397,4.68610354158353,66.96092468961271,-36.01496007094568,True
1.0269529471851386,14.450922915736248,4.620551861245843,66.0920347600149,-36.10032534252533,True
0.9333910303365549,13.908744644444461,4.813826732148998,90.96013537237621,-42.01516962174219,True
1.0245751167848605,15.76486061901821,4.9711039858015695,109.33853449152963,-46.18185033022918,True
0.9270501545601799,16.183544948868203,4.639344097580981,147.12257979899692,-53.71229751277356,True
1.006419674937203,15.248586170932482,5.267446186959344,115.86736689201287,-47.71850599239581,True
1.0344628413559476,17.539261321152647,4.78719039239715,142.2595942114661,-53.013260559750414,True
1.0169209873868723,15.44573370960254,4.990376206322088,104.0995780964787,-45.20987261311409,True
1.0776688495005968,15.632195719221157,5.134467196736642,92.07678594426382,-42.525839416977455,True
0.9603300305113558,16.00652162363964,5.553882160689108,182.7005853954743,-59.696712208851295,True
1.0204365603109056,14.327664151941693,5.178023889182724,81.86901801735401,-40.29375533319088,True
0.8933802935892661,15.408332763605122,4.908631922029318,160.1929617927261,-55.890226113163756,True
0.9743909560216505,14.03304954865085,4.703940801957096,76.0525572705552,-38.520128854227146,True
0.9848673764662975,13.6818997990379,4.624436982445565,62.49995218766723,-34.97312301466656,True
1.0783680798105528,16.09221201974433,4.705504323756499,87.74174111191094,-41.4414605954823,True
0.9988194485134118,14.150024606159244,4.955157187920119,78.64844944760306,-39.03825408516338,True
1.0456552243623802,15.183400163709697,5.361730196759906,101.65744760320005,-44.70498860602844,True
0.9547797792089996,16.631544220929356,4.9613900841686345,168.896153637783,-57.60126805681826,True
0.9833542417463895,13.18896577337615,4.831956650509733,57.92651997914647,-33.541221433536585,True
0.9581636608728308,15.651176548685763,5.034213601330087,138.5311516458908,-51.90749972103542,True
0.9503089058515664,14.978116204690107,5.494484586514715,144.62347387798573,-53.10527796247145,True
0.9537380087025289,14.929632808662028,4.773554957448512,107.42542377527812,-46.01521587198519,True
0.9693032264883473,15.059585375635946,5.137440372176991,120.27168248897966,-48.497994198396455,True
1.102136877574753,15.017501623951421,4.8911922620987935,63.62828392746372,-35.2575579594369,True
0.9970754976135594,15.523292771517951,5.060308671080065,118.86000858181603,-48.1289984467301,True
0.9323609495850964,13.948677373581553,5.191607589670922,106.20043409341842,-45.81089031109511,True
0.9737856849963563,15.502154549153419,5.412228098835683,147.24146722137843,-53.52187422600347,True
1.0508271151120336,13.872424984330593,4.9833985761462385,57.05167184382471,-33.56432914939064,True
0.9649141243645393,17.103899302681768,5.340202295564993,204.6996365483363,-63.59833406452325,True
1.0743810137586554,14.895001661849097,5.121590746205932,75.97611262056556,-38.47343880413502,True
1.0514817242980568,15.179425079324151,4.611076995153199,73.60307477117286,-37.838561161961614,True
0.9902834353125645,16.770796104808333,4.941265729060798,150.70050486885953,-54.49101985638679,True
0.9672006224014612,14.225393034116184,5.697335420585318,119.28967613421291,-48.600541650358956,True
0.9524604712538817,14.988753738201169,4.965707160460097,118.84924031352797,-48.35511261293606,True
1.009619937993467,13.589952565796722,4.905605871755923,61.3664706901854,-34.90420449065461,True
1.0207490005065523,14.029866403346858,4.904854206881914,67.54162121087911,-36.44034354811708,True
1.0670006953092124,13.576026941185264,4.860347454829103,45.36629953173138,-29.868649800832827,True
1.0178399942690501,15.79820637240233,4.587110179608991,95.60797095623055,-43.378990762566715,True
0.9823810587467635,15.569496323647801,4.310572130267737,92.30692065332326,-42.40150605086118,True
1.0687181598159143,14.56287680648336,4.767937532150847,61.07328998722892,-34.654850295385096,True
1.040963331651337,14.493302170810688,4.8945604309119535,70.07882220063237,-37.23494260759507,True
0.9656170030614524,15.970665567777619,5.165172331044411,153.39312906718564,-54.768944685475965,True
0.9958453018352701,14.99495246525943,4.889001533813047,96.6970517316525,-43.44769177701426,True
1.0330229546081047,14.132737932898769,5.038031068684939,68.83789467146292,-36.85919007300827,True
1.0152445834528436,16.073167143458594,4.645457580551302,105.06772644584964,-45.57354779887506,True
0.94960718101275,14.85855581953892,4.485576027365524,94.26845713386446,-42.8937523586062,True
1.0087932326118092,15.677284167934008,5.104303473358533,120.39067047110423,-48.476746344445644,True
0.9662180032517165,15.071796026439166,5.1953085768065375,124.44932754372407,-49.35948413326446,True
1.0031749245224275,17.077732488768504,5.294606801012346,175.81863734703234,-58.88647703493748,True
0.9350167584573496,14.793157195728881,5.361303853035548,141.352054708983,-52.88611540099861,True
0.9554546764726591,12.991525501803729,5.39557174363766,76.53739050080843,-38.89952293176787,True
1.1049319837689142,14.772160443975457,5.206148003245383,66.8496083272157,-36.24970696105152,True
0.978688118080422,15.26639575592701,4.8288222611178115,108.26221243912516,-45.98964387941035,True
1.055672829420123,15.459753138401913,5.084873623970772,93.85840391991538,-43.033280015780214,True
0.9937066822807622,15.808754895207917,4.903471611463071,121.17455461808635,-48.78107123998442,True
0.9398540329762256,14.419143496786923,4.931028157183754,105.99166576187359,-45.70161128345264,True
0.9460013377352358,16.563916152304778,5.1175311660349765,182.24161783408823,-59.91958820695622,True
0.9603519170196166,15.964834463819983,5.379745872881939,168.35322823248347,-57.38071378648894,True
1.1072866967504018,15.130939212273857,5.22816871298832,74.00312508537068,-38.131382960559456,True
0.9884443060289391,14.306010699170534,4.997537685797285,86.00274431313242,-40.93920373063951,True
1.0090532842743793,16.9279762920396,5.0295559928032265,151.90473386475387,-54.58270756315504,True
1.0340893121463437,15.729211324875592,5.108089005814195,111.05127183636273,-46.74244965993282,True
1.0252295760101944,14.50774830916143,5.353485613392991,91.29354283297583,-42.287050673305245,True
1.0432494798309433,16.402092761351717,5.556870613678747,148.57313472400048,-54.2011320285019,True
0.9737291289768545,15.22029633977049,5.038979054144699,118.26720870378297,-48.1032802356758,True
0.9408081328256418,16.50926695495435,4.93895705551785,169.57716472860628,-57.835079729905196,True
0.9527724781297469,14.156915351879126,5.047340826848816,97.50790021364588,-43.66480387967726,True
0.923406803365333,14.799560524136142,5.309458962931583,145.3649927864215,-53.55685656422781,True
0.9739913466551391,16.381980475494302,5.156307373915111,162.48331821592487,-56.255457594320106,True
0.8136929362490515,14.331154920784185,4.8466705300813775,164.75636493305961,-56.8244460423714,True
1.0362299311056027,14.746542347986743,5.0037237517030935,81.78059358699083,-39.967673211043575,True
1.0286046347384763,12.262286565565883,5.004806572423713,32.71784321906623,-25.144522716926083,True
0.9512265664770236,15.412206708122886,4.805960338838315,124.17670835056066,-49.438587794542705,True
0.9311569112865684,16.15417782397558,4.802435769484358,156.79780257298336,-55.652263809270934,True
1.0763960055870347,14.078703797004346,4.637306552532677,47.12780339971138,-30.413401714360706,True
1.0483242790595295,15.447571259244922,4.955747251276872,92.48354515402723,-42.57105320317867,True
0.9871310271061479,14.458977774969052,5.339334851158463,103.37117470049412,-45.24200477349165,True
0.9662441825515244,13.490844122950854,5.305663845950064,84.57588008034091,-40.570009074678616,True
1.001901960229301,14.674668950460925,4.992132570332163,90.27255603492112,-42.03344351056861,True
0.9279552636422091,14.425352376616793,5.535078695086015,139.97382792228268,-52.535028679619515,True
1.0146483373756212,15.127391297352988,4.983590224470363,96.8669558788714,-43.66550376771006,True
0.9398942020178943,14.6941555549333,4.897777319764417,111.42311054206414,-47.000184085197354,True
0.8804562834628309,16.337317918319382,4.406801140728686,163.78970068032848,-56.72996763220498,True
0.9593083624807494,14.442309685191425,5.059762764439401,104.68180817374272,-45.35441314241841,True
0.9492458177579801,14.870606404581622,4.731310257975408,105.4940512586103,-45.26989398872878,True
1.090345743303967,15.239538789257985,5.435625112510346,88.16908675204239,-41.5464679698926,True
1.0837349088325656,14.94902208971701,4.626996717066808,60.56613426874349,-34.44847398363255,True
0.944183772134453,14.464486525606263,5.3861210409969145,125.44751275985004,-49.7093383825589,True
0.9949953968976377,15.051344621503146,5.061445489584917,106.62927180608747,-45.96754754815259,True
0.967184771134075,15.524675786988594,4.655290737267963,112.79754768297224,-47.18339010648409,True
1.0918902843015976,15.898689134383032,4.501630104465243,72.99087509964414,-37.734805533412434,True
0.9089909604935599,12.882116321977922,5.111069731075543,83.5656340717076,-40.32028678933864,True
1.0232559974478215,15.506609255149973,4.723727822778351,93.13496689556399,-42.794627899886066,True
1.0638990781428543,14.325509695254945,4.408707558095513,49.675771683935515,-31.313295722067874,True
0.9727163229496084,16.157981853682045,5.59382259202509,180.58014534371657,-59.52280032303861,True
1.0011802258710556,15.932353224996588,5.260512824330833,139.06128267377613,-52.01707043480568,True
1.052654804411922,15.925595246285596,4.656586826201853,90.6017926335942,-42.19928612644222,True
0.9446532965696183,14.416317137774497,4.454794834707139,85.85814994934638,-41.197675403278254,True
1.031827146576792,13.607087796786107,5.35426705876379,66.19688529994352,-36.207694469957715,True
0.9225791860707333,16.271098743451766,4.593683414379833,148.8702489003072,-54.249945790743496,True
0.9202324797233423,16.168920899826496,5.029777931893095,177.23856050863105,-58.90960607559512,True
1.0425300874425787,12.99637101109787,5.131285777409838,44.76295576113268,-29.48465676933354,True
0.9516521019891613,16.375126317056278,4.845659869809869,152.59973082064258,-54.86680232448476,True
1.0089668867325967,15.354876258215471,4.706892604578756,94.65439341329952,-42.98003131734011,True
0.9410936445195106,15.131950695563201,4.429435885767483,101.74073333785242,-44.69644884398961,True
1.0140303312824408,14.177571409919462,5.137707192296153,78.84240912657754,-39.33925071019422,True
0.9170440021660256,16.014343435230234,5.714161427658643,225.2124730131005,-66.35772476012221,True
1.0647818857375886,14.540021987951766,4.655781156783855,59.12270091182806,-33.91962253608912,True
1.0406711435041718,14.535368506636122,4.70097080004009,66.77711908272848,-36.16981384483448,True
0.9699357671943867,12.863858852562679,5.232509232375431,64.32744644261895,-35.33841091177105,True
0.9068494219355755,14.256007403336222,4.2686797293625025,87.5637690897041,-41.29341394926897,True
0.9897654136850951,14.008046718992288,4.763099574741361,72.18162073721417,-37.52360038956594,True
0.9820831530578722,12.923104341016614,5.062688688674073,58.42135875133143,-33.93276403477631,True
0.9727809491366676,16.558867881748114,4.751634490746651,144.17022633038985,-53.18095969107337,True
1.0525315225631116,14.875226959779177,5.155496253101428,84.19983278669346,-40.79589327452444,True
1.060676464943705,13.57430499302496,5.123999417729112,51.691947061362434,-31.700928418948866,True
1.0213779533667702,14.036192053125042,5.034462690631911,70.24639347619276,-37.03934209314448,True
1.0745295327254416,14.419183028413496,4.772313063488694,56.874938418180356,-33.19798181600476,True
0.8598419031353065,14.403705628622765,4.876925304727247,142.30338430871416,-52.80478534874017,True
0.9847956184426904,15.800601731248625,5.023499237721251,130.0237217817085,-50.429026646659345,True
0.9824119983878111,14.730735682493627,5.063205858159888,103.05757590137645,-45.172262985382474,True
1.0421050519998878,15.098607844660593,5.428147816773473,102.62022945955746,-44.64331519630993,True
0.9840784797131026,14.735260637427212,5.218776422318403,108.62137821923532,-45.97526329273419,True
1.0277716008111037,16.162884558801778,4.887021981436937,113.85665732912278,-47.03839265822619,True
0.9759190537186727,16.377643618993833,5.169422842014774,161.24664690444703,-56.45132519451035,True
0.9662984541042583,14.86620113571071,5.189812117332473,118.20098225401053,-48.020117532912884,True
1.0400535870344834,14.05377212806505,4.803249222815477,59.985083206338466,-34.52615101027334,True
0.9999084030885611,14.890467995213076,5.174566530954294,104.29937788555426,-45.18747338662478,True
1.015355530108354,11.889998358444217,4.929317751397586,27.790613254525837,-23.45759760738385,True
0.9379852438790074,15.313574635347672,5.087582986989753,141.03016733180718,-52.60575023935737,True
1.0338916490304884,13.641048584869996,5.302770768851647,65.13340617674349,-35.85120973850148,True
0.9461460417910242,14.778987166667873,5.307797113098094,132.40222747919432,-50.82894829415479,True
1.085658232575107,15.471616885780673,4.739180127538705,72.7784999082302,-37.76568133885053,True
0.9871753626532865,14.429707443480922,4.665987541116783,79.11395879171184,-39.20931362744133,True
0.9792985328842139,14.56155594800175,5.533372000372227,118.1094889576682,-47.94797540572243,True
1.0446093691960086,15.257985904690003,5.5348028459574445,109.99059061991922,-46.4644607963783,True
0.9974147061810403,14.441881257139048,5.219750239980266,94.97777179567069,-43.17509866751554,True
1.0358747874070844,15.924376158928403,4.911099272714931,106.80018986464694,-45.54825662931187,True
0.9850548568446778,15.772910552394963,4.911992124257098,124.02808599442209,-49.25053375099604,True
1.0356762172449006,15.567360992562783,4.7061186436794635,90.25191185996361,-41.90773737551762,True
0.9961779632475831,14.36969944214908,5.065188318340828,88.24883469661812,-41.70085843723489,True
1.0433425836661776,15.573470902145754,4.963302431740905,97.31530034105869,-43.57791456759832,True
1.0575373165960116,14.25705060068048,4.971750955830894,63.07011782862599,-35.10765592488552,True
0.9207720293061614,14.912737047603546,4.654911485766295,116.44785807142509,-47.97574275181102,True
1.0178895534494248,12.36420122806199,5.286128725160573,40.642708868615564,-28.32593723092601,True
1.0914817047890342,16.15719414742211,5.134587351127477,99.9168562122024,-44.427594959191836,True
1.030889118632493,16.726865274333726,5.136921106351749,140.7241772173408,-52.306306350026716,True
1.12192417664227,15.224804746767086,4.464214910060903,52.66930715003407,-32.128822100620404,True
0.9535906209846896,13.418387931302359,4.54477861422311,63.27598900095785,-35.055973176245246,True
1.0128937162083747,14.78232566415798,4.670230924347443,78.61214648255574,-39.31748184160959,True
1.0243827610738243,15.071064105117514,5.232049932984743,101.32520568453248,-44.40423225056524,True
0.9736565256928964,15.016025357975076,4.853242852945369,105.92208588595307,-45.584218315459104,True
0.9382180294849743,17.541004126581882,4.689654463503227,187.0515999664092,-60.749900005070195,True
1.1084903513928077,14.755448508634773,5.196189699502984,64.23419477024045,-35.2577358055329,True
1.0561102094921193,14.422654924983856,4.902771179981747,65.60139088244141,-35.89636002671789,True
1.0278935021019011,15.162981017474305,5.111910818920983,98.5410423251895,-44.20222479122533,True
1.0023936361163475,14.857243141846235,4.694550143383098,83.6351411582373,-40.70020342235869,True
1.0070193199367534,14.250546738665733,4.991909315344295,78.28145045916538,-39.11592582874809,True
1.0314015363666242,13.238251005058142,5.400598498064896,58.78591062703285,-34.03412826658348,True
1.0721173524900818,15.732360173060425,5.37195832700799,106.08530684668521,-45.83734523782598,True
0.9646552679242323,14.135788555050366,4.7620976224317015,83.35387100968248,-40.51514219692516,True
1.0052824229627244,13.99355177690762,4.917273143409624,71.45190814847072,-37.53439930802844,True
0.9815007897328702,14.18894804196747,5.2435945725909505,94.36369009640386,-42.805006843842364,True
0.9471552510594766,13.538085967077519,5.0265567137130045,83.29859173008387,-40.63323881853942,True
0.9693152921212582,15.656029472201775,5.105880279516321,138.46588829467473,-52.19706554327541,True
1.0108142640325395,15.522462294213351,5.415130864921456,128.94474543517873,-50.21415164910708,True
0.985035050236789,15.189960291791476,5.0653359933840925,114.70335444560007,-47.412773160620986,True
1.0013641736041528,15.709769809363259,4.821873411451282,110.56668261464145,-46.536414464553,True
1.0362318941066542,15.431638160735602,5.376806602882407,112.48290689584977,-47.112820658292236,True
1.0577539958627413,15.587785151958759,4.753196957335653,85.2605744033277,-41.09792240345542,True
1.1326904981083952,16.824448122556365,4.993200475398752,95.45933029135423,-43.45236841549668,True
1.0385621496950939,15.981767955084763,4.826358194438297,102.91773223553821,-45.04845533931957,True
0.9691551403140288,15.175726399039629,4.642150778065757,100.93383167538119,-44.41646437737622,True
1.0551363179665119,14.06629728896679,4.96943635587605,59.81619665455103,-34.386696688993936,True
0.9841056054201215,13.40407699336471,5.018123971012476,67.46565030799218,-36.18313326489064,True
0.9650409965643166,13.240551826473519,4.924687848775441,67.00234708236059,-36.07102874553697,True
1.0311408279048933,15.946337985254717,5.300130591148464,127.5775574049235,-50.18907262523067,True
1.0706870347433395,14.442090956999548,4.772034815163121,58.26880240694152,-33.845122177978126,True
0.96972366527133,15.079261268544949,5.1084538979744405,120.66258308127358,-48.428190521201124,True
1.015770008529846,14.046967816324543,4.63625119058056,61.25021280748931,-34.77667933941433,True
1.0228175154907382,17.205509913678966,5.71942093431505,198.76158315966458,-62.687834548619236,True
0.9525717869305222,13.204127600622364,4.803304796461993,67.33221715933044,-36.26695120015049,True
0.9284277922582826,15.138641927083622,4.514049998170043,111.7624548471433,-46.96267833072766,True
0.9298572971435279,14.64139795303785,4.930068457090627,116.72527192395962,-47.62601891303492,True
1.0639424662442856,15.018341858624122,5.068000619381955,80.57593510726223,-39.843694218374424,True
0.9768073892330663,14.679384459828821,5.264844645827531,112.2691280305552,-46.90101771131408,True
0.9684860856714284,14.108591369355148,5.321950439097605,101.11107067058168,-44.68793415798443,True
1.0159226881920946,13.88190871466824,5.186820599094651,72.58627495720985,-37.836454063306,True
1.0650406876451803,17.048439896159593,5.25227780653909,142.02864189919674,-52.99173984950679,True
0.9417650371254986,14.70212578542227,5.3310963237784765,132.12210056183943,-50.87683323729235,True
0.9055907439089095,15.342221567682127,5.074217122422897,160.17446588885676,-55.842471571496866,True
1.0737788484602258,13.406027104883318,4.771225960766644,39.21902957790039,-27.871955146872416,True
1.0256897073593088,12.883027082869823,5.026728401735985,44.905561002587326,-29.765206075294397,True
0.946364874229314,14.323355453223623,4.7851504675877,94.64668698469075,-43.109375724439666,True
0.9780847396982587,15.87307461790586,5.314764668923754,151.96469862084345,-54.44028651276714,True
0.9498817056662812,15.028318306823607,5.36059437004411,141.35132496236804,-52.88623652076874,True
1.0319971295854071,14.460072899709978,5.3787942908080435,87.50262256749015,-41.566117399504456,True
1.0511414225467903,15.429813960351222,4.654867387194843,80.47485637061004,-39.89921254104601,True
1.0334641092196704,14.449666534123102,5.318539772531999,85.09575607866297,-40.95548362047213,True
1.0083206542699585,16.376617622043693,4.828009389793913,125.23653975334983,-49.73983218690179,True
1.0189049299920654,16.41755574680011,5.1106662708013335,137.29010891221725,-51.90585018436991,True
0.9629161501690591,14.42274268083101,5.248217973750373,108.74973447633141,-45.951493615494165,True
0.9777915058895545,14.22328928157896,4.568788804471047,74.30720090066674,-38.05382853023942,True
1.0002998853146337,14.92674958501252,5.258704550782417,109.22217583888698,-46.47994454582726,True
0.9861661412791196,15.426674040255,4.535744283665625,96.28290345097479,-43.60099430980504,True
1.000028154953366,14.726200807046464,4.940217239388291,90.4059264444625,-41.88435829404797,True
0.9191218039068856,16.045984861216443,5.29294849295481,191.1602820071779,-60.99935136425407,True
1.0440616023078488,15.265526312805624,5.398083924277845,104.55316221114238,-45.14153996034882,True
0.9463937968560766,16.088277847672746,5.242570175016651,171.6963152807166,-57.90231158438493,True
0.8945926654209164,13.877775121934178,4.83064631903597,106.06957346938015,-45.425171720118044,True
0.9642346197885845,14.40737699589054,4.819995051009275,91.93171978097105,-42.309389943238166,True
0.9892179531578651,15.533162215769433,4.957246547239408,117.89864949267229,-48.036665250195036,True
1.10088347771099,15.052916622351578,5.016154336021212,68.66825655274049,-36.89688743272437,True
0.9755576997284942,14.812347452339077,5.26260100398012,116.8102203419341,-48.03862863821806,True
1.0104862484190285,14.480880692632416,4.980717408921864,82.548104255002,-40.1809680300514,True
1.0160343210410572,15.086734859575836,4.861513643262304,91.56023952057768,-42.50913024712007,True
0.9242561596435384,16.428246225934405,4.892393579047987,173.2452486521478,-58.09265779733099,True
0.9947373164840797,12.99088466261842,5.340728541461707,61.91441802362214,-35.098068983455725,True
0.9867777847843935,14.848027302412248,5.0168569332638455,102.42786531473477,-44.67574224716637,True
1.0041828618076476,14.891546726620582,5.457169916552285,114.76903715247286,-47.43915701300934,True
1.0211529424419576,13.912560852072113,5.285223271621948,74.40522138679424,-38.15336319856209,True
1.0425399306013559,14.844007185550197,4.84304313833621,75.59495607801097,-38.36369433086721,True
0.9571768715896737,13.360570093050574,4.865267508964603,70.86234591899115,-37.06178819469811,True
1.0241601496086168,14.415820521998313,4.967551635970134,76.51121736192691,-38.51225831830441,True
0.9635772838692612,14.731517791725084,4.958975127340648,106.72328299528277,-45.692692797102765,True
0.9544888087449998,14.994805956545004,5.3468138639626615,135.21444850998842,-51.330695167798524,True
1.0876288797677436,16.875166642740965,4.837865858333428,106.13581617316594,-45.41255406225408,True
0.9093377197521157,14.183834448688085,5.033534539361815,117.35198255128309,-47.779184990675766,True
0.9741680086942481,13.675437972852462,5.1005656373249195,80.23812200382856,-39.537943332535725,True
1.0111153048566033,15.992122513553603,5.211655572076593,133.45708158705074,-51.36132366033314,True
0.9700266718719394,10.537031472919896,5.141722490463165,15.457483744957996,-17.632505160330805,True
1.0075167857291356,14.38094962710858,5.118705632426486,86.12887457002171,-41.26766335305681,True
0.9328563463497983,14.674329219217912,4.856702393253832,113.97336630850614,-47.50737948230298,True
0.9077382822420224,14.058795728535149,4.886183430270928,107.61295004259725,-45.75417534737493,True
0.9562815600810236,14.905109279473653,5.074370462065919,119.3603813903415,-48.52920737392976,True
1.0076063322442297,14.351484488879574,4.943339665584499,78.85740065330648,-39.36842539291352,True
0.9914224957799529,13.258545380282865,4.7202660175534135,54.80200692165318,-32.61504099471879,True
1.0318078436258804,15.618098467041246,4.868144449057254,98.66984030275641,-44.040989697023136,True
0.9287659211953921,15.656823582885297,5.051395595295239,157.50367925073198,-55.78041497980199,True
0.9712189690410737,14.012555039399187,5.356422048861349,99.02191004031648,-44.224368891805454,True
0.9964027857644703,14.458801321080918,4.717568218742741,78.44997351385295,-39.47324763142949,True
0.9515507875103753,16.856052086752268,4.669743310724567,157.64866437653055,-55.55430989770921,True
1.0068987946646857,15.448462253212636,5.228125033421477,119.24968071663952,-48.45276237202862,True
0.9859384268111024,15.000200029458833,4.877405425657734,100.61605760404736,-44.642239979698054,True
1.02434187411293,16.617455419504537,4.745847884177152,119.63100664102585,-48.51080333799528,True
1.0144385409595231,13.378348352307528,4.994444593476201,56.766477148995754,-33.141330852308734,True
0.9073280232897981,12.967090988116365,4.730241234040846,73.65606752995667,-38.06330933407549,True
1.0736279719025046,15.166906509270339,5.661243172197954,100.98598219087572,-44.554852150534714,True
0.891384872865906,15.84010051971872,4.767759907224282,166.1130900258151,-56.94796971700151,True
0.9224052617788431,13.289301021220057,5.057093823336165,87.80662272569437,-41.30014766990979,True
0.9962527013331756,13.700399806596025,5.155373582586672,74.7123517548997,-38.36195149627816,True
1.0147981755559572,15.793065244683614,5.284397807703373,128.18042117406534,-49.952346982845796,True
0.9858860351024851,13.847719996093073,4.676482926122454,66.99151473355865,-36.498468060900905,True
0.9729002375982901,14.743817386954543,5.136154779935798,109.48866604604642,-46.54132110258398,True
0.9958890355361603,15.209890884052657,4.507408179879659,88.03547569002389,-41.36232277291169,True
1.0263597895043235,15.954859293949948,5.092735129879633,118.19135811799664,-48.25002115511372,True
0.9426738663562733,14.69356318127496,4.982667293763322,114.74188934971814,-47.632439751204004,True
0.944285364559184,15.492398431955989,5.225492698445349,152.03920535744479,-54.639482868708086,True
0.9567225194324065,13.760471374978568,5.0781424435678275,87.19632591856393,-41.42406580333728,True
1.0660041685581438,15.58887196853664,4.966621115231187,89.69642129352495,-42.14924948873872,True
1.0186466151235958,14.091241433609158,4.989515773371315,70.91689990584972,-37.272013681781495,True
1.028619025394743,13.61934852682826,4.56343882617849,48.987043817850676,-30.817565269337464,True
1.079551566975879,17.065194214683835,4.755700769516917,111.33815353047268,-46.748187130427645,True
1.0393703322391186,16.829994028574813,5.456330079490886,159.34498150152893,-56.12930331991632,True
1.0078218104634502,15.148128682344435,5.0613750274152265,104.02655689041815,-44.98813139518136,True
1.077915589579361,16.547123365878686,5.204567822070731,119.49727236731866,-48.4085495772645,True
0.9514165298348675,14.674246794034064,4.8148031657155155,103.8059301522979,-45.36814804763501,True
0.9867342531525253,14.863980611671302,5.261240298876446,113.31062876981791,-47.20128926578665,True
1.057812900211764,14.823464136300737,4.916234751427024,73.56338074143349,-38.05359657794926,True
0.8903019418502263,14.086610400363845,4.568947230295097,102.59770140777523,-44.93749240823897,True
0.9601616347552211,12.655879940137346,4.975282411623114,56.61976749753998,-33.176055030168094,True
1.0394792353669546,14.690704234826985,5.388625344669784,90.80087108363975,-42.38412885051432,True
1.0053296847826663,16.30240749676947,4.380049874450793,102.50574027206201,-44.898181719790706,True
1.025690934322662,15.275820108833416,5.220745192005253,106.35475187217858,-45.9072005846395,True
0.9041790484816448,15.814530196580426,5.047261499304453,174.61292418367358,-58.33255012558857,True
0.9579512663231706,15.393098421604396,5.777817612872695,172.43635630740417,-58.36563489699552,True
1.032459410705199,14.153439371647233,5.688429834182389,88.50069441186231,-41.54371816353906,True
0.9549017435413931,15.248225859060053,4.470758160786708,101.49991085783178,-44.390827909786836,True
1.0412424385895198,14.667676838923475,5.414436553690333,91.20686280445067,-42.418948469715545,True
1.0143728910539698,13.937455564958203,4.882887854143798,66.08212738741118,-36.16963505369241,True
0.9413985379560604,15.919562074552312,4.941663022027116,149.9576629736886,-54.12330364071254,True
1.0172750918341265,13.694716583306032,4.827240545638294,58.94642775044907,-33.78954052930613,True
1.037447539870465,14.34098539273112,4.790219523023334,65.15054520552084,-35.67198966730954,True
1.0180749349947973,17.21697798994738,5.395304940930199,178.48774048868842,-59.26244105831107,True
1.0268519474433904,15.701498562912963,4.293742938367226,78.98176080874276,-39.21609599808904,True
0.9135635646344396,15.245058996298917,4.800480462892307,137.59519422654168,-51.99130013221505,True
1.1127523286231242,12.826536488844468,5.202891528689831,27.804139304485666,-23.359503012820955,True
1.1410407692361517,14.88208913691175,4.388358290974294,41.602132260466334,-28.450249721250692,True
1.0714357485684542,13.835459512358264,4.930904050103559,50.04317382884175,-31.23760522744652,True
1.0057775124244346,14.922029190204206,4.637477594760186,82.18585339470683,-40.39264821389217,True
0.9797536044681466,14.809646600706847,5.070204848702112,106.32063312386228,-45.5350078640634,True
0.9808092865090282,14.143351490522468,5.01497832032789,86.41230817167899,-40.97457996496348,True
1.0391956983174453,16.172451186613994,5.279949732976454,128.1713801263865,-49.9539125322274,True
1.0534505110598085,15.954869743335477,4.304258356268877,77.93558421498703,-39.08475621648639,True
0.9675190467691901,13.874036513371916,5.12911290197519,87.81190794798738,-41.417493343840924,True
0.9989242432627153,16.574071623546235,4.77501193158869,132.14240016967705,-50.831781629750694,True
1.0628469256337407,13.850367557484862,5.435213727672298,63.55371882065803,-35.417451373187134,True
0.9948727299389271,16.664237177019572,4.867119757034594,142.2611462295575,-52.81191413847126,True
1.0055965007389094,14.789106307071552,4.754835142905761,84.57044893444689,-40.75086147969697,True
1.068829704630481,14.599511323772145,4.835011764675007,63.038484592756134,-35.28568744994115,True
1.0607768131332518,16.489021273340875,5.169844972391036,122.84720119568895,-49.15219756521083,True
1.0402448313358261,14.835837192822869,5.208927730598143,89.19740365356154,-41.8641792692877,True
0.9465454826943889,16.09760095722284,4.992405100068334,155.9556274694107,-55.24957449888079,True
0.9471623634747778,13.698879686832214,4.706498926423496,77.39140476100408,-39.21039682559052,True
0.9632134488071312,15.028491003899102,4.644627791834165,99.60161453874194,-44.18760108143724,True
0.9739041993313035,15.474539832483075,5.203249844234553,135.69649797187344,-51.46930119120783,True
1.0107985428790616,16.19639994603232,5.157153741964847,137.21235564143043,-52.05647138018203,True
0.9953437696334295,15.712461402659128,5.123221302740693,127.52711260050172,-50.15628287710491,True
0.9919212714419087,15.04492848735291,5.474872926574632,125.28564624578205,-49.50445736003769,True
0.9871038892508076,15.473631898022303,4.762052237880292,107.98194245175151,-45.90971470108975,True
0.9561302536107992,14.272256753208662,5.593298592857528,122.09211344208212,-48.84321162583713,True
0.9769384810613351,15.604066992591665,5.101201431702864,133.0593404409028,-51.15806199294775,True
1.1216784643992366,15.477673146642283,4.848492520406391,65.98875908990608,-36.081441115930474,True
1.0349608090455693,14.222396187471821,4.983718684680882,68.85022939977443,-36.747670298392414,True
1.0010021908074536,15.123011641420765,4.642254599558044,88.21085333733379,-41.582401373745626,True
0.9249782259593402,15.771184556755177,4.693771858543103,138.99427618935601,-52.29844614775,True
0.9504778256431065,17.443845782353456,4.966179440002256,199.7740244914812,-62.74394007396622,True
0.9978860667653461,16.185513184954814,5.232998748376593,146.05564666626356,-53.657546005576215,True
1.067979364664506,15.225007508782047,4.788712730034937,74.43132395336322,-38.01017782440149,True
1.0114525894954276,15.284618490151239,5.644789078870049,130.350463835307,-50.488230705880135,True
1.0107775982404976,14.854701844825374,4.987210075942929,91.50385889166265,-42.27644544891204,True
1.0555002147602803,15.111391485669127,4.81937745617265,77.3599854346802,-38.96399237963868,True
0.9514361112075789,15.776306279095932,4.614765728519692,123.74534161533687,-49.444690699939265,True
1.0703087798905297,15.751551672683386,4.843956850136973,86.57949354422125,-41.438377619748195,True
0.9808292237306938,14.914790716214974,5.432718438956813,124.22704043450103,-49.56062448517524,True
1.0579055341818424,13.900654850531293,5.517190598973092,68.69243874738774,-36.94617446292738,True
1.0835062504326038,14.785966225618221,5.1842568435273355,72.15506493653305,-37.43918866237125,True
0.9546369774695672,14.164212538206925,5.016874767349737,96.95734941476712,-43.77275501671231,True
1.0000018237461206,13.78441757306863,4.569402735872372,59.08713169182812,-34.20129480435259,True
1.039455659646528,15.608458854797384,4.228555767625003,71.96869312375779,-37.71552997187326,True
0.9856659026349626,15.345477052141085,5.056615697706117,118.8548129839819,-48.12993882642861,True
0.9870593698393783,14.081131533269089,4.88057342149171,77.79009545070862,-38.98887797845807,True
0.980080147386351,14.675447018908226,4.83578345999856,92.70009252169444,-42.644951495661125,True
0.9069703485823907,15.306767338412318,5.119164925934691,161.22581443369327,-56.31042231211208,True
1.052874238879958,15.257578884173519,4.59867438639745,73.16513101160645,-37.81624725997624,True
0.9495160500104132,15.439297251669895,5.438455877565019,158.78086271807604,-55.589045600305305,True
0.8855368299499454,14.237786899929334,5.558771998695276,161.08676947112502,-56.13140478884307,True
1.0523444711978776,15.358036703980021,5.206985268551965,98.08620173698087,-44.043893896734446,True
1.0242406664819352,14.952344077896251,4.909590888069619,87.3028791197031,-41.53358589393815,True
0.9340960758458797,15.77187901085276,4.818677008648722,143.2130418735404,-52.996980190925306,True
1.054310468365832,16.074840038739726,4.907483857929633,103.52309893508061,-45.191437704792186,True
1.0332738846786367,18.029229667417432,5.095854847035019,176.69602399186655,-58.652408200480124,True
1.0000160562431146,16.30963716388703,5.30267984686518,154.63965358796366,-54.98984216323161,True
0.9824815914706383,15.126023702825838,5.1350740379681215,116.25359617037185,-47.75147796902329,True
0.9938820668556425,14.962209959914093,5.378273966755674,117.34016456562802,-48.19871936042543,True
1.0103249757716715,14.064055239218467,5.165615837629101,78.8587989066551,-39.448293422690035,True
0.9605675831075778,14.088840524520087,5.309968771881286,103.93056432189925,-45.13645956190578,True
1.0559024579325929,15.271552908308337,4.9910869468144465,85.75349817614318,-40.990331143355235,True
1.027781871333968,15.302555340711836,4.655288418410855,85.14211538421036,-40.87510672581985,True
0.9932488401706846,17.67635250412278,5.386020381727279,211.24251403792204,-64.29240260948083,True
1.0871547618922466,14.272293987931409,5.655530911787142,72.1378013322629,-37.49423794088735,True
0.9849216823177515,14.1683485214867,5.0885875830509955,87.25474110148362,-41.412204852490646,True
1.077464195787915,15.250089769333858,4.836349094338687,73.70821305869157,-37.79312350358429,True
1.0146337941936687,14.496213121323903,5.142019761185084,86.46924258089614,-41.19823887254625,True
1.037879860886822,15.389250896448885,4.894263671012651,91.04678077422496,-42.12183803533168,True
0.9816442975148437,14.526283709262428,5.009536019052854,95.9434652973455,-43.481055824049896,True
0.9065162355694404,14.714609944128844,5.025395467902413,135.49841169202588,-51.4441860355511,True
1.0239649509859734,15.429556864015382,4.772821599439908,93.05145405640835,-42.93897657157621,True
0.9406037850769915,14.433065408456775,4.784369847915951,99.7283068308978,-44.06654988665408,True
0.9693651353234181,14.639483428497316,4.978483372953174,101.83872588056661,-44.66182350133976,True
1.0037908659761443,15.528629861227111,4.94061886393415,109.35073360461574,-46.53907315801571,True
0.9679119461838828,15.046550365057108,5.171001504378357,122.87885375346343,-49.14657044382867,True
0.9984143757112103,14.360256072841196,5.081188998050908,87.19968994970044,-41.42338275132986,True
1.0099781498907578,14.518053423126403,5.181852720203527,90.43215449583765,-41.99096925455965,True
0.9262896496912162,16.042409981502956,4.957678849205843,165.71195924368334,-57.12150249111717,True
1.013709201275986,15.31032074490783,4.757967454938516,93.88306637648537,-42.77181831628436,True
0.9689399456280494,14.63850178800998,4.687016629177662,90.11530590023357,-41.80857827687517,True
0.9465973862581779,15.86587520753225,5.296830128782294,166.80110964385173,-57.33594402430314,True
0.8999310273689487,15.436183285815988,4.854363867461001,154.12863612549327,-54.7636165509398,True
0.9222811299520101,16.354863766834235,4.810302707347272,168.44882026507085,-57.71117397400449,True
1.0011979309511743,15.885804621554868,5.383776241718175,142.83312495965245,-53.13079461250576,True
1.0021229938411123,16.166474108367304,4.881960441075752,124.81394015087399,-49.46309508428903,True
1.0259197818801202,14.65979877321442,4.346067330805664,61.735231725285075,-34.960022475834954,True
1.0857872200119019,14.111109169200116,5.066140662361496,54.89614530811725,-32.800373891569926,True
1.067805636484074,15.771839080607823,4.835252333340332,87.83906078370494,-41.669411064550026,True
1.0497884701610811,15.78132092576502,4.783201733212792,92.20169730655971,-42.61928194843021,True
1.0593215680308976,14.895309474244423,4.958268052692763,76.17064340520318,-38.585108362523385,True
1.009041284435658,13.956563493785156,4.3857102352006825,54.887272402169636,-32.82686089387095,True
1.0081366801381626,15.306954627179222,4.442237573269129,82.34792904828807,-40.34381633370152,True
1.0768630848946619,15.388444363529821,4.8619525243366635,78.3473577983863,-39.36017747628103,True
1.010820769795927,13.642259920592354,5.1683293147877585,68.56568394036547,-36.7486537835267,True
1.0118879816469557,15.374273530301679,4.9210700870263775,102.15556919180594,-44.96392419388345,True
1.0582850378420423,16.150642379181697,4.9080350530600745,103.89315439271304,-45.12032773472129,True
0.9861738713419604,13.686145471506244,4.999462378725343,71.94004294740374,-37.53887585849101,True
0.9932736909812598,15.529172721952307,5.267027327532196,130.37098048538223,-50.55402935318055,True
0.9319334341385674,16.31034705247757,5.011738245510117,174.97850479565875,-58.76680695451395,True
0.9768718233715159,16.372853905647208,4.984760722760124,148.43899352841223,-54.02803219445432,True
0.9835146841035523,13.1255991978467,4.833099805145066,56.57052921055256,-33.37381223842111,True
0.9863360984076252,16.08763709721575,4.88317630398752,129.75071476294704,-50.55153924881988,True
1.040523750149824,14.686449693079691,5.0537410839665,80.54505314229384,-39.85016164559294,True
0.9495633482261904,14.5703736470303,5.394577828506953,126.21176865110274,-49.57584390373749,True
1.0744562739169692,17.51235491090944,5.071302178820066,140.2075606844607,-52.25408680431037,True
0.8969916100549186,15.219900380735432,4.755746144264708,142.62086518491935,-52.951955243051536,True
1.0299096558659098,14.617179588716215,4.909822442469097,77.68333214364174,-39.1277272034805,True
1.040832265927831,15.79922144793246,5.332334063785712,118.90529874819475,-48.28214754496518,True
1.0345980496662843,16.68565215175518,5.023419215922934,132.43832240216196,-50.99028493066172,True
1.0547780831533686,15.17331116590794,4.585031280951914,70.9843881967747,-37.323067639146984,True
0.9894183818298602,14.466328198086387,5.130144158704206,95.09265591928194,-43.402631192297655,True
1.0626507777076664,15.091237429108448,4.806867098097257,74.77376558650543,-38.542214002933626,True
0.9654602291968927,16.090857600553278,4.655285773206837,128.66299602848773,-50.17837848382438,True
0.9696544751384375,14.689100697207433,5.025394315970778,105.1252822266066,-45.63306529017016,True
1.1034500433448222,16.09181413076817,4.747614745989242,80.04978987167011,-39.6208798145383,True
1.0088408405584037,14.859592440608154,5.243783479508453,101.79475198521834,-44.80529485995841,True
1.0475875538981048,13.145384296046862,5.027013992853105,44.663973301450156,-29.826367518620266,True
1.0248065633264827,16.519913318981825,5.4031718350056375,153.99079759993398,-54.881332384010506,True
1.0361659948951314,15.33529577911956,5.104134981729465,99.83775937891309,-44.44280588867057,True
0.8997371599929492,16.053980948820055,4.850807103930036,175.4049779262875,-58.73845900752308,True
1.018815467924009,15.302305515270122,4.8469257962738626,93.81514240035906,-42.91244151992819,True
1.0007886575190217,15.037191211723895,4.891582441788949,95.89705135141192,-43.60532731991884,True
1.048665214812175,15.736892066018504,5.148084337381466,105.42138078077241,-45.341046079099506,True
0.9602146794471524,14.846031001018371,4.567496041968923,94.23153751392191,-43.165172586005696,True
1.059663204684953,16.81337547225116,5.081954556320622,127.39918733121414,-50.043246725777195,True
0.939679811495417,14.969560844718062,4.7241662055269815,112.12772929017042,-46.955167422398034,True
0.9774146722123109,16.818734222418215,5.672030272036247,210.78674407976345,-64.27350083091025,True
0.9210853666806241,15.604647688157216,5.165789511831602,166.51585235981042,-57.0917486494414,True
0.9459721188808718,12.618839364261836,5.1952994696819434,64.89147935468745,-35.601356568784965,True
1.000347372637632,14.010100602543755,5.021893353990433,76.37326618094616,-38.65506038703277,True
1.0684203232083906,15.849662003836448,4.521470197988506,78.65480022925878,-39.43125538494377,True
1.0017485689486647,14.081507152842976,5.005575483807344,77.60017766945931,-38.88451538947676,True
0.9358028142973439,13.64362691426326,5.117252783424598,94.00406242846101,-43.12558089638019,True
0.8944556352726283,16.28410705561564,4.82878413931546,183.24920433571893,-59.83380994913341,True
1.0336800683266716,13.411780320650406,4.976934977125457,52.32456395872479,-32.245057222127386,True
0.9671306691707947,15.777964795689362,5.189372365930627,146.2409888910851,-53.48715122139661,True
0.9738146850678516,14.636707561406604,5.033460522562689,101.98928256558614,-44.76008508354111,True
1.0538326356074785,15.702306204953926,5.0815688915922035,100.54738221702821,-44.181532421830276,True
0.9932557934007599,15.266590073300144,5.15752168237169,117.78371371258935,-48.095198875549386,True
0.985068128876332,12.926806930290283,5.370554544273911,64.61349899587394,-35.57562729372953,True
1.0080778904582715,14.685057974529968,4.749949546446212,79.69707816632007,-39.695924858229795,True
1.0740974946282718,14.755828531995228,5.581870380857606,86.25095150565538,-41.27834049638699,True
1.012700686791244,15.409072974998152,5.581175826717209,131.4747553341347,-50.65989909206215,True
0.8920349954376724,15.318518684616217,4.833928764493824,151.5840261260687,-54.54361551635223,True
0.9591022336130725,14.754836656788616,5.201686946949053,120.46659200717504,-48.725956784433,True
0.985774558471061,13.86587557590425,5.546545645969202,93.98590033889718,-43.08736531944283,True
1.0431719577011258,15.48111166558985,5.432175665613302,113.01838780503725,-47.14020221726591,True
0.9378698007215813,15.871158938479288,4.484718074288993,124.22992354407333,-49.41647537663826,True
1.0074416459622861,15.330827687791935,4.95393713696252,104.85652316354204,-45.55608091686405,True
0.995908223566549,14.780538717734274,4.849058651685599,89.52490815389918,-41.81586058083688,True
1.0508265471279927,14.629560826258496,5.25681947526209,81.96291003990696,-40.00963383796781,True
0.9501536749370488,14.082267509611961,5.28370944123919,106.33243358270394,-45.5449774729853,True
1.0083640447055626,15.248403869617794,4.645498496310916,88.52777806595273,-41.51705606887572,True
1.0766555482227815,15.191705932481014,4.7878423169724575,71.25186463064024,-37.238571352344714,True
1.0449471569310327,15.83620933644226,4.527639849038469,85.476414981531,-40.916596845993475,True
1.0299640333758289,14.377082362888167,4.973478179714244,73.7953833355803,-38.1159009004151,True
0.9844727563194544,15.119204480400901,4.913668801489263,106.40148872568714,-45.62354976653579,True
1.007569347620922,13.683900487516725,5.139407267435047,69.23681053032496,-36.98633285047805,True
0.9943599579617475,14.660540998773577,5.541379647939426,114.20167302293791,-47.17398684271386,True
1.0428284331482214,14.438242816978448,5.080300227255861,74.06594223280393,-38.28011519290729,True
1.0263227789437346,16.05763597962245,4.910267696950155,114.02852994524055,-47.14031389902949,True
0.9686237502094357,16.706360429390195,5.241193365984326,180.21117264064736,-59.543504145356344,True
1.0872717504221983,13.823648060946066,4.8946549667585435,45.18413211904743,-29.915061880497507,True
1.06021768996224,15.907674491341664,4.946059040614709,97.33108672916228,-43.9399143668309,True
0.9566705542627921,15.680558685918008,5.052177296597369,142.9965983402323,-52.76611743259704,True
0.9828052702168805,14.450991963538527,4.642709206814761,79.30510180493907,-39.537236170980854,True
0.9920790306933992,14.248241186573143,4.907475313644819,81.64557590227425,-40.25158928373174,True
1.0408139289694702,14.235569122934717,4.760438603331184,62.116803699924624,-34.901253520485504,True
0.9595444010289084,14.622613306645947,5.242088283348364,116.22874039957922,-47.52461434241814,True
0.9665405862408567,14.641211305541358,4.691123320482944,91.04251033401451,-42.109634957560495,True
1.0439182206804383,14.847158526095063,4.718122189623306,72.17176019823923,-37.40998106705796,True
1.0279336387858933,14.4900504521131,4.786923081950869,70.95347958258623,-37.304809031824334,True
0.9025764487944107,15.80596116948274,4.765153289871646,158.39242232804241,-55.734674521774444,True
1.0328798123387968,15.508787397441482,5.502088996331398,122.7008713767341,-49.10122870583611,True
0.9262864184294771,14.826767362906539,5.325377526917047,144.70298768246752,-53.17577889545985,True
0.9682687836560873,14.46056051105551,5.146959373397531,103.45700766817494,-45.22208901558571,True
0.9817579217424391,14.43386336390463,4.878036408857423,88.01767091332158,-41.75590853060073,True
0.9765358554467547,15.43875144940994,4.98087095250889,120.8652203245987,-48.48143581621544,True
0.9675323057597396,15.056175011204083,5.473824523661437,137.99398668633566,-52.24269888094796,True
0.9481112741943032,15.198747832757185,4.907122741151086,124.5363983677812,-49.65026368432475,True
1.0256207887359126,15.858395693733447,4.677733425481367,98.40045074748865,-44.066467833007174,True
0.9193457500645138,14.94568060886584,5.245003524806111,147.2330066434439,-53.95345382894358,True
0.9734156800318361,16.37017510072423,4.929377416763364,147.1707078019621,-53.60411119967291,True
1.0395543770141138,12.997597696261078,4.9479634229636025,42.05230166101894,-28.85241515298213,True
1.0198731925641544,13.684871576587309,4.9325299742333595,60.46707700524645,-34.62286581273342,True
0.9307711543922829,16.81008650858263,4.953571312645359,189.8649858463258,-61.26256901913358,True
0.9035218759644141,14.602255171085433,5.149094631336222,138.76509422009522,-52.146352674560106,True
0.9455388826500304,15.296259269376762,4.908561409697009,128.6411636951063,-50.39540110612165,True
0.8910959545898578,16.25312181458654,5.0925141475714355,203.82626065163723,-63.4481807723266,True
1.0045838838622698,15.343249353632332,5.313173700569615,121.73079483232723,-48.76117348100398,True
0.9770249087487236,15.913012087632184,5.443361257479447,159.7091834930229,-55.932193096345515,True
0.9808739753447776,15.615620166946295,4.729220438960431,111.86388367163386,-47.004484360442234,True
1.025519676115571,15.982920167298566,5.30622998474213,131.3068559896749,-50.52572741557324,True
1.043681122253159,15.49302138744803,5.339955094999702,109.02976416292243,-46.149427932792136,True
1.0119137342721214,15.731128890081093,5.378387166493562,132.52962845972294,-50.93953770898327,True
0.9888554009227748,14.420066452583724,5.014766305864394,90.46460835460773,-42.11595332907845,True
0.9648799017783847,15.52308107923213,4.928243706772362,126.14026700899156,-49.85592176832002,True
0.9824570115796917,14.959538450748543,4.536565889864179,87.0304698590817,-41.08119898769133,True
1.010364896185682,14.912945549526519,5.029789604851229,94.96698233376864,-43.182201518065604,True
1.046272645263774,13.320821229634706,5.534661622603238,58.39996699666813,-33.815608540074614,True
0.9305241156991665,14.578385207946823,5.094293276895159,121.64424352698792,-48.610046004127696,True
0.9436041124767697,14.865619551369923,4.935278326367585,116.94730757785986,-48.07577842608074,True
0.9996925412194606,16.555662729511834,5.174062723254968,154.08082631711687,-55.148076709778564,True
0.8944452520453161,14.7206817754515,4.644052427532389,120.57739264783349,-48.5483104276666,True
1.0142663630732505,15.28287320495122,4.918118736194843,98.94196878511667,-44.11485072133657,True
1.0528216955299678,16.375338637812437,5.244478443959641,125.50531868487786,-49.79674672195121,True
1.117920383625469,13.762330604604847,5.167677666974841,42.4300651478466,-28.689101236217468,True
1.0041034958652353,14.617006409065091,4.849926961870353,82.85372395632963,-40.250237061825366,True
1.0429655141185705,15.879640112907156,5.535104029325796,129.4499961871354,-50.386141677412695,True
1.0010944158841868,17.46930184386077,4.562105029779184,143.7906148120753,-53.14506130858286,True
1.0809791832497762,13.014941767157548,5.093981771418799,35.59468847581758,-26.395724570250355,True
0.9788386179227736,14.882701330855037,5.254028707816698,117.43019129417416,-47.92742308624673,True
1.016467128357912,15.62820772568069,5.370608990276993,127.16853623648218,-49.900363855154566,True
1.0301836824932376,15.841063353670073,5.036582270986565,111.27038206354051,-46.933498691936926,True
1.0194280764206947,17.246112164144783,5.2297395188277305,168.91549870003195,-57.352445937979454,True
0.961417592244598,14.354847735323322,5.001279737733912,99.38683845825857,-44.28086146441582,True
0.9313109564134973,14.76499778800197,5.500543000542698,150.4381640643137,-54.25533644123968,True
1.0510604857083312,13.371911548779488,5.096869451384137,49.12084330447248,-31.254247041847282,True
1.0125600750321382,15.128118420410916,5.3479912590384755,111.82303493633505,-46.61751193828712,True
1.0037647200340463,15.511149679737862,4.653316479279325,98.17940185394258,-44.11002426523298,True
1.0445956099469933,17.09204038666106,4.965838179397582,136.61245801412417,-51.60424325937779,True
1.0422576825202607,16.703965882777435,5.161841579556266,137.3144903591983,-52.03908674737045,True
1.01791172654581,16.516211469103535,5.159182137583285,143.464573495915,-52.966967054619865,True
1.031779255243789,14.304694807256467,4.829505143741033,67.38719764540156,-36.25459603474126,True
0.9737429373977594,15.426323070156425,4.441758579467212,96.45675767603339,-43.29778632807408,True
1.026690954902983,15.389164087316054,4.4719552709416375,80.12563012793156,-39.47809078314995,True
0.9215306026950679,15.467109272423379,4.715788835868825,134.61356358183113,-51.23878024663802,True
1.0009880236889301,14.957417115152813,5.836224864107202,133.77936002791708,-51.396977495347095,True
1.0373611183545757,16.130924107975254,4.0893027905667605,76.4730280077974,-38.75966316207972,True
0.9640585419127727,14.644091605698659,4.9497267654032475,102.06270583701455,-44.98178253134334,True
1.0071211972955176,15.329428897328478,4.911811554073246,102.86046456374126,-44.828367391588216,True
1.015063889337538,16.4532132768626,5.01264826692208,134.821816966349,-51.560337592008786,True
0.9554642989480305,17.153576530660857,4.975273376297882,186.2828752729556,-60.32734078307769,True
1.0564542121865492,14.171290288842082,4.705880999387202,55.59577361558697,-32.91193936205201,True
1.0160173409565225,15.55061869559365,5.305672670973333,122.70494340298595,-49.07925780478122,True
0.9162032029459094,15.454357555401655,4.510547035747404,125.62166320405343,-49.800385008278624,True
1.004535161457822,16.219882844212503,5.560972579786579,163.5411525156113,-56.72873112597483,True
1.0726884437821569,16.633591040456796,5.135536686393917,119.40956733381172,-48.162276156069936,True
0.99980143734233,14.66653267628151,4.726553188483515,81.9770386506821,-40.19213396827745,True
0.967467139067206,14.924438377906158,4.792848994733492,101.74135628442316,-44.65475974938084,True
0.972768176881943,15.073226129412705,5.343205117827536,128.51406974742352,-50.02624228492695,True
0.9919940674283576,15.478694764123128,4.597303314049679,97.49981493785114,-43.981365186497264,True
0.9393808891401682,15.826872772042602,5.014866203651248,154.13705352915082,-55.19961324729248,True
1.0701218024916972,14.624692577431391,4.990672369318234,67.15703131854063,-36.14459356010267,True
1.0462032458722226,16.85700183428624,4.982667593342527,129.39848622598103,-50.40075131423909,True
1.0538641474525052,13.170775112605796,5.163568595750929,46.29436851261362,-30.16946745028236,True
0.9248226977150086,13.80578079648632,5.193399844623713,105.29862032009609,-45.48974501031059,True
1.0064272258115268,15.607666782850004,5.123936318536732,119.45364656522055,-48.64483395221249,True
1.0539060618173546,14.83574923430307,5.336257786187554,87.62853206848119,-41.427488586303774,True
0.9526559309591917,14.433972946149714,5.0772790875836336,107.2877732026831,-45.84388531405009,True
0.9963879592836675,15.959499611113717,4.849519425858451,119.2044182741443,-48.37432849561012,True
0.9450278488720729,15.81258182590731,4.660615780107123,130.41287824607596,-50.359230705537215,True
1.0416962450945784,16.24918997244772,5.018551065322432,117.37409899242637,-47.775163819558806,True
0.9892681621988104,13.96438411332824,5.116983134426957,82.166577269784,-40.118252109322896,True
0.9953762638644224,15.81261197229104,4.469797294742563,99.62651856493626,-44.27070774827138,True
0.9435689587935706,15.802128642838724,5.133027330854888,157.05277710000564,-55.50647143548289,True
1.0773996804347095,13.992526357162847,4.738479846414394,47.4555894056466,-30.524265537013733,True
1.002546233368788,15.039324369632446,4.729689135716734,89.55412912917707,-42.05014201445366,True
1.0395753106350196,15.968824321558198,5.045162378502423,110.83353100976373,-46.523897035228906,True
1.0192024436521359,16.342178189548957,4.3702302099530375,98.4810070553069,-43.73566441099357,True
0.9545469058986009,14.85318218041776,5.434114016553969,135.46341334787655,-51.55453163595311,True
0.9179405665462779,13.901224049540431,5.273494638234465,115.65086428696827,-47.75769198425909,True
0.9904303282172854,16.53222672526381,4.643194936096958,126.60020026414045,-49.91237048854632,True
1.0553240952852836,15.039778205082806,4.943434331463988,79.04793059109554,-39.32788710827755,True
0.9015225293561021,13.11100544488901,5.04580480361199,89.47629551033383,-41.824435250437624,True
1.0974109232469558,14.760396150307244,4.775369375154294,57.498853442945745,-33.539041091510036,True
1.0416853646087456,16.132817198797767,4.850852982529514,107.60021234005448,-45.75659007771478,True
1.009535020767949,13.780685665968766,4.9632026131589235,66.80230509010096,-36.22386199103891,True
0.9942080341930254,15.117219008351826,4.996598507162027,104.53226129584311,-45.12706243141758,True
1.04293682287063,14.672726023509643,4.960181717509865,76.34558265898507,-38.547688201286626,True
0.9389649142026188,14.962525511723477,5.016923719936878,126.8693915889702,-50.00060673877714,True
1.0221204096901453,14.563755647403797,5.112422498297637,85.49582453913439,-40.90635723691137,True
1.015409075631918,15.50316030207457,4.899257798172541,101.97897626299307,-44.86930893468732,True
1.089770974126869,14.777386039950784,5.129986833043687,68.7443452658154,-36.60406697454608,True
0.981737508018664,15.656863483151172,5.35083835509268,145.49293948951333,-53.672674569627375,True
1.0022322174230356,14.632394987378737,5.135635664127269,94.53485459037601,-43.02150400188706,True
0.9966710858877431,16.118579915151283,5.522370850464174,161.54156352485026,-56.412088421283364,True
0.9741552365772974,15.012951347691299,4.579236443179651,93.10090265707049,-42.90424311531564,True
1.0739121296274445,13.792662994443939,4.8251170827585135,46.70803283451566,-30.414100555252446,True
0.9512675889653095,14.143940603070963,5.109137175778253,101.67444333289627,-44.58062507944834,True
0.9241181021921573,13.84208757897042,5.072766709486842,102.63765137746024,-44.76213131531857,True
1.0121960530411362,13.8989897297453,4.884160298486177,65.89884419358542,-35.72055498450051,True
0.9637643723004053,13.686786748196191,5.183822015492587,85.95178766182407,-40.92980961181239,True
1.0127071882617058,13.913981380434182,5.0624727380159875,71.57204666633837,-37.34859908932496,True
1.0316695721722824,14.99452491756753,5.352840130399251,102.04984139063886,-44.63064715668752,True
1.0073061600948947,15.738464657799693,4.682024751386679,102.28371478398026,-44.77623857873554,True
1.0011988825177276,13.647380449269985,5.016690915133514,67.70359844880724,-36.62075590026509,True
0.89690971454213,14.195408788465173,4.86655551147508,116.54087792536676,-48.01559763920237,True
1.0279764936386286,15.803056480631634,5.257188264107806,122.43961720103593,-48.99623485444297,True
1.0098113343817294,14.842059674688512,5.163843173787983,99.01200418861094,-44.23415861089645,True
1.0937109453021887,13.28896642078444,4.855553331530103,34.80149600974913,-26.300804549034755,True
1.0568611484118686,15.037774277247372,5.300217185181313,91.72319235399848,-42.57738385215714,True
0.9259007812399024,15.362032190836638,4.993434382523433,143.36780416568504,-52.91127336139159,True
1.0530351001985292,15.314293603709759,4.627044202067893,75.85878071115158,-38.81353171183483,True
0.9350191812000221,17.245960919262615,4.923826722248276,198.89259539103858,-62.2262269502132,True
1.0416849849540804,14.24682087204713,5.695480498014782,87.5744319196111,-41.23426710943624,True
1.0726798660893235,16.100114445965612,4.943056602178355,97.45947894645104,-43.91473942226451,True
1.093350578514815,14.97559765218389,5.071027161844306,70.58238925901004,-37.074417648303836,True
0.9801966538876837,15.468327900241501,5.086389987997554,124.91375116919433,-49.50020904507588,True
1.0353006172772776,14.34854253969516,4.987055665232372,71.51172784862707,-37.632496645108866,True
1.050474385374247,14.327112419720796,5.459669494192449,80.51113313731734,-39.76411115131953,True
1.0235309857049055,13.749140106371476,5.219936216882762,68.37251650080538,-36.405501867954904,True
0.9164279469630126,13.531995420932313,5.195819465796965,100.85967351127385,-44.370184495449955,True
1.0077226769699485,15.671160147984391,4.919286966073016,111.4979103735405,-46.62823170588026,True
1.0284518816001642,14.463617055150003,5.208586976281609,84.03751274371375,-40.453206582915556,True
0.9999202263674101,17.545085743049498,4.907582501537337,169.53033532117908,-57.842396824815694,True
0.957066287950473,14.526402555279192,5.128197270715052,110.14364556879676,-46.420028598370926,True
0.9899556030844808,15.67272527228972,5.6193797510898005,155.11615995422605,-55.24813730885297,True
1.0450596452933103,15.055143784906845,5.46848882108301,102.08560733396557,-44.863423505358554,True
1.0196763577316272,13.17470520619686,4.965002995798611,51.211574443568395,-31.535613633480196,True
1.023273071309777,13.654019438816922,5.0670914276184895,62.50702824244488,-34.953273544584064,True
0.9875693939089352,13.48948890491283,4.670582929265981,59.198887216139525,-33.90137431948758,True
1.021323905095051,16.468922602322394,4.92719242327368,127.17440620918903,-50.163388281559435,True
0.8946798332039789,16.298514950522385,4.33282452671839,147.71257889132022,-53.68090612011515,True
0.9977983192498912,16.92770600686818,5.274103012302297,173.79120610212613,-58.216194467107016,True
0.9809528525011925,12.779575512758834,4.7754695807789,49.22962791228957,-31.152461531499526,True
1.001357341555206,13.630651829658918,4.971134300555405,65.95010701384048,-35.92512270873665,True
0.9413597901410587,15.604792336517617,4.863993939289511,137.27523904647146,-51.6988709791465,True
1.0185125119499283,14.232446363706678,5.309035445237152,84.88332027925173,-40.998399943585525,True
1.0961194273748784,15.694251638876812,5.410667471367736,97.71613203578298,-43.61083199318417,True
1.0040381598509611,14.554622932629998,5.4234280937619,102.83908570598497,-45.092834447479426,True
1.0023261115916278,14.452259063824098,4.616886392174602,73.23680581429466,-37.9199542634901,True
1.1253869451039,13.184065641461794,5.19629444452066,30.761639425399398,-24.428271882648463,True
0.9526240924241512,14.423250614131062,4.738500819693513,92.81435532895038,-42.859397913343344,True
1.024745224123502,15.370669520151168,5.044602462292003,101.18108548270015,-44.42500759948074,True
1.0790191126638733,14.012036117025406,5.289005634650735,59.048845401230906,-34.17972105114724,True
0.9804827272140892,15.06869422641314,4.921712674999739,106.68923888993514,-45.56919077548392,True
1.042643257433497,13.953231293518261,5.0661919476128165,63.38257198678884,-35.24446678264661,True
1.0083397182697533,14.225559795092826,4.81434054333374,72.69791824504534,-37.52466631977026,True
0.9462684459553344,14.295007229619527,5.327512387479768,116.73286954486825,-47.690077559483186,True
0.9917845627524027,15.46463657195225,4.9349391671705645,112.61030453075126,-46.912448235046035,True
0.99841059807514,15.858248837442257,4.83972861746003,115.6568826271789,-47.552053646389176,True
0.9682027362890675,16.83812941041137,5.102075336398106,178.23111086432624,-59.05723498254553,True
0.9196698404913722,15.779255937352069,5.276086544156366,180.49088212235037,-59.64863100039983,True
0.9794043152673103,15.36379405791601,4.581518980909772,99.42717046915207,-44.08887035090601,True
0.9252457319778179,16.774897398028095,5.1373565154442495,203.91933811504092,-63.09892976761991,True
1.02708475372423,15.274528673961244,4.850504356159563,92.12298437615449,-42.39601570328555,True
1.0274596028948362,15.614360521695628,5.200134232517074,115.0114001033166,-47.74545907212425,True
0.9362637863615177,15.95643312569645,4.844570146561191,147.78474670433462,-53.70205888261083,True
1.0040998245153914,15.173698708916733,4.740997463942337,92.13708731022236,-42.5057197353086,True
0.9327982639361775,14.931894416545475,4.786999048915506,116.50567318358176,-47.75035056523835,True
0.9819059643411046,14.833485242397536,5.049650558642007,104.01254697767193,-45.35451486139583,True
0.9665590106508075,14.427199366171985,5.16067493308541,105.25214309911229,-45.49847312692725,True
1.0240106484813989,14.503898488823053,4.812585150040496,73.93298673981039,-38.23449201308473,True
0.919034617440221,16.062029570976208,5.016522964873509,174.17401438449372,-58.40031172333421,True
1.0491544406909026,13.903207498526244,4.80648714326983,54.682889630833735,-32.84766514919674,True
1.0613881913432066,15.137810896534738,4.887705250853859,77.71075315618918,-39.00584959225902,True
0.9927891558940758,14.976271807894106,4.851947848808868,97.38179956117384,-43.80326609632044,True
0.9327250901651435,13.574851548559282,4.787706391039976,81.08167978088686,-40.012951369124494,True
0.8953286410020993,15.838183505786033,4.634065632227297,153.6215643193708,-55.082435649690694,True
1.0547633813736985,13.663680575905875,4.977827870298705,51.90119173563894,-31.857192912572433,True
1.0991953997372772,14.25475210868318,5.339822376115135,59.75521497776441,-34.11482045959904,True
1.002177733264998,14.914407514861114,5.0255267755622635,98.11455077278613,-44.03740761693473,True
0.9418624701999903,16.489966606442856,4.9106153963075885,168.3134195797179,-57.5432488850837,True
0.9452423007622529,15.52078173001083,5.241731591793535,152.472441857617,-54.56903790933051,True
1.0590808096143023,15.31090134135027,4.85234691848916,82.21157797344674,-40.014763775194425,True
1.0084471921332077,16.35166153774311,5.05787156936939,137.67583635602625,-52.1925661521657,True
0.9515349892459655,14.735743785003496,4.533304686312308,92.75736517381225,-42.84289486248729,True
1.114959499532927,16.99822416176447,4.9987567739775685,105.59539359768118,-45.41601069238273,True
1.0522706220228197,15.503578093756378,4.900108586693941,90.5937434998155,-42.3369154545827,True
1.0274735017912362,15.133544011131594,4.441283380524687,73.12656585865525,-37.951940256481976,True
0.9721014252963064,13.203291429071415,4.865629624999497,62.70161032992956,-34.98064212024753,True
1.0619491025569736,15.97597271745701,4.2952413164582595,74.20674667534885,-38.31575781348051,True
1.0440943794096547,15.53746189622562,4.822913807249697,90.47940465853641,-42.11228693766943,True
0.9946753600814588,14.777469159506197,5.148112046423349,101.35183043320463,-44.64213837822987,True
1.0544175702073644,14.49501168897456,4.727856403097376,62.23890895644852,-34.76405024268642,True
1.052287308833145,17.013447819523616,4.786839406244025,120.71851372917249,-48.45179615761583,True
1.0136971632210396,14.203111604589422,4.543971569419541,62.11186762365247,-34.83954937532089,True
0.9426562397452978,15.348848578528647,5.086558456683773,139.71636879910486,-52.33698838833669,True
0.9489322850688376,15.03465823658465,4.867183091371379,116.99002713427073,-47.933561254014464,True
0.920760876282835,15.688408547992704,4.987812782763152,156.93872925515842,-55.58086773195808,True
1.0662305676511448,13.077630077971673,5.344732458405538,43.93499038652409,-29.53768365336903,True
0.92695999488091,15.672563348577281,4.7000007173638885,138.00009561769906,-52.1244404107415,True
1.0017050955663518,16.599837969492565,5.379315067518093,166.53620689618896,-57.172958070632,True
0.9204544235480636,13.097785708724423,4.923449612391144,78.544454180931,-39.435009748738096,True
1.0841825493921602,14.051624293037456,5.315381396527151,59.57205298002838,-34.15644818635724,True
0.9418736730597449,15.565296610969458,4.966245036441434,141.42246216858305,-52.74857178589309,True
1.016139155788611,14.866155875577636,4.509627141393718,74.4105565237284,-38.40032077250483,True
0.9216023456378882,15.679673929871097,4.627549727584177,135.06771140775794,-51.360263233433365,True
1.0435400143068527,15.744353634108501,4.921741211719164,99.4400176292776,-44.01814220790723,True
1.054238280381606,15.225166465675514,4.501034678086802,70.58385361343976,-37.29451622421827,True
1.0008792038336574,16.762814177918255,5.1589611163097615,160.14782539019384,-56.1359361927977,True
0.996709819043534,15.75249243142571,5.2459779649663645,133.09383770791857,-50.932916631124996,True
1.0405479629858552,13.674317424176579,4.5550587877600615,47.218840076749004,-30.291792883419657,True
0.9695197628327652,15.700766623592369,4.914541517347793,129.1231410431234,-50.31084367664499,True
1.0544430643454714,14.967374699450444,4.972082538522737,79.30591367524026,-39.38960821688039,True
1.0148264051496758,15.547556141542314,5.2066442998083104,118.59728304764441,-48.07884990132529,True
0.9213482048168326,16.168111873491554,5.123009415830273,183.57054251091282,-60.209659020915254,True
1.0923344791177896,16.615438687595663,4.875871283871198,100.53593341772478,-44.657873967273204,True
1.009200583496513,15.084264566743073,4.575661398952892,82.80576961860463,-40.13596939288791,True
0.983090093666825,15.838388316510336,5.000445173221236,131.94808360159877,-51.07535502580889,True
1.0082684430231703,13.919794108907139,4.961174635865556,70.29092144702926,-36.91978531557366,True
0.9640803126121189,14.536376770907092,4.753938043391227,93.27904146286532,-42.89323035922304,True
0.9923557482662172,14.43732533722611,5.635333012193914,112.16908109516625,-46.802260163033075,True
1.039466668213199,16.034104363120836,5.051879130748215,114.8314540916453,-47.389375964996276,True
1.0343847654949525,16.727247903126596,4.805028477897421,123.33040568041685,-49.0996566341591,True
1.030984742234856,18.189254310800614,4.8320251031805075,165.67660387083623,-57.16887636970847,True
0.9699484329246549,15.861284177166494,5.249707134234692,150.3030821355417,-54.43127932755415,True
0.9569600450294871,16.124195052609714,5.356704322245701,176.2850426188898,-58.6157824914235,True
1.0193946281042214,13.269553854051026,5.185104463802012,57.535134427916205,-33.35412060165707,True
1.0385389887772003,13.211996081581075,5.304945745934256,54.04069901277792,-32.4913296440523,True
0.9633698413342349,14.1311951264742,4.628503419359068,78.54149469432161,-39.21095275390933,True
0.9886104570420682,13.745700644672516,4.986364815358141,72.53563297906366,-37.89919224501344,True
1.0196242023185733,15.51173509727276,4.654737612504996,92.55015372057376,-42.784514472979936,True
0.9952124424892207,16.735972861944916,5.24109630334066,165.52174335117078,-56.90146561398879,True
1.0578599855076796,15.011953906240613,5.269179411301149,89.00932968318746,-42.017887127723895,True
0.9346024746226294,14.34428294368965,4.703038568453345,97.74760685218558,-43.83597884115135,True
0.9273505740919081,15.305347146789764,4.820164856171852,132.46477367623552,-50.91725240413291,True
1.0547934173470226,14.280857275753466,4.710914216218669,58.06007397333431,-33.78970857777758,True
1.0308554439594948,14.456899420477459,5.067648353886466,78.35048523607134,-39.329696246334116,True
1.0045265839559732,14.805001726808682,4.969757100279969,92.5538517158607,-42.557061847589914,True
0.9833052047971176,15.388006048843604,5.011480544131353,118.77931600348613,-48.501199819191655,True
1.0235334044534932,13.333293902149386,4.901985486659541,52.33434717470705,-32.14618361592516,True
1.0094428537617144,12.970382064429451,5.54984128937155,61.30790776334301,-34.63577049703493,True
1.0149727161074056,14.140471774957831,5.287941977606249,82.21916389272015,-39.95706894508304,True
0.9966201353607895,15.522338042850151,4.956885409908284,114.41279027187873,-47.20260317569051,True
1.0267542179367508,13.734844114182115,4.5409676477420815,50.34855876760257,-31.348858539847495,True
1.045917396866992,16.834286290441128,4.49153205671347,104.41340712749393,-45.29144251170848,True
1.045197322141366,15.852059916184603,4.514586161891264,85.72577650899142,-40.8640996823176,True
1.0228628847306345,15.669292974595809,5.1314465047215325,114.0855813149545,-47.16536581376979,True
0.9998155542391545,15.855210337047373,4.950789375999731,122.21499656774961,-48.729823485605415,True
1.022225741258487,15.426521881211842,5.369565481372867,118.45146428023364,-48.0000019057362,True
1.0597522365219003,15.506955462899885,5.215044047695122,99.13747110155639,-44.33222671123912,True
0.9922757693674743,16.241990658365417,4.33109994817326,103.53636457974468,-45.04585498436376,True
0.9863767212392542,16.00003809201966,4.753603315032705,122.12296759165105,-49.17859636350205,True
1.0246787987942496,15.300426706080758,4.496494650821108,78.9361005809612,-39.24483867082816,True
1.0369156300785507,16.92351671195812,4.879385210028971,130.0441546620975,-50.50002101972093,True
0.9949752470832288,15.077460733989776,5.09312724365422,107.35042153275577,-45.83212036943552,True
1.0225254723214978,14.544996665728457,5.022591481410383,81.62607460659855,-39.99986466529196,True
0.9579839751770072,13.516805240703908,4.994711102957834,77.3033428938199,-38.833319701856716,True
0.9994517662797636,14.277585704402783,4.647963002096395,70.46150062463255,-37.068308848397216,True
1.0776468271387325,16.202329522440934,5.693150570882295,130.08862451095663,-50.65997880664564,True
1.030386227890577,14.965888050476208,5.045766404165408,89.01036382108012,-41.918562864428246,True
0.9676482783198673,15.4793477291398,5.471593957530543,152.59522868913785,-54.75269217845168,True
0.9743428728847482,15.080811793670064,5.245122667333404,123.24425440837724,-49.21386205161459,True
0.937824988375149,13.797161660513911,5.182851428005439,99.38923909622471,-44.161262976574925,True
1.0811746939203595,14.7119825379432,5.183174085948196,71.21710364147957,-37.15149110454499,True
0.9502708274860978,14.165935568546464,4.8334503496443695,91.10312660572899,-42.47678250389314,True
0.8735485769964395,14.564951050737916,4.822965664140028,137.19711572023087,-52.059919703408426,True
0.9296714666474893,14.112351470379824,4.969940357449946,103.86989976610897,-45.253830188304484,True
1.0026503910763096,15.481984227462187,4.951173201198987,110.79489587697307,-46.40070309265617,True
0.9641492386571573,15.812445382091807,4.26435072638897,101.86251660226199,-44.74572555178865,True
1.0064677262080874,15.035019752740205,4.995292093471788,97.61985783449573,-44.008988715220354,True
1.017075560757321,13.01041411916315,5.171290239412802,52.57446877997287,-32.07218412455744,True
0.9688007758475554,13.647314701208572,4.609255791880441,66.39872112708612,-36.02982272940551,True
0.9540145988802182,15.645916792261092,4.6791543319383715,121.68553096538096,-48.97811882979526,True
1.0455436702878378,14.24444173777455,5.019517499285871,67.54266700327135,-36.1660184437175,True
1.0149203105439564,14.245487992078859,5.123334306980916,80.18859003692353,-39.548262492307614,True
0.8661973935465217,15.068948862418624,4.949861070663927,164.83010542012073,-57.11249120315535,True
0.9231395872718949,14.213003955161577,5.1036647214774185,116.27181811333621,-47.74816488848432,True
0.9103604988107254,12.878536964303125,5.03989340122409,79.74526280658046,-39.41249730387781,True
0.9920258894681749,14.075615669681477,4.884606582848799,76.03296218225844,-38.38508385248469,True
1.0101408780362,14.59629133963021,4.989361935945485,85.42990381021498,-41.056709474827684,True
0.9914251412638964,14.445183314623803,4.990632617066833,88.37655587906299,-41.43589982151005,True
0.9685793926043775,15.701120749415344,5.0067511046686635,134.86344664357398,-51.55316006145273,True
1.0510968205451314,15.088706439817928,4.955276116638328,83.1414562500937,-40.54849352329665,True
1.0160244452045655,15.017902422141878,5.1022757292141305,99.3291186653078,-44.05012141051774,True
0.9543940286816014,16.15687843890985,5.284360092401408,172.54404436051377,-58.407622492584636,True
0.9576419954663549,13.439966560659478,5.1304339931384115,80.14834055781346,-39.55664780045554,True
0.9618913522698487,16.564667326041437,4.307365970027637,123.08858869963011,-49.185437853278835,True
0.9826286785469592,16.651439162128295,4.583998777766497,130.414315989323,-50.56027271300921,True
1.0017592456187379,14.884369571555034,5.177627215365212,103.37768199202408,-44.87170246596699,True
1.0206692514509865,14.607194423647512,4.755582086037256,75.65107983589203,-38.724834089536884,True
0.9588336286781393,16.342734407344533,5.352203619695878,183.26459112276413,-60.01529346475431,True
0.9321817633275096,14.736153227249105,4.556586523225759,102.26661277843456,-45.00209506762252,True
1.019674638656784,15.353357272288909,5.2475340479180534,110.99114918820291,-46.51815152510036,True
1.0414452523601192,15.278190956668496,4.7376432092995096,81.99364687527911,-40.18863749994123,True
1.085507792847917,15.489150590200008,5.336803858056534,92.82341776501482,-42.85215337940886,True
1.0202373785470211,13.900084976260194,4.778395458677967,61.029665521402315,-34.665054848794824,True
0.963503323339183,15.439759490105343,4.709901395027225,114.52385007829947,-47.489129615129706,True
1.0305330979954,14.117865719706232,5.024175486048079,69.26221521997626,-36.765145006598665,True
0.9924583101869958,14.401098757584716,4.55980343613814,73.56183802947561,-38.218549606745746,True
0.9327387499864153,15.928527496621703,4.715597840335485,142.71749268395737,-52.789997002719026,True
0.9975768616943836,14.496623091588127,5.260485281051314,98.2392862138673,-44.13477058107801,True
1.0141306890266761,14.362057954705012,5.435546574482833,93.30667552241522,-42.98992708302616,True
1.0716788725485802,15.203797964667793,4.931885511981187,77.54876267219723,-39.156359005915476,True
1.0035673304141883,16.34655474705712,4.851365315962046,129.13745581373487,-50.16910249978236,True
0.959233151579547,17.40491400034243,4.542965838016076,159.57472417562,-55.76301232916741,True
0.9056543661585188,16.14238922586893,5.190351788967484,196.86283742095137,-62.31316667824875,True
0.9385455782899083,16.129162177284943,4.8674149525985335,155.1083620339853,-55.09416130057376,True
0.9514885515635351,14.976104070956604,4.636874319795595,102.85857686160877,-45.02109187153228,True
1.0833126247096891,17.559520259174207,5.083329592050687,137.50819220410963,-51.73060132696001,True
0.9904512079559687,15.198623754673038,4.604319118781465,93.60989768126144,-42.93154592297748,True
0.9955200398631989,14.964364431095637,5.04568746940226,102.02672125649629,-44.752885335289186,True
1.0550595352088892,15.382677135507347,4.8823926461203895,85.10848832278475,-40.88292210926742,True
1.0301318667934711,15.264438742740564,5.057587095306814,98.37677422606265,-44.11047357950481,True
0.9868960391595407,13.68620376724404,4.56413260474379,60.69281656424125,-34.30752862384826,True
1.0573234502427649,14.30284926933322,5.059466188729373,66.66759613755977,-35.97720198043359,True
0.965799506963986,15.380574945590848,4.466930008113207,100.51456257853715,-44.58498520619958,True
1.0141831322353647,14.2106291737432,5.0813695491817175,78.05455311409177,-38.901827383261015,True
0.9372370731606804,15.647644932481114,4.973181398476128,146.481171061647,-53.371981981469325,True
1.0130105630399908,15.036062394082382,4.4379274630735255,75.40139453496221,-38.4253845477862,True
1.0508871222110634,15.93674084236212,4.995979615202514,103.48068558009025,-44.837820941609515,True
1.0435650786608044,14.87625936456051,5.20951533455979,89.02306607576782,-41.899046784846455,True
1.0451072839716349,15.48170311217537,4.866828969972491,90.70398563283221,-42.19082017607468,True
1.1443886271695403,13.188249289146947,4.609682856426736,21.77444360996529,-20.477621076201515,True
0.9866216902195788,13.390603842529648,4.871244702899541,62.488853142786105,-35.02983453345988,True
0.9548126834531502,14.196689394810374,4.31993971672621,72.54108282979271,-37.83626526595623,True
1.022802219969712,15.310914020462437,5.094853861178103,102.39448622458,-44.80867010055882,True
0.9559834104471755,14.218792612754315,5.225581054919044,105.8006484727026,-45.520271313513504,True
0.9433544910062364,15.727998638441358,4.859217157246176,140.01615453404804,-52.211660930374755,True
0.9873798946172175,15.386735735302915,4.922524503725725,112.3607039009721,-46.95867057389405,True
1.0990139331900144,14.541231247166946,5.333876361266222,66.03855781481592,-36.14228399674378,True
1.0344516801110082,15.223858497882492,5.461448268547201,111.338060371868,-46.58738726301032,True
1.01902469856551,14.555968465389743,5.219214745202916,89.78395871058659,-41.7468682578827,True
0.9163609828256573,15.315105029854157,4.695717135670739,129.89444243338866,-50.450585033764064,True
0.9688539044677202,14.489584903527964,5.371003492841553,114.3707154712509,-47.26141122692289,True
1.0716279976338472,15.396490208601751,5.1850726211380875,90.24302591147672,-42.02860678378573,True
0.986501583364135,16.360618099285716,5.071319252097856,148.94577446340182,-54.23064000602432,True
1.1097469536087614,13.764146347840496,5.093065555644872,42.63508403763734,-28.958907345125876,True
1.0224024196411818,14.305679163167648,5.320270521034174,85.37225524557432,-40.89962520291428,True
0.9924767493534198,14.34708762052675,4.441921717285825,67.78582210970283,-36.22400066443615,True
0.9843011650118202,15.311140151678376,4.954477222306928,113.88009640688294,-47.30079559320126,True
0.9967474686024942,15.837657782269883,4.6584258429342364,108.75972114532237,-45.98310973548388,True
0.9274089707188824,13.260451099831911,5.1231716066305175,86.75597066650649,-41.140314006766374,True
1.04865308832769,14.816534140528045,4.754990035140832,71.66497977816935,-37.63777518714493,True
1.0220849087905584,15.028239185023391,5.925884339794316,129.83335927558036,-50.34459507973437,True
0.9871903613824763,15.881915519907956,5.2256424601225655,141.88895382663452,-52.87801602889419,True
0.9944244524070588,14.104170537429647,4.650600527515073,69.83664026100033,-36.83422536474571,True
1.0404895077759535,15.72980106161096,5.287535317930307,114.88269846203033,-47.40622652270942,True
1.1014883221278795,15.293001131215743,4.877238147829065,69.22088616023935,-36.9356790703376,True
1.0765786236934693,16.774081772074968,5.027611519039192,116.87795915746186,-47.86537106227962,True
1.009287837570824,17.193927030135328,4.957430393497374,156.8515302780661,-55.59498902379488,True
0.95886949564243,15.795831420898265,4.45194410041751,113.29471437442461,-47.02324377945077,True
0.9233344782541432,14.739565551259918,4.818723289844649,117.76922283155837,-48.14546828778742,True
1.006134710896614,15.490673946507014,4.661792092925015,96.83733659721157,-43.39575391100266,True
0.9608381450522063,15.581492625690096,4.27596251696992,97.91050596068625,-44.06477769634446,True
1.0077599064759968,15.526717729264352,4.840857615739015,103.39186540499166,-44.95727588365545,True
1.0145324182622857,15.420369567128981,4.921615036491237,102.30570098121012,-44.93505269592112,True
1.035846333998226,15.534135189833755,4.559097925846799,83.88855485633276,-40.39730849601425,True
0.9414234674307524,16.04964866837502,5.323576734916975,180.02205917368443,-59.3752145191386,True
0.955643277915263,17.198003348193733,5.11161161042069,199.15185499013327,-62.31726934450596,True
0.9842905642862058,13.190652890454652,5.030757775765113,62.55554902659321,-34.838551947909636,True
1.013025037606203,16.299736876188234,5.154349656077601,139.2670135146364,-52.19965805660141,True
1.010079171453233,15.141581642713488,5.163905594923377,107.02814101205016,-45.65545239210323,True
1.128903626009246,14.210150956622956,5.080188115012269,46.35109366664371,-29.97940410902049,True
0.8870369422609385,13.64920341237451,5.463459983132436,132.32281928645077,-50.74723075975302,True
1.0555117195789303,15.305511427493549,4.371471563698817,67.11528913852278,-36.259534303231746,True
1.0529359802662661,15.0360198370764,5.159670756522185,87.97701047824286,-41.50153558226274,True
0.9542350651269262,13.921285741438517,4.887806723828875,85.32207800390646,-40.838654817843214,True
0.9763839392272178,14.969315250087375,5.420022947621327,128.15411322929404,-50.35046754667338,True
1.0880787202083226,16.036817289918837,5.110492278876422,98.20011247344114,-43.77792476243859,True
0.9688916667975348,16.551503104729292,4.965896274090445,158.31289724030793,-55.84937795336413,True
0.9697225031697756,15.127411690146173,5.4325435625323255,136.73455203041456,-51.83095764194709,True
1.0059966904534057,15.124436111390802,4.945115909661398,98.091503318797,-43.7908130747457,True
1.025617261303931,15.622894053223078,5.125668107266183,111.66268191769886,-46.62922557079647,True
1.0498779991653895,16.16507843216179,4.811106037954237,103.13820743039855,-45.00605626338488,True
1.0520340754726354,15.183490956575623,5.039505986423573,86.71977800778127,-41.40233101882015,True
1.0390925463589453,15.350266444765442,5.61959993532655,119.28591161725325,-48.47839708469238,True
0.9045990914320918,14.600758949696106,5.258105942469394,146.29337561167037,-53.75689701865502,True
0.9979327763733933,14.842290540692703,5.127873077753419,101.79657255741053,-44.55736237001703,True
1.0332434615940214,14.364058076038841,4.587887870138969,61.353254594070954,-34.641711930397456,True
1.034237583617376,13.965355740481533,5.707322690616663,84.03611914924733,-40.567996208069864,True
0.964501605746761,13.795063629984275,4.633730737688902,70.82097581739146,-37.4780279062042,True
0.948866074742654,14.137882975508376,5.021345978878008,98.57665285370241,-43.947679057533506,True
0.9454221236132927,14.069046337521577,5.138459600383127,102.01817101301643,-44.5151531403778,True
1.0232763752169942,15.298737983938905,5.189415080168882,105.92743718488433,-45.37165733617194,True
1.050362804816759,15.44796503517377,4.788165530268528,84.58113384459054,-40.74862380218,True
1.0070937055923659,14.579407858332427,5.2011524346084625,94.9081506255907,-43.18874987733516,True
0.9465036846015891,14.160906353833806,4.631767346929047,84.9374901737346,-40.7925494371085,True
1.0089802216024122,17.15180026175422,5.497393880111639,188.4244850060117,-61.01220701018267,True
0.9524057712961346,14.558967435965899,4.6147532316059365,92.26229994434493,-42.713693888909205,True
0.9631506949151072,14.406737745759223,4.844377343030925,92.31948148586403,-42.721554245279975,True
0.9815692110969725,13.426995575661865,5.171339381091815,72.94209765914755,-37.75961547397914,True
0.960073924379484,15.517012822804897,4.948810008356428,128.21843940652167,-49.97906326201369,True
0.9434891134194221,16.819142064994253,5.454774538084112,220.33444983029804,-65.78105538680983,True
1.0774686072885775,14.813331835517628,5.377584249000985,80.47436897702221,-39.55532944061085,True
0.9056073518398676,14.653047739705977,5.148101949690423,139.3384380653158,-52.04917575164135,True
0.9704210262482277,15.276688196108237,4.784324910622755,109.66808406614032,-46.571315198846875,True
0.9892109056580091,15.30752062330077,4.962356415122635,111.69297306287969,-46.72411896504562,True
1.0613981243468609,12.504387925544956,4.561818612083616,25.04680140566402,-22.3251546028949,True
1.0147333540864543,15.64753633028971,4.747487038074801,99.49093314214991,-43.98287095251963,True
0.985922791607976,16.87507839176673,4.927003841615293,156.17161767412358,-55.55868005298796,True
0.9629404293222487,15.055905998493161,5.263769130011886,130.40192754161978,-50.548670555563646,True
1.0573636027321724,14.891333158436144,5.127429349716455,81.36006790354301,-39.79470460342855,True
0.9596687612650371,15.794664991897257,4.919074657541964,136.65468173109514,-51.946648422034954,True
1.0105574829516275,15.675928839966035,4.772375701723415,103.87314150072586,-45.22363449261336,True
0.9915303305143777,15.17305131805183,5.229324072924831,118.08009959362967,-48.17203610925587,True
1.0240026676070375,15.773032362148774,4.826699696879192,103.29482332424091,-44.975937822261336,True
1.078555385300446,15.820498934626562,5.2041443465289685,100.10954103064516,-44.145290186414385,True
1.035274743598989,13.826826980019167,5.155272793746066,65.26754577103108,-36.0078193807752,True
0.9935541516956102,13.851360475055362,5.320121575406258,84.02175098995032,-40.681954345464604,True
1.0837853290356176,13.708585016871705,4.74329660343328,41.295693850902474,-28.698694973092717,True
1.0789907423854974,13.486426320844911,4.866935033685043,41.1335773881815,-28.51585036074666,True
1.056976071816527,15.810503319575089,4.999343258663675,98.12823789497794,-43.90979260585795,True
1.0141017877091445,15.812885791501515,4.907592446537566,112.6172257969947,-46.911166519075046,True
0.9614445183646869,15.4477603636683,4.797908119106576,118.06350697172806,-47.95474530196747,True
0.8816979914719277,16.661928444481635,4.795254561715997,201.6681103981278,-62.818278696244874,True
1.0105718509942534,14.691658891004954,4.6161061134,75.75218395994459,-38.34645956924299,True
1.0386996784154632,14.310013478897849,4.768267619800746,64.1788572350081,-35.40460237340857,True
0.9331440778878546,15.122638428105995,5.2096366022573255,145.62089108819563,-53.23890643170314,True
1.0207742351057933,16.142103289406172,5.267438886900458,135.92472423041409,-51.5659831097167,True
0.9777283028727244,14.409167914606408,5.088329491369785,96.26962912656627,-43.54028699969436,True
1.025512514348541,16.942029921444984,4.926316235114883,138.45277769474043,-52.12978159064261,True
0.9691725292759117,14.928290084833739,4.968046017240808,109.77553332269451,-46.59035193996379,True
0.9636972960327651,15.512977180069997,5.423065542900744,153.22183969588178,-55.00491698453512,True
0.9969456951009718,15.162588832118974,5.256399521800047,117.56591504540377,-47.903078018761626,True
0.9411807232865094,14.603012413853527,4.216217766164261,81.50195288724976,-40.00657002451092,True
1.0480782393815142,15.910289893205313,4.744370005252832,93.75252413274444,-42.669905173451106,True
1.0010120941598524,11.52496261635728,4.844223512162085,23.513024859879966,-21.65944619696003,True
0.9427709840505453,14.661388102742288,5.4593642314437245,137.66404018375218,-51.80742005292848,True
0.9692210100638756,15.795222414239824,5.189713577926065,145.69648760992155,-53.577524878021265,True
1.0295111835296862,13.548211156664252,4.568240244353362,47.546648687622486,-30.697697112871648,True
0.9849283303977432,14.29913151532606,5.208440466577896,96.02158322942118,-43.46280908166578,True
1.0354958838182502,14.5068583880116,5.861738391041218,104.38743204583795,-45.364000996193965,True
0.9502438637532158,14.669940768350584,5.247106734399169,122.0621723825335,-48.93258010928605,True
0.9860141782080308,14.397645724233735,4.7391974146745905,80.4668567314787,-39.53214218479178,True
0.9963898505933253,13.981380915775187,5.450519638777493,91.34451506307748,-42.50578730476537,True
1.111345316212472,14.92902189515101,5.100488892502543,65.79667846672673,-35.785565896282975,True
0.963602367445711,15.805570396974732,4.797925273410151,126.9878134579467,-49.778588718587216,True
1.0313267114981741,15.382489733855744,5.014644726940169,98.97918807449624,-43.86951687873857,True
1.0235732023479385,16.02679949296028,4.927392333100476,114.34700723702353,-47.57189775467457,True
1.0873899816990622,14.799420351280606,4.789811846710391,60.73573079307094,-34.7338115103928,True
1.067978756948404,16.25918307275267,4.634743935426939,90.84369588217433,-42.02220492200522,True
0.9768720749498708,13.72428915279085,4.819472893942451,71.40491709294227,-37.31879064601284,True
0.9475347305750298,16.311236235883403,4.984938660203402,162.41661357385513,-56.663529709345724,True
0.9292124987296251,16.09219433510089,5.238576540317605,182.6655172358197,-59.66347861115482,True
1.0117986740572562,13.422371340360653,4.617223820244516,50.526159368444134,-31.508788767482546,True
1.0506903737188802,15.468134053242848,4.5861555849944855,77.9886502025112,-39.20836752378138,True
1.0571907206271862,14.873747568975192,5.0315123292010675,77.8896632772842,-39.31342270696083,True
0.9869453469212361,14.893788225283432,4.90125715608609,99.52534810980124,-44.001573182562865,True
1.0022187273438066,15.066025268215212,4.881887306117188,96.07934267975307,-43.56940784635406,True
1.0713025220297014,14.38070947281809,4.724240467901628,55.78199304699139,-32.866519988538734,True
0.9618402142053568,15.938795266861776,4.73886439501411,128.8461488722145,-50.28855329695314,True
0.8762335491370571,15.004088654508369,4.6632750968620655,140.99635201207616,-52.44556774262528,True
1.0576598942789281,13.875351125946642,4.462512713110636,44.806082600042515,-29.745378781445744,True
0.9419815374133567,14.962358396191172,5.101200583764866,130.42152501756283,-50.632817388249904,True
0.9854707009945253,14.525792705535798,5.148385160280937,98.23455239553108,-43.77123739892599,True
1.0228295538923722,15.615895987886638,5.499059719803229,128.4630505128087,-50.42657931110576,True
0.9768909846365724,13.684751975292938,5.176938856659267,81.05996307548506,-39.97093511388912,True
1.0540169344705215,17.002756740012217,4.989391173383708,129.93774810705787,-50.30655709920385,True
1.1335663669147815,15.120527749507643,5.142200322262708,63.632477363568356,-35.29066800818691,True
0.9596477535360147,13.7637520489928,4.887955711087021,79.55543122595711,-39.59372884106731,True
1.0066945689121078,14.798091625592706,4.744246430400178,82.65928579347771,-40.04850299084683,True
1.0002493821264276,14.51739218584656,5.194433159293987,94.08943682601962,-42.73888190620303,True
1.0156401911186137,14.20496473002801,5.094209612538566,77.43575394194139,-39.03279017101772,True
0.969829874686868,15.425052594235346,4.616962490279227,106.8349921407485,-45.724189011394515,True
0.9674907142862891,17.230457330183334,4.988603700118454,181.53370833407172,-59.57435424576846,True
0.9686741447023287,16.86938466090512,4.750391904970678,155.5278314205349,-55.219874461953424,True
0.9769268679562486,15.201297358998138,5.27603972972641,128.10567827149077,-49.96528947679811,True
0.9777175654330822,14.219381791652788,4.871826391679805,84.24627711811446,-40.571118731997004,True
0.8747391243235304,15.279901105610929,5.512293090730715,210.01357668655763,-64.42736595963964,True
1.004430710327805,15.738082174943754,5.3537714097769795,136.4357910637715,-51.748242014553306,True
0.9849403185452016,15.203625554838046,4.672657958716847,97.7788612899992,-43.69888581293545,True
0.9640778601318112,15.745084297326843,4.799959948045089,125.07978835752931,-49.62807159506198,True
1.004651750004883,15.443888938851007,5.201580327454989,120.12473575726662,-48.78700254334521,True
0.9997253064076267,15.284685469084796,5.016718913028659,108.88388164455677,-46.39712959914824,True
0.9801163834606774,13.783788250097532,4.916011517902182,74.704296090954,-38.29607150196653,True
1.0004386280386746,14.869658114126977,5.016614063591948,97.62405538366508,-43.642149440065005,True
0.9709052975865772,16.910832911726175,4.96259604429309,168.84343863850293,-57.60953707631317,True
0.9415502485992743,15.489705775025426,5.302206012675037,159.39260664737063,-55.702157675020445,True
1.0980541613686943,16.168363351149274,4.9145212031743695,90.37585838990131,-41.89043264850478,True
0.9752031426560398,17.011326289013294,5.1405930163360765,180.01457049619754,-59.27601962178816,True
1.0132770837278833,13.820760966845825,5.139174919666274,70.61428705705875,-37.17522020498725,True
1.1298230011378212,17.59907565557951,5.373033057721099,133.5106983607403,-51.26304708753352,True
0.9793151385265497,15.973109766484187,4.9788313031472615,135.10199603284593,-51.373050037279604,True
1.023009963266342,16.162078485886106,5.047041128463287,122.97954148257298,-49.21880062811195,True
1.1163345698519773,14.329876926032085,5.1122212564620355,52.52039443619882,-31.99180254549429,True
0.9175022055166244,15.724203853199224,4.805299946362671,150.5717727840427,-54.22043011833998,True
1.0666911216777102,14.198752844469686,4.952550937827186,59.38367253113735,-33.997371922541,True
1.0111062079320254,15.149621799247702,4.727437968408332,89.13720638014661,-41.644728289765986,True
0.9747410069416016,15.336836481752954,5.2061519006359225,130.95156834553686,-50.81109166456257,True
1.0024239030842381,14.761189271182797,5.470035950818511,111.60113761049354,-47.03027147321382,True
0.9819081897287922,16.150595112235578,4.427269474279248,110.20355094870395,-46.487633152627794,True
1.078812623715063,14.480128721909129,5.299405475850344,69.41659572704397,-36.77189822117971,True
0.9991994720310781,12.98783187609962,4.986771777419849,52.80819490294975,-32.12781335686073,True
1.0348910410058,14.756233257407136,5.3787261759835445,94.27723816399786,-43.175351089951626,True
0.9735547440548679,16.253528408454752,5.078088080573154,152.3853128556733,-54.64783259499203,True
1.014618554297305,17.45589903215818,5.291320389876719,182.13671692135375,-59.89070310621066,True
0.9808596494850722,16.31570416910917,4.96856619326376,144.64170660511465,-53.188567932198325,True
0.9290040856595011,16.06687056630756,5.014366484527261,168.25775025323094,-57.359136679182576,True
1.0654203933121285,14.621339000345307,5.288945876764073,76.8958294265187,-38.60873991067672,True
1.0174062043097165,17.303449511862045,5.73590773204368,206.28021623508138,-63.58186391055179,True
1.0385612422458383,15.684302472907227,4.841768570490062,95.81769481793329,-43.49453072912211,True
0.9635790374917389,15.723321160969368,5.034661202329582,138.02672974204782,-51.9929949589749,True
1.0592356749724774,15.628219205809238,4.782642113048463,85.66723864665097,-41.013639658725204,True
1.0233916484703405,13.841742494860732,4.9283218768024035,62.759956876230085,-35.07345818937242,True
1.0075116037524143,15.383888288289631,4.846028981714587,99.93784325348643,-44.15491798951245,True
1.051463524037597,13.545327594474456,4.700724784694376,45.5173380772638,-30.041808291619837,True
0.9835375663697412,15.826980241301001,5.152333420247029,139.3203158076214,-52.19066188900898,True
1.0647365973854104,15.336199642892751,5.061074633815752,87.71931275411757,-41.31787558292031,True
0.9668873946980544,14.367997501006732,4.73156430827677,86.29979827820851,-41.24875035870656,True
1.0016637038904144,16.12622420528493,4.650591551484257,114.00621549876917,-47.44813432581035,True
0.9531749937102784,14.641601560983236,5.260303018551092,122.07619934853611,-49.06036456026022,True
0.9425891177664238,14.66573987060802,4.851657518458962,109.46584088461715,-46.385921899602415,True
0.9767119620868514,15.533970509695509,5.672934105025465,160.50887822714753,-56.00469557221207,True
0.9919555855843428,14.984162229144157,4.974671555474805,101.93040793591008,-44.64410716214298,True
1.0275888924999175,15.233403624341404,5.013144478088526,96.6260941022578,-43.34720703877297,True
0.9678475711139662,16.032337224391544,4.931972376416114,139.74238114130105,-52.400545569270975,True
1.0293453977645215,14.261636480715518,4.576923736717434,60.44419472025291,-34.366749767604134,True
0.9840025803519804,14.176934006118518,4.576152327560115,71.43714760549766,-37.22138880324078,True
0.9752964877256975,14.767224241275175,5.4161777511507205,122.20655032366737,-48.93409643444427,True
1.0314720970935207,14.937061321198263,5.401324730576765,102.41047487990225,-44.68289153209392,True
0.9727780951222444,15.642107861509874,4.704730475262309,115.940428108242,-47.71730035032551,True
1.0912602464529617,16.941768645384055,5.149406516275697,119.93861631241401,-48.557470301354606,True
1.0216165958675598,14.957200253222796,5.399767906697865,105.11630838726015,-45.52712402097483,True
0.9316201705865301,15.036206918086927,4.602335473825241,112.5900161444233,-47.08421193562178,True
0.994040427250228,14.348484986930123,4.996590396433168,85.05819445315325,-40.64245754807115,True
0.9676394072964245,14.22712004124822,4.84247107257936,86.25219515665947,-41.01536182336918,True
0.9179353177191811,15.677292151740945,5.049524807589246,161.36663467160494,-56.48723845254312,True
1.0528940093366952,15.03903896792216,5.369794349995358,94.96955934383091,-43.04145954708583,True
1.0540450765596523,16.247038355468085,5.119412575776058,116.77069031110712,-47.65746085252598,True
0.9637617754280619,16.13817466321013,5.176925860492066,160.0464742721629,-56.152087765392274,True
1.0355311246614922,15.869447727841933,4.334345126584685,81.51246001512867,-39.77503043149377,True
1.04384833615448,13.539037494733824,5.209990617090144,57.58549448366138,-33.43936756193927,True
0.9993677364423122,15.683305228057524,4.989231974640467,117.64410237171016,-48.082862580509556,True
1.0476140128891496,14.065244117879809,5.647754642526714,78.99236367629501,-39.41071659667451,True
1.0147256633615804,13.116083203391758,5.1798060308772556,55.50444327620054,-32.848136075742616,True
1.057272196114884,15.22094952966705,4.902011434965413,82.462149947198,-40.0811510526671,True
0.9413764103851424,16.35796448367651,5.566022571855271,210.16114394324285,-64.06528330621137,True
1.007398424085234,15.711730562708077,4.978450474144011,114.992257415556,-47.58628895565787,True
1.0100765970550596,14.118251313267042,5.082622026034609,77.22343099879129,-39.077726243642076,True
0.9421756210494376,17.79647506869804,4.585103311450361,184.946484036727,-60.2619682073418,True
0.9469575337102781,15.81667462506095,4.810675764232391,138.02529434435158,-51.91777874455524,True
0.9207974887200631,14.15825358371741,4.784378312355381,100.50588244447212,-44.40532781571276,True
1.0022601460349123,12.95435282850341,4.945242970847854,50.28637164191993,-31.17755638471119,True
0.9779828261981542,14.795433325627346,4.634274751611993,88.6765606710552,-41.486379243081394,True
0.9354617690989677,13.036023664329393,4.483805108881673,59.33645865592714,-33.91924941674498,True
1.0608629366507594,13.970226119949562,5.031967890879338,57.49454040302016,-33.55987284634825,True
1.0200151607835275,13.300996653913122,4.559600293663652,45.42770701362204,-29.77750470232106,True
0.9637725337732999,14.246364559481043,5.218353706354542,103.24713061521092,-45.02015931788471,True
1.010162097988518,14.46644837697723,5.5911395806170665,103.25847598882203,-44.8803602811494,True
0.9881008628476683,14.12628227107479,5.068169684590225,85.03152191622499,-40.884374991543616,True
0.921880706914452,17.30020838506395,5.078918870904832,222.81523069791808,-66.15732101066867,True
1.0136932380941168,14.813293342942108,4.333741262616007,67.69762076044891,-36.494617265011904,True
1.081992889772926,16.328128284644166,5.187318966672721,109.82960125824958,-46.605388138000066,True
1.070600367512644,15.56925646164727,4.977422833919449,87.69757674951218,-41.57376360415995,True
1.0051691244516405,14.792966052317922,5.1436688613848585,97.62290906073468,-43.89000309500295,True
0.978200468743087,14.52186952220895,4.648739329836156,82.38652880289169,-40.34995131853371,True
1.0281432767321521,16.351006045681455,4.9196908643067125,121.02501846315579,-48.808014691323244,True
1.0133271400401265,13.963845227143954,5.3693078886053005,81.31472398623619,-39.87344892590028,True
0.9930693948561226,14.373148390559015,4.771358136882816,79.26462733360869,-39.41840057035108,True
1.0930062225133297,14.358228542123209,4.9027879282881734,54.57520475403219,-32.584041023124826,True
0.9801946613677325,15.074745142659928,5.270668435402301,122.63101798142047,-48.96250784468359,True
1.0478559385313115,14.091254053685336,5.208877385748447,68.72257362339538,-36.81906623661643,True
1.007192926235461,15.936734323367372,5.31703732129437,138.80018967883626,-52.19687148254849,True
1.0074343403095856,16.074716862259258,4.785758463687324,115.16353335169032,-47.507249612591636,True
0.9174536558327903,14.282208436197006,4.953204450958866,114.20248117604372,-47.24136982930068,True
1.0550708624978669,15.527430006599769,4.730585451272012,83.04896366367052,-40.45696554449043,True
1.0418377555421738,14.159900968147697,4.712350481955211,59.10273889854391,-34.03195502415625,True
1.0094009538403308,15.178802419885319,4.714026284676298,90.39920200834014,-41.87767816156324,True
1.051739957831767,16.170090488307068,4.987815708515232,109.01581125724765,-46.24245563244174,True
1.0207773041328259,15.103275074417615,5.476118113281445,113.73923118379635,-47.13378621107758,True
0.9351298099767039,14.894938455564258,5.380750497112795,144.83973487820728,-53.28969796243495,True
0.9514702887147537,17.28766385082488,5.161936332745479,209.32973400979247,-63.950512952342564,True
0.9969692397672749,15.360288715722412,4.726377756267328,99.16730244085703,-44.046327952773126,True
0.9154273981521979,14.156887680621377,4.693963579269397,98.4611286127299,-44.054511603402986,True
1.0561216888338985,14.079129069951072,4.913292855655412,58.6217065675008,-34.073686689999846,True
0.9892224928169936,17.279312945231137,5.122703337095723,180.8197976470112,-59.64451550802848,True
1.006846508525959,14.259383006426445,5.167407377228593,84.95394807516067,-40.64191663448514,True
0.9509255467249447,14.298610448053987,5.071920690214952,104.18681363290229,-45.4482509700659,True
1.0323248693153713,15.02678757792743,4.972073326771998,88.03521375423324,-41.50520786716076,True
0.9928642904760925,15.731860278227755,5.064175835065007,126.76849357481879,-49.66388218945922,True
0.9836959048855927,13.759439724796085,4.834795527150044,70.05776285510879,-37.127658254420304,True
1.0705476627455177,14.721487807298628,4.567324349051667,58.45368258201026,-33.86273755587635,True
1.0654716430676654,13.658615678297556,4.913184458134525,48.18029457341007,-30.72039510664753,True
1.0374858492302605,14.847144348229623,5.054922185867197,85.3870234429988,-40.81145160143615,True
1.0104527481665055,15.821531910765264,4.9616474663698975,116.67603246029756,-47.76917900268537,True
0.974195507605724,14.748880316263513,4.542625426674206,85.14174595807586,-40.987053482510355,True
0.9855585852373839,16.969356925613475,4.936271948608946,159.29493164083232,-56.03485376760761,True
0.9832623614436357,14.153266255740393,4.8160601753948065,79.11325935525068,-39.56967354143605,True
1.019608529316966,15.217776865973592,5.400872662324823,115.57760951828871,-47.65961089760562,True
0.9984136408213042,16.307431612616934,5.1684994568571,146.84450383032575,-53.878120768670605,True
0.9996599377203983,16.008902523498467,4.096356478124795,85.12980652213336,-40.779671562782,True
1.0770444570517277,17.64261619785986,5.0151848243365915,139.90257254412035,-52.16555550099649,True
1.0571861182682498,15.323778515956727,4.658982680356312,76.45673156647335,-38.803096925361025,True
0.9609403041954963,14.105147506723817,4.564175843867703,77.07388450357409,-38.9174706003117,True
1.014848850144076,15.083849351994958,4.313090037884244,72.43751582151279,-37.8598032223835,True
0.9612135313818122,14.161858180094702,5.2629987554353495,103.85287806072594,-45.02895012944113,True
1.0301352467393197,15.120540639811528,5.303943001561199,104.24504237905195,-45.07758086372859,True
1.0964603942129454,16.23350806475529,4.550041735705077,79.7650927897536,-39.80527182924248,True
0.9821970202317518,15.696651375856995,5.335712435679046,143.87719138537557,-53.31227415117754,True
1.0395298884449,14.895595408279018,5.630805000913567,105.36094164885023,-45.58921712865132,True
1.0806779487099634,14.31308150587997,4.938030662993842,56.81169596097051,-33.5205307235785,True
0.9931883887796564,15.325110366132483,4.728995433147777,99.73008317398772,-44.42647878941416,True
1.0247151288630245,15.529767818887791,4.978145727331047,103.22385497149554,-44.88697512507261,True
1.085741602741632,13.74600953194782,5.3506106711861126,53.638924108209956,-32.67640956533104,True
0.9531969661462929,13.980897133317397,5.3947983895609894,105.89002773648177,-45.383176235073144,True
0.9481661964257986,14.710376073503305,4.989444864263957,112.77376421038994,-47.014227795319805,True
0.9377867710529134,13.668474841726217,4.724321123897379,79.87263856425588,-39.65857158207323,True
1.0377476932268241,13.189090471623192,5.072894110425996,48.851452692263955,-30.829855167542643,True
0.9493431159018708,13.969373599748517,4.970745478996617,91.96323832065355,-42.67460787524553,True
1.027992399388513,15.382598945568931,5.03574516269838,100.24162981708085,-44.11517215056136,True
1.0679807127152126,15.101909599391183,4.883981483619487,74.94202943285406,-38.13046120370726,True
0.9669060978185559,14.55516386981698,5.057518236162865,104.63926344446585,-45.362478493940095,True
0.9618958030871448,14.063804460422565,4.44080177273519,70.99722212549763,-37.451392698750546,True
1.0334960173399403,15.368793713451042,5.107663411649658,101.732995447713,-44.56947229567369,True
1.0023930353161863,15.316414322196739,5.340920645969073,121.9306137810541,-48.72580729538861,True
0.8818550885879093,16.242879566879605,4.942944515775608,198.03055964844413,-62.35250225758161,True
1.076593821778716,12.488692237194309,5.037721238313566,26.99579978413928,-22.842043540829216,True
1.0275998952235355,13.254000102710709,4.518294299411824,42.02960284166752,-28.62302625900881,True
0.9809816551950402,15.93813120387,5.156096127427561,144.13946440790994,-53.345451965492074,True
0.978956482483376,15.473505680135258,5.278101277339211,135.69225148850907,-51.60555293812607,True
1.035013558508291,15.934150149350044,5.492264940576153,132.57162194100047,-51.195381371744546,True
0.9977560471953238,14.107857181198169,4.287601270593215,57.693230269230384,-33.866281299570126,True
1.0028624473486445,14.610853778743797,5.158555655245181,95.56198190595754,-43.43191816469122,True
1.0075354802863528,13.722357788623846,4.4780494421059185,53.55410968752877,-32.39673026728841,True
0.9590474676945351,12.664827114230395,5.117347537314169,60.61987684990089,-34.50549957473546,True
0.9819624683855194,15.139559630871695,4.833693141009838,103.65658659021761,-44.906367963419676,True
0.9905837263148493,16.415665496584225,5.150162205100446,154.43258389798407,-55.09111191935474,True
0.9619680832195252,14.832422690126156,5.129288912371479,116.90784504210453,-48.12302362870826,True
1.013736229872256,14.283674026329125,5.024908251958618,78.38983907422033,-39.20734966858522,True
1.0242165164792751,13.88039408892028,4.863054306222336,62.06564363565756,-35.12768644262257,True
1.084324751899768,16.113853028327565,5.048578525357255,97.56130633292153,-43.6543337217628,True
0.9619513576004483,15.081085849098672,5.281567814871394,131.7049925879177,-50.81523517803985,True
1.0445228547538496,15.121262803511403,5.080247533002697,89.56490222872824,-41.926738245481786,True
1.0712465262834412,13.556071006579476,5.237156604277484,50.570049398065294,-31.66396400046625,True
1.0474794387474557,14.083175550594337,4.5833728313368365,52.70637108618108,-32.32981463697369,True
0.9750965332583067,15.734844432496798,5.019263570130864,132.7030442880032,-50.94464322620633,True
0.98453632012823,14.473717422134198,4.854726440707841,87.99355088485923,-41.760856228746825,True
1.0758965687765916,14.348475685224109,5.233244842302204,66.0676807059192,-35.932443176462414,True
0.9906755131294939,17.50954662741205,5.159288886485963,191.5669315072835,-61.12937542327908,True
0.9984936412799356,15.069554677014597,4.845896002263451,95.58101524961091,-43.54139797037406,True
0.9756645907868119,14.827677570758311,5.046087665200986,106.42834767954724,-45.87754760763257,True
1.0386909179204873,14.864220441732778,4.957861265783413,82.0668454108172,-40.28133603961946,True
0.8769594626179514,14.321961569829323,5.117664715132963,143.9751097291487,-53.233373378475136,True
0.9594996933554405,14.927485980463718,5.104557826532028,120.879239017169,-48.88000196121979,True
0.9510052372793801,16.94010641044553,5.020513406664824,185.29687979959556,-60.138145894797525,True
1.079419220225294,15.413077827754796,4.5986372710373695,68.82354679704329,-36.830883589247264,True
1.01161067583799,13.404627473091276,5.445462858477318,69.02486604090144,-36.6742653675481,True
0.9899123566585162,14.562696040363559,5.316660520099819,105.18635480092279,-45.39213461664994,True
0.9897993681390135,15.104256668574768,5.026834412653127,108.10124521611654,-46.05291678203427,True
0.9309219050113573,13.493679193139231,5.155626876322201,93.5930662624244,-42.836688913807976,True
1.0678097523431633,14.53213962987484,5.1803427654047915,71.26258318189558,-37.63215769040097,True
0.9824316470458503,14.038975227479275,4.792826933935096,75.18075332606698,-38.33686812544987,True
1.029655852749986,14.603819414235788,5.372634052990312,92.187031582565,-42.602196276572705,True
0.96717446213431,15.070022429642952,4.390433937000307,88.73892484050938,-41.803929352772926,True
0.997001911266821,15.698680118083924,4.488716262389023,96.47006058265777,-43.43000541052104,True
0.9540564162314729,13.846140347482754,4.785585240614421,80.1506032108186,-39.71950461146697,True
0.9875978981907158,14.914333058554153,5.100726403721917,108.02899639776085,-45.83263151443721,True
1.0520391187693956,14.67270374328455,5.03995167830937,74.99911133246144,-38.45906207904058,True
1.0052910783730362,14.77978318820005,5.021821682204288,93.48869654873458,-42.9844313764882,True
1.0187062281806225,14.180623350310707,4.978560412661039,72.905449235345,-37.818358090635,True
1.0031325690747224,14.952540835021821,4.903769395442099,94.86329135511814,-42.95505616730332,True
1.0815578766036027,15.49368509532696,4.617387840468513,71.28761293623705,-37.37316563230631,True
0.9591730279325156,13.608170247922379,4.586982640643737,66.9791254815679,-36.27146560421308,True
0.993095062445091,16.72840333139671,4.614751997247469,130.59477580581054,-50.673575078617574,True
1.0093953965900655,15.94162753235523,4.672083984428604,106.39368324174167,-45.45375440349442,True
0.9502016810880327,13.425408554664344,4.575586228125901,65.81619349278432,-36.04955641785335,True
1.0063231896228302,16.44684094015308,4.569196591854983,115.16396067162722,-47.44490964248795,True
1.0014822496290792,16.514565184555448,4.917848607046449,137.57170326740902,-51.78989260386165,True
1.0056956078910966,14.497193978565658,5.316757724605762,96.84426415843622,-43.54226170030073,True
1.0059147847072667,15.205671542025906,5.132089052263039,108.43228667803835,-46.247750153637654,True
0.9664200450149246,15.090481377371985,4.722155035482278,104.23731578552989,-45.0210738873981,True
0.9187713138299405,13.622503854895024,4.792983431452561,87.35165910575365,-41.155518644973604,True
1.0091540822131992,16.026972550817025,5.569073013214564,154.12783835062928,-54.77958950587574,True
0.9553310986108596,13.119136684398459,4.850289492341711,65.92129491810446,-36.2059813744397,True
0.9953777513722998,15.289388682367491,4.673887365880376,95.99101868473278,-43.56417538612282,True
0.9625778787538983,16.56799870290707,4.91353636572121,159.11395647030818,-56.06404331124052,True
0.9259621289841194,13.311252025571306,4.829199170368574,78.68925160453487,-39.16938795648196,True
1.0180317070378104,14.706900508550648,4.74306717060513,77.02574573541632,-38.79906614447472,True
1.035017493306093,16.13984514925078,5.010404132507341,117.23550952973144,-47.80036190368515,True
1.055164421583247,15.402305624540668,5.380021362890516,103.8566579516362,-45.27233888232185,True
0.9776474532633803,15.833494546081617,4.603905971016954,113.9746589970457,-47.31590018746805,True
1.0019845001242842,14.312700989170445,5.116464582998126,86.39879030411983,-41.212578509363304,True
1.0170312397068269,14.059284146515774,5.296386569258122,79.44344975699984,-39.54861144932647,True
1.0510611129007799,14.800309264287533,5.135151920683688,81.30684280325185,-39.8057931659892,True
0.9124963507672277,15.265337205838579,5.310423601613632,168.86816707724728,-57.64876091825616,True
0.9265640152782898,15.599866562915714,5.161214579033439,163.03659969406385,-56.65848226180802,True
1.0694142925825763,15.444605408272974,4.790775737502298,78.56131103512418,-39.07834255933175,True
0.9157467678904393,15.978738801993316,5.538765495924862,209.26132445604406,-64.04281697802183,True
1.0458684660157969,15.115817299292813,5.1560107109728435,92.48262616867771,-42.56499484361033,True
1.0665505681442695,13.952424313330345,5.6853415386735895,70.87778076297963,-37.26761659414041,True
1.0401700815868828,13.644924366882224,4.441514594030583,43.797695633860805,-29.424514497637155,True
0.9498388154822813,15.758333514475991,5.717061024222772,189.56929750903703,-61.07392737094337,True
0.9554095754665097,16.0058500376898,5.259065684153344,166.5257459596225,-57.37880218527267,True
0.9971208190114683,16.971346048445717,5.141140813239526,165.90024437675018,-57.04269379893689,True
1.0875749609576804,17.423541252560454,4.723399470457393,114.41967381832586,-47.50842151512482,True
1.087169159634076,15.972382457642043,5.222409624267791,100.75689593548563,-44.512481726574144,True
1.0149466648871475,15.366583295255408,5.359400454729738,119.94517763635433,-48.71545286464809,True
0.9202806320557296,14.579531127036056,4.4728030207247045,98.64104293108208,-43.976322302272216,True
1.0081154688901963,14.126239485658152,5.171036208774093,81.16150954081252,-39.94988921433939,True
0.989612522675783,15.066833678567448,4.806115056701794,98.84432561187465,-43.8788332133579,True
1.0011372973583836,14.895066590905431,5.17331722486941,103.92396196480931,-45.25864228155274,True
0.9171784715453905,16.905193703609015,4.690947395111237,178.92248051611733,-59.04932926391999,True
1.0121917904022535,15.586015288143635,5.381352106171095,127.8938195487044,-50.26527367121998,True
0.9248343897635737,14.770171200232639,4.976023916386409,125.369887410648,-49.63894001588475,True
0.8735009387200335,14.118284050161298,5.224930574180253,144.24752469845993,-52.97542088358996,True
1.0112201298015793,15.534163266017025,5.2899133558971325,122.10384280860787,-49.05545016735857,True
1.0959313451279884,15.13800591302134,5.0897221775940285,73.30271958281077,-37.95463630641932,True
0.9582182483117001,14.548503765377028,4.739341009333393,93.81022909723987,-42.658364180552034,True
0.9763608908565536,14.313507868948312,5.189915079833127,97.99492676732902,-43.94019531066105,True
1.044787484259704,15.549133705185215,4.971269948838763,96.19657691595309,-43.30709814463977,True
1.0581317536376353,14.592822050276629,5.0570032545417165,72.78864433860369,-37.575287710572205,True
1.0052761247300277,14.67659606925475,4.890504873844573,85.57313621608294,-40.78662202775484,True
0.9645792094053883,14.515386413206528,4.463049857694472,81.36171564365607,-40.19214103879014,True
1.0663058541002335,17.834394323215736,5.01756953104266,150.3430660760757,-54.348218676053115,True
0.9384870900063309,15.157837299965847,4.820524489567071,122.79607372847111,-49.19593266153669,True
0.9739418042834977,14.176793841276824,5.090016543697596,91.58754074976653,-42.502892388106176,True
1.0294140077649556,12.427122479067668,4.989245093707383,34.79600290390212,-25.967822339074292,True
0.9215656652561978,13.359397033509554,4.842070341929926,81.45172806993119,-40.0548940905408,True
1.0194168249847773,14.707094536527872,5.640041112804505,108.37702461569891,-46.01762734260015,True
1.056930989610444,16.69504023327155,4.906274862107494,118.08187471153889,-48.359931870629254,True
1.0838269670433842,17.286863009441156,5.02399031572125,127.29279606424724,-49.926325251886404,True
0.9804965839505947,14.761728520009232,5.56352274512296,126.22567491433313,-49.59648702782106,True
0.9779927125468554,15.364180096605624,4.697469986985868,104.3587256822516,-45.354910496183265,True
1.035748002314086,14.834609592485602,5.251984946886637,92.53639495601038,-42.791193112116154,True
0.969109812235943,15.455307759598893,4.775813179922543,114.95127801688555,-47.54637501992892,True
0.9845632957111887,14.759544273187972,4.9306899448219355,96.99776442443724,-43.51477168148289,True
1.0161052067524317,14.442782377734524,5.118909688833227,84.62001183034202,-40.59459452441998,True
1.0186150281340964,14.343286645269792,5.343924583979989,87.74214827318355,-41.40476534536327,True
0.9046442285307128,15.710044377245474,4.6932143588445925,147.73944353130176,-53.757837902710946,True
0.9416796267117412,16.302774346501828,5.076782102289302,172.1878809004154,-58.36604349028326,True
0.9083493364846852,14.55069493292085,4.77715040469095,116.7972213608724,-47.69660896573778,True
0.9166113061938688,15.727400037844596,5.193524560239796,173.765316204938,-58.417860431669716,True
0.9440644805710832,15.156670316537285,5.290872678460597,143.54087525894397,-53.231099542083925,True
0.98888679911712,14.617513439276808,5.200367043617437,103.24468160666945,-45.02062139496803,True
0.9937264422209907,15.678196975406653,4.758503140493412,110.55874357626249,-46.404055196945976,True
0.8924120604288814,16.34796750008793,4.66913769825088,175.49863620798095,-58.59887957852427,True
0.9533412746473707,14.175890516947028,4.948417380865325,93.95948482906647,-43.13402775662052,True
0.9240898112340872,14.677368933721205,4.631776852692238,106.30663540034446,-45.8257960768568,True
0.9899884616914693,16.466726274391768,5.154228233145348,156.41692519072342,-55.2615963549038,True
0.9671870180248063,14.957429207925077,5.423964128598063,132.3943218786323,-51.09441506348161,True
1.0629267446559412,14.205332894496582,4.763826157411371,55.78390131315767,-32.97008453014362,True
0.9930266595795163,15.169876360570775,5.156929310281694,115.08869476024945,-47.602199587169,True
0.9696502162513504,15.008643548978052,4.762255918656717,103.03480299746774,-44.895132271020735,True
0.9868855207373455,16.05560166736512,5.3768908817511765,156.17598040409774,-55.37361268460587,True
0.9678179625802369,14.956342889807537,5.303532873619869,127.23673386176095,-49.757846284911075,True
1.0670721068660567,14.989850578052927,4.976010643160212,75.85431132505784,-38.65277297859728,True
0.9832376500678149,14.948130644036969,5.2295386498088705,115.18212933790623,-47.71441739310791,True
1.02280236770378,15.16753238009586,5.251179395114548,106.570168983558,-45.50074763096596,True
1.0394832665636418,16.516584848875663,4.6423337902259645,106.45586673354906,-45.797097743548235,True
0.9669512197889107,15.724840556011054,5.148484568499699,141.84632743629035,-52.60820967457301,True
0.9098181398983252,13.957557539342107,4.813350461995047,101.73195576737037,-44.78745033643294,True
0.9759646011972294,15.281571888311207,5.037222426704582,119.02171981936704,-48.45752345596987,True
1.031864998890644,15.345754622917108,4.896743315784369,92.12618378382486,-42.39537260626635,True
0.9152256622164949,15.376611731775382,5.008654357032182,152.6686702749273,-54.94797208607744,True
1.0126403919197933,13.520171950853342,5.276119595094536,67.69719175512628,-36.65705371472652,True
1.041986616221741,15.146278918339826,4.656948983605109,77.34724609730029,-39.10047381679993,True
1.0695806789421853,14.432091537641677,4.47527700514159,51.2964164329304,-31.494492628552806,True
1.0338910578813443,13.502664429453674,4.865715793591323,51.94608683304041,-32.14377623729075,True
1.014635110320234,16.20925753613366,5.331633664994545,143.69241438688127,-52.852315803821234,True
1.0093039969809359,14.717743991901628,4.730462535575233,80.02499208904779,-39.62615593850049,True
0.9396043220295314,14.732684658006654,4.8452853199277826,110.34095855008042,-46.578605878489604,True
0.952672441815239,15.882109891118171,5.350106101474951,170.00256463675805,-57.616490017489014,True
0.9133889252519047,16.024075782000075,5.415374962540531,205.39570257610623,-63.3097032034133,True
1.003597232925968,14.751192920467666,5.2077754650447785,100.93886010777189,-44.47782188423393,True
1.0220360526894905,15.029308036041312,5.12241954279067,97.31443919239041,-43.45940015681741,True
1.005885414416125,13.989886052082511,5.300319405937898,83.15014637172152,-40.369031352709904,True
1.0141838938544234,14.057609162824795,4.8754021978607796,68.71793676771784,-36.55756999604075,True
1.037983299411447,16.297807676638566,5.207784081129847,129.9512198850083,-50.49306553706749,True
0.9336442753775239,15.045461178693715,4.7607770607007,119.31253610311909,-48.21711212728415,True
1.0031422712509324,15.969989223732616,5.4855088344933725,149.97401516587837,-54.19469592455404,True
1.0123251948772252,14.834744419194713,5.3129438855363995,103.55983965752334,-45.20640761178805,True
0.9765543630321258,15.420129911870408,5.19754984384509,130.14734830600815,-50.325208085539664,True
0.8937125570420181,13.256254681466004,4.897381935504903,91.1737973998259,-42.09630705531137,True
0.9487900128994128,15.860706995762499,5.208045972047742,162.19948240434204,-56.443943269151966,True
0.9745866309558503,14.971005243965987,4.994447671936747,108.6638564843329,-46.30855042547737,True
1.0074798614114866,14.530035310774338,4.833148721710014,79.75080207995032,-39.43402615320206,True
1.0016728672479036,15.628561261448981,5.175493946334042,124.55873188889683,-49.340205834555604,True
1.0961659688286658,15.993731487015777,4.4293025649503415,70.40371774551082,-37.09578005783848,True
1.0471835684539321,14.59420904742821,5.26604148603201,82.34203071030322,-40.42236549532243,True
0.9988490102369624,13.80390967575112,4.69097758871111,62.394205846363505,-35.10886412950565,True
1.0060589925562493,16.66556505554783,5.219862325898831,157.20319015485697,-55.768217575222806,True
1.0635338570306445,14.7843562455932,4.552946517580626,61.338704934447854,-34.645155636817115,True
1.0654541052169901,13.080972063221513,4.875911503539579,37.073628015422855,-27.149897138660485,True
1.016704720032832,14.57806194522451,5.13618354591467,87.77962221891221,-41.42401571335106,True
1.086665641718255,15.449610925849175,5.261207952247134,89.71712629642587,-41.87703208031327,True
0.9551002001615885,14.91814845947025,4.792712834769643,106.55933282693687,-45.68959658814603,True
0.998557436651864,14.87095732060842,4.722448873194805,87.04360054357056,-41.09490710441845,True
1.1583120165012502,14.64811119384586,5.306581007070347,52.322685098110306,-31.91494997664045,True
1.0355141267831764,14.579005993923207,5.570377671956339,96.0696135500428,-43.29208592343677,True
0.9929517180413217,13.722065575798688,4.727033419402295,63.720381172799556,-35.40052182027921,True
1.005196836184583,13.702377414220878,4.215625414467583,47.95929031184335,-30.846469654778108,True
1.0089821875227967,15.363981698594435,5.456224632972584,127.18332101679525,-50.15685566808736,True
1.0834969460559118,16.23044497137512,4.955821105808357,98.67777592209967,-43.802565673736645,True
1.0402099199696415,14.724131361478122,4.728373142820367,70.72747690611934,-37.24043290975127,True
0.9960640163215437,16.38581123832011,5.017456057192669,141.99658788161565,-52.79317010393007,True
0.9161984792025583,16.098824702199273,5.583412493990355,217.98346227960675,-65.4275588540335,True
0.963665339207565,14.868121058999387,5.197271762708334,119.47739366416373,-48.28166481360291,True
1.0030032710156023,15.637909059067006,5.234177694332483,126.62218781857587,-49.600804768670855,True
0.9935197455248931,15.489346834844255,5.048536731792004,117.14070566400096,-47.81759897018163,True
1.0547931154304868,14.495015550702092,5.143095466086152,73.04664744712105,-37.628962914597636,True
0.9884323481925952,12.842244053091012,5.509202617351991,64.91652470348261,-35.801418542721215,True
1.0419334618104736,15.13875981503161,4.729229287905819,78.85831799886545,-39.38543161314723,True
0.926396270748592,15.701489006956878,5.228030303404512,169.98418683906155,-57.677257854408964,True
0.9737758277022078,14.446484327566939,4.9896040700264095,95.00277335588774,-43.05183037322409,True
1.0347339796847326,17.007115188457004,4.9811030032174575,138.77725843706608,-52.215900691563164,True
1.1033643035969822,16.03246090912202,4.656685468192787,77.22900392411809,-39.1260396920826,True
0.9928992439691967,13.527405450122728,5.1262496152215435,70.24664706105432,-37.2551419432491,True
1.0414396238661918,14.805397055356913,5.174664195598657,86.33329988293417,-41.342845201434706,True
1.066807311161488,14.160169142577061,4.943975510778529,57.411885975574606,-33.37762833914894,True
1.0476600831777678,14.632628310661456,5.434155984736519,87.8984548147025,-41.60005845253417,True
1.037413668091363,15.654213587110426,5.02499981342096,103.55720884971112,-44.950745933388355,True
0.9823020062852614,14.748252690352764,4.362995061434316,77.09951439713232,-38.90553272991553,True
1.0759739843290486,14.429676121141231,5.164940605598309,66.55389111258178,-36.211819643628374,True
0.934098322306798,15.094086427024394,4.651194427167304,115.510636320811,-47.658742079849105,True
0.9366531379786642,15.759780546177469,5.428532168306405,178.7036901790335,-59.374308306206956,True
1.0933697985466875,15.749815866123157,5.562826757404245,105.79575744726833,-45.39140185303809,True
1.01808099495553,15.615335183800529,5.302152516341937,123.69587608133358,-49.39565331906423,True
0.9381010013248763,16.370200940917012,4.9998353466325245,169.88792553250474,-57.93619599490114,True
0.9283196047735942,14.90951425645407,5.180286096656849,138.36100389087287,-51.862071073270336,True
0.9262106921875103,14.638790349251277,4.775674783683458,111.27076280274409,-46.76084266615132,True
1.1017178226703102,14.844550505503495,5.183801776028823,68.04099245119028,-36.37367846382538,True
0.9959377504065458,14.190600418768623,4.761521788136173,74.26839948331569,-38.04578973042283,True
0.9741347321297072,14.167273431622995,5.563876734861662,110.03311668377141,-46.5772164373264,True
1.0814391224903925,15.738808013863865,4.704256309302387,79.39039166626047,-39.27100716854617,True
1.012563816831564,15.830604582015127,4.508500134052613,96.08046119677499,-43.64148276064499,True
0.983628676979638,12.354118098092599,4.950594881989699,44.006450786925654,-29.41531190142027,True
1.0530436603504643,15.94023695093498,5.177694436226386,111.1412102591255,-46.85404419186626,True
1.0298854144040177,14.588711294724614,5.695264242504816,102.16837279696571,-44.82537250289011,True
1.03002288225663,14.36764343031105,4.782932043416217,67.79885441526747,-36.54097922818816,True
0.9864891127868729,14.673041267041267,5.018779976670998,97.90658809106993,-43.587288720180595,True
0.9552328562486812,13.737854155159063,4.9997453886639915,83.7802775053991,-40.41609533566861,True
0.9494765478680725,14.831956942255271,4.68409379699056,102.20862506239327,-44.79089023172811,True
1.0051454666987727,16.91490894882203,4.699664126388562,132.97747903472992,-50.88939885856243,True
1.0003763444473077,13.45230955283118,4.434232241323903,49.365964302413076,-30.902243038334326,True
1.0241404190304417,15.618340465913956,5.458234767671035,127.91345255201486,-50.030430892357906,True
0.97875901224103,15.974607171611133,4.761678706165437,124.79965184887202,-49.678320296166426,True
1.0640153364918263,15.58195826301808,4.374282247108045,69.86321570340655,-37.09775926779282,True
0.9337228398062649,16.53373038682731,4.8839947733495865,171.13105102334603,-57.93162532967111,True
1.0209024414829966,15.981602258966824,5.365574053741823,135.97917305738738,-51.82530834474468,True
0.9545259406088048,15.67094798729489,5.154653653651431,149.50486253609526,-53.93089999410683,True
0.9878414700869412,16.038050084902988,5.153265177065759,143.77367596224806,-52.91566374070566,True
0.953963187162261,15.991883162449415,5.485638025741269,179.72421343917478,-59.364550801633904,True
0.9816181113089835,14.650980169767356,5.31259454142088,111.38191045354479,-46.69845221035872,True
0.9464854720975459,15.631169820737275,4.214926227966782,101.94293145955591,-44.58841951295923,True
0.9499583542258196,14.727067713118451,4.856797687475256,108.00419931167994,-46.17050486982367,True
1.048188215363323,13.665912310951116,5.130362435066643,56.886689952873255,-33.40859648167691,True
0.9305284703539044,16.836708837755477,5.056786103171294,198.6994268190853,-62.22959791722383,True
1.0324978930135105,14.446589630836314,5.16673285840288,80.64369238126255,-39.566708832898954,True
1.0425915278881146,16.09546973704023,5.8050283193510674,151.54993017207045,-54.38552695681418,True
1.0365207111803705,15.53473492304064,4.7090815356015945,89.2342600690165,-41.62492141448644,True
0.9986685190101823,14.104095431893501,4.325111697368909,58.74754301333413,-33.72238585040635,True
0.9453957866856169,14.224155034964225,4.270021933092733,74.2391814208232,-38.30842792749762,True
0.9227390846293073,15.39733788641401,5.276450744638103,164.2847783292042,-56.74925045816396,True
0.9409962596844417,15.399449725617746,4.9519572418328135,136.69102177245134,-51.59075591889245,True
0.9413089655870831,14.623822475666996,4.553318027750872,95.93563798278102,-43.313128043662104,True
1.013750044416228,13.418117837466452,4.929518212255586,56.63667209594734,-33.56220307239353,True
0.9292233759528649,15.803202615470562,4.855954818040228,149.78437637379182,-54.00622383837474,True
0.989663576660674,12.074943432369922,4.893939026353419,35.70228088171573,-26.54281217056121,True
1.0020084936692244,15.348137028063825,4.42603303590254,85.14356420755185,-40.72869378562727,True
0.9848467789022753,16.13283306559465,5.1778479540615,148.35187478241846,-54.12049386297634,True
0.9864731371772921,13.15075700047683,5.215322275131919,65.94455234251764,-35.9598050349961,True
1.0638184530066441,15.159974862410735,5.0386830496749075,82.2550285260552,-40.35933259873853,True
1.0249855875172982,14.616210612240511,4.977120043671348,80.85842151406537,-40.043909107002044,True
1.0351521506839012,15.194969162723158,5.053680591059765,94.75178596638541,-43.347744144554575,True
0.9814194102960079,15.977888519651207,5.014762505216984,136.92665434147023,-51.69054199291104,True
1.0392263285552994,13.653578752886563,4.467320464157957,45.13392428298236,-29.658533302521267,True
1.015185129440787,14.77669227577132,4.7486236198184955,79.43644887618404,-39.2611023922185,True
1.0105088345760087,14.83551935413317,5.064187611329821,94.81040802411042,-43.33619300017528,True
0.9804317626652439,13.05126294261173,4.779417081319862,54.74228360219268,-32.73209791461999,True
1.0118398069228645,15.573600971591945,5.265090051816103,122.99290981678384,-48.89873835827596,True
1.1054154038588129,16.628589494174694,4.59451836580123,84.89625409144713,-40.67492584472312,True
1.0301783238700697,15.67058655547413,5.704564099336604,138.46325992396072,-52.32621323570893,True
1.0854555865338287,15.129851437477543,5.622145801781365,93.63732142387693,-42.890284341562136,True
0.9056527064687298,15.885928042577396,4.915001607070178,169.35214462860583,-57.87023912053024,True
1.0036150455594024,14.405029796692917,4.550875012254038,70.32959124938895,-36.980544350420615,True
1.0410486174684277,14.118514392041787,4.839153359059756,61.00313972779957,-34.77767099353502,True
1.01933398210665,15.513641062323561,5.364116921719569,122.36149597926827,-48.77879586268397,True
1.0257510034678767,15.228939147182265,4.8982795658621985,91.51091898051205,-42.51904392351516,True
0.980562673330269,15.313891519092564,5.11821714300366,122.60619613184046,-49.06211676217132,True
1.0605649685316816,14.141129475896996,5.015400544317242,61.07062726271784,-34.68941327293847,True
0.9199613901338434,13.495010459520458,5.171631766317203,98.23837232754298,-43.89315269032985,True
0.9925203230439203,13.960859784002704,5.150232891759842,82.50798529009752,-40.16193891485182,True
1.006209939984633,14.147215458385062,4.91103744620141,74.62424583162421,-38.31347373225563,True
0.9713595231332264,12.958844595677402,5.4359661512121855,71.31540888345566,-37.16390236522223,True
1.001396859065671,15.475178605395053,5.15274937552419,120.19848541825122,-48.64282100121052,True
0.9017625489318084,13.710656521678265,5.354471814633452,121.89867245978844,-48.86035066787866,True
0.9351802602482555,13.655388279347436,4.926554253862108,87.38560636756878,-41.516702782128824,True
1.0635119619184745,14.73807831783986,4.950256203019711,71.48045968699844,-37.639331215956645,True
1.012170569759921,14.093922559503605,5.804179822160687,99.93247750691751,-44.10994398020047,True
0.9810599756208085,13.422186590823312,4.988851654662535,67.49108259190419,-36.56044523085942,True
1.048987872597919,13.532724239376103,5.376042034954973,59.260958253264796,-34.32198118570292,True
1.0693592345031822,15.535545318744559,4.5631982212739315,73.92336372276549,-38.13865442590821,True
1.0904864324671033,14.663576734482566,5.107300157127662,66.11032025282209,-36.20636772159512,True
0.9056520713418381,13.486385317921563,4.877667507355668,92.60132467189239,-42.79036690012212,True
1.0691434739615115,16.455940583800995,5.461648799315643,132.4615066273543,-51.214124403854534,True
0.9419517151605212,14.288714367434466,4.797275699282128,95.47000087854015,-43.4360321634746,True
1.0150827502204685,15.5298467156964,4.871362387434579,102.77008365654551,-44.716437940764145,True
1.0305664189129604,14.891917804705328,5.173887489084146,92.41244281214428,-42.57882407642478,True
1.0804439070812926,15.09790692719143,4.684599926059524,65.51014183628872,-35.856640615887045,True
1.0234644092593537,15.020728938340477,5.038207361863256,92.83489168283921,-42.623397686566484,True
1.0139494545324654,13.621188122488581,4.819446401794016,58.365934259885606,-33.92709898574157,True
0.9581102477902883,17.244075157470363,5.04208153301228,191.55444611832377,-61.165063538025976,True
0.9156172164198172,14.239456765595714,4.972605923299811,113.7828928329377,-47.31871330268429,True
0.9568055768812144,15.825398996798974,5.550700285250078,177.91644265577733,-58.94146714629765,True
1.0703300293687164,14.209272356387247,5.138796009241215,62.19682522062245,-35.126164722585834,True
1.0016405868187626,13.89450438421225,4.608176027689698,62.09724177975037,-35.06787840476464,True
1.0830624981985812,16.369255162308352,4.724261424826345,92.18686244607146,-42.49566415230878,True
0.9641286200752476,16.556733812353738,4.868822422711026,154.73232421749,-55.155555229797486,True
1.0392687620562233,15.453676978937555,4.790039181034877,88.35525701105065,-41.44015240798962,True
1.0083881988965968,15.807073800367851,5.4258136468736735,139.1984680369117,-52.39856782718132,True
1.0647628902686526,13.74587823848666,4.832560997700839,47.9803344809257,-30.582459625082155,True
0.9888341229925747,15.659431666782162,4.988813942749056,121.6051491558667,-48.839213155898335,True
0.9936249160605306,15.649006601542611,5.180407047470188,128.9189230526138,-50.53806584233819,True
1.0608559084928513,15.43853641806451,5.837199565441249,120.39760381628959,-48.771999336297405,True
0.8955186553198456,16.646619399403324,4.956158438895377,207.9381114318765,-64.01598760833299,True
0.9928432431343552,12.719707395912174,5.498410144728619,59.28793647653069,-34.0138250900496,True
0.9169462358125585,14.8207998311892,4.870623236297105,125.66810882683346,-49.80174287522958,True
0.9985269409984954,16.482112765550035,5.292854736800055,158.25474448109026,-55.74193315042379,True
0.9789801036300418,13.88761755972076,4.748884117623616,71.38668505758396,-37.584442209425795,True
1.0301124682966778,15.649520237846124,5.24030365421241,114.8668719415889,-47.28123691971108,True
1.0233109910879041,14.51416628799306,4.888396269669127,75.91456545592814,-38.410683144664205,True
0.9857199063536051,15.08844180872796,5.273698436946954,120.47088521321399,-48.855253739873056,True
0.9519134479860845,13.942626596890982,5.2418681174516735,99.52852534497097,-44.25702397212098,True
1.0039164958459836,17.262910003582014,5.187929828130316,175.03064964373763,-58.71406902011674,True
1.0652522083992255,13.852840222533402,5.128414130405387,56.15632439927177,-33.08994720017139,True
0.9509860994548713,14.86982128267945,4.856824558084985,111.48561186945741,-46.988555931263726,True
0.9248373145954398,14.740589340839579,5.217402847241059,137.22650034026327,-51.70047875588751,True
0.9078409672993166,16.074329983191024,4.519522558774388,147.5253519522865,-53.83420975591816,True
0.9232678539031481,15.069712452839115,5.766048798610342,182.24619118828366,-59.83905480615728,True
0.9996372473189975,13.423341810772538,5.193328398967411,66.96352526676722,-36.1212927587255,True
0.9297296867759979,14.356639340509364,5.162654586896463,119.85474439723048,-48.704478583456414,True
0.98125222364216,12.83780617361592,5.141678291827079,57.89009063840746,-33.66511264223086,True
1.0230817981753724,15.072810643058276,4.776877585261013,85.1695416358808,-41.11678929826304,True
0.8935718806478694,16.781027998886103,4.821055365042092,201.95655876793788,-62.935367333147646,True
1.049341129892072,14.800742284718906,5.072252638967544,80.30926293368778,-39.89954179399211,True
1.0713724192239582,15.340014526770332,4.853986360643866,78.99034738784832,-39.222823304159114,True
1.093229315277657,16.10219219183588,4.6445226679584275,79.84990074328057,-39.420075108971936,True
1.0737028027390525,14.30926623329729,4.975877056225186,59.72570195017527,-34.40786504089473,True
1.1206351259311589,16.09973971470154,5.105185215004055,88.49545131464804,-41.76990377481859,True
1.0115026914549705,16.9123877351711,4.996369664093293,147.22099337177158,-53.73968989680131,True
1.0403001870749613,13.225376016647933,5.315743675009959,53.84343104838771,-32.53774563567353,True
0.9874411170796888,16.136969866860188,5.049011848956446,138.75923997708136,-52.35934068185056,True
1.0331394518266526,13.517390277129953,5.475650489472302,66.04335022845758,-35.94909831071968,True
1.0068739797974469,14.225237273923135,5.69194186316206,101.02705274344267,-44.54721111749903,True
0.9168502345984078,16.13141590177569,4.960164951470057,174.5204603817015,-58.68757561672554,True
0.9247859007726631,15.32216360675216,4.665498436631844,126.07330115617889,-49.658820420416326,True
1.0904495393311997,14.541196489161228,4.656917211258009,52.926562570199216,-31.99177638007478,True
1.007757173732653,17.233679105353616,4.985256769438223,158.87623128486234,-55.75888252452003,True
1.0710163474466667,14.67018355534881,5.240632266287681,74.80658918941572,-38.45093315118816,True
0.9716611396302325,16.096372159956296,4.895570877670662,136.96029555759733,-51.752938530884535,True
0.9553769117866071,14.694488156848536,5.007908420866914,111.37666031120199,-46.913817534962575,True
0.9957091119560153,15.457821582068771,4.84401527022588,106.36190616385238,-45.859989302123346,True
1.0392591021040203,15.49200834202243,4.904825958788043,94.88664518717441,-42.95043164610409,True
1.069604243045186,15.080337549147613,5.032731796289178,78.60235327646791,-39.16260983653307,True
1.0093112574443057,13.581400558810616,5.292700027913902,70.24570469440235,-37.08313141742654,True
1.0326827132733432,15.277062338400617,5.279887143655479,105.55348373429516,-45.690587561634715,True
0.9928174915179426,14.420483094829969,4.329304318868444,66.0489814103134,-35.898086726985106,True
1.0727911663297278,14.542138982960633,5.203778953415928,71.3246602120274,-37.23452468558553,True
1.073551441006745,15.593384455068293,5.194453082266919,94.38694855348962,-43.17075890571632,True
0.9607375996406228,15.524508890817426,4.973645815398017,130.726635802199,-50.65926012188659,True
1.0191537876007457,14.244175439132924,4.898849088247375,71.2650985472173,-37.46328208901278,True
0.9502211783401305,15.217514088599838,5.181536942460676,136.94768453319176,-51.61102178158435,True
1.040813479630782,15.020347316027257,5.0394949906274915,86.69119387694859,-41.408164514908435,True
0.9802820035890162,14.138193878578752,4.931334295369751,83.08333360797738,-40.44223779000474,True
0.9601360798081825,14.199804583492705,5.651465383877293,121.94935942603851,-49.11660970724215,True
0.897999508947698,14.215753168529798,5.153270054254642,131.35227671692797,-50.607062473259184,True
1.0541500244209958,14.988999453551621,4.840574744555707,75.16499198334549,-38.45716478622928,True
1.0096404823798153,14.695813938883369,5.223950166561443,97.03686427322776,-43.75616713141208,True
1.0125537281304067,15.209302303213796,5.1313583975751875,105.80741593016725,-45.75870925845898,True
1.041590470333794,14.120350353027181,5.114036284857908,68.66101685188482,-36.62238091167369,True
0.9619083949709738,14.826871780253596,5.2607372010801825,123.67405342338199,-49.2692130531485,True
0.9540897230246088,14.902309814362505,4.858239226883671,111.04281943348387,-46.58043591935182,True
1.027465442307248,15.326307835012457,5.079101131447185,100.98328468541516,-44.58825651953775,True
1.057905797386023,16.469784753706648,4.746038536461786,103.09368085601673,-44.75162022213266,True
1.026605675655096,16.074294421971473,5.241521355081912,128.63043439278587,-50.2320201056024,True
1.0801386283842866,14.925555187961153,5.005218231369182,71.99410814763758,-37.637666707035315,True
1.0282196570488906,13.405213249786957,4.756626569092653,49.41257891466187,-31.106436122097694,True
1.0254926811088816,14.487005102946025,4.985188302767716,77.7063800271432,-39.23763385668927,True
1.0411112296418066,15.920979200017205,5.070374730733105,111.14154928449604,-46.59629967106063,True
0.9884033436418198,14.944795755121424,5.27079934402392,114.95431467387208,-47.39326431242133,True
0.9378757594591868,13.742368430604378,5.366206080188732,105.46273977986392,-45.46267166886251,True
1.0009505083739691,14.794444720448425,5.2801173797232535,105.18172132462136,-45.26990209866265,True
1.035692442717654,14.52922599458931,5.161653787564725,81.56276776755506,-39.86672688755335,True
0.9570262312938437,16.26080831345806,5.221940445461191,171.40559977453134,-57.94738375588653,True
0.9296967710543521,14.417556336484028,4.920933798771399,110.35229881352146,-46.35186470775296,True
0.9637004363897583,15.414239655336628,4.672532325681526,111.38197249125014,-46.958725823239384,True
1.0667675146318905,15.688268821395042,4.800415452918314,86.33326591428005,-40.99864620324124,True
1.024782516997423,13.761392444603773,5.014507457008804,63.16417226548914,-35.190580166934325,True
0.9937008929235632,14.25533403011109,4.939054087046769,81.26225067622678,-39.84178933132068,True
0.9516152341132401,14.573054654402192,4.92646966293853,105.26721775337877,-45.3491013803088,True
1.013765033116999,15.137743292434466,5.0815089246297465,101.39857749226921,-44.50877464262791,True
1.0092580094646693,14.40513886570538,5.297548408016847,91.2021237542811,-42.073103693737714,True
1.0228127848366844,13.624385360942016,5.084753716104584,61.99454836314706,-35.07041180270928,True
1.1252080300668135,13.992787174349722,4.854663623731894,39.961230093694155,-27.845405935445303,True
1.024693515858473,15.940089796647433,4.635580473131668,98.50984521806997,-43.91329302612475,True
0.9652962922425242,17.072098425695096,4.9532683174336,177.48904547204938,-59.21118268627586,True
0.930746069719533,15.305382138426989,4.386771415245948,107.65167038684619,-45.85598398321811,True
0.9720233523994506,16.078715075362958,5.326996786280324,162.44353691538956,-56.69102568261573,True
0.9771545865955089,15.353953318314806,5.029140185505241,120.5633825068819,-48.6702463951564,True
1.0414389302718978,15.698405589020506,5.530999969860725,124.57064726076563,-49.266104824214615,True
0.9690922924823474,15.740702700554252,5.401574974269559,158.18182250071035,-55.68413134909353,True
0.950406426165657,15.67779386089151,5.165218957900574,152.00077041370741,-54.50440483041506,True
1.0269020869306649,15.355423440618903,4.849855794674879,92.20485705813171,-42.744710695326916,True
0.9690545296189049,15.142503042753553,4.888837479835136,111.2181731699785,-46.54781196837608,True
1.028827927054658,14.594265441582264,5.467515350119405,95.69297068092,-43.134175467766525,True
0.957699090029871,15.525542083999815,5.144621158723134,140.28371969646707,-52.38033282412313,True
0.9764032577959001,15.310385856363796,4.60591320485268,101.44784686405724,-44.80617708547895,True
0.9709021698417137,14.092744334360086,4.900034868415518,85.29354385832333,-40.96524353436632,True
1.0205661065530847,16.18861406496657,5.4233346005142,145.34364030074778,-53.34249339331997,True
0.9928037415017367,15.99159175057235,5.330703726107575,147.98344277854244,-54.10784544614052,True
0.9389156426882462,15.193288279694297,5.122269519210143,139.38052767640906,-52.53254191925265,True
0.9347328518131396,16.177840719108133,5.409177543832459,196.4474018520544,-62.14390552868763,True
0.9842026625143735,15.727427768299723,4.627180831661688,108.65960612082125,-46.35661788174831,True
0.9292280056859286,14.559872738845387,4.822049738179037,110.0602130450453,-46.631398482066906,True
0.9792893978322058,13.184863938782284,4.967378280417269,62.6837302905178,-35.19597307645311,True
1.0128192129192568,13.151020821783757,4.8495145344931325,49.42223605452559,-31.200840986368657,True
0.9408763990844077,16.262334031558666,5.224911997936046,181.4834358664483,-59.84123698993198,True
1.0424209437972267,14.971721703385503,5.240306470360074,91.85550741267684,-42.31712229451943,True
1.0691795933389208,14.629625202554879,5.152572105509768,73.03753328361759,-37.73920143665937,True
1.0541741402116578,14.34044925294266,4.6939858049646555,58.10414248813397,-33.6730886255967,True
1.0334406737217916,15.063633634111959,5.530883087934638,109.07023322907348,-46.14161316897734,True
1.0210916972666046,15.914678783712384,5.1017101796621365,121.69749674340484,-48.73388451010624,True
1.0119940062311745,14.18767749826064,4.522161902312557,62.27223226182901,-34.80165123251086,True
1.0184966536612514,15.094652354381106,4.638859209389503,81.84076457293502,-39.975571367460645,True
0.9697510982737964,17.658056393212412,4.772223076837846,179.59353965679065,-59.256999669457265,True
0.9987456440473108,16.814987245362413,5.495681658804708,182.38438105407616,-59.946918568677624,True
1.0074302099063672,12.768144548717817,4.738096430108134,41.74409149949791,-28.579122266800603,True
1.0320525203657038,13.185312136143066,4.682011046006138,42.66382376641393,-28.73416920095,True
0.9204958733489743,16.805928976201475,5.328447999244367,224.9981259163636,-66.64001699775822,True
1.010550425173561,15.8959529715219,5.2685289335554994,133.32264063624928,-51.028027358583756,True
1.0530975831630007,15.051428003871834,4.83243186328798,76.81249076950473,-38.59123316784846,True
0.9698743513713459,15.528466369344713,5.152467696395272,136.8283812866021,-51.63132871717407,True
0.9945271690418307,14.683607249579117,4.924228118028424,91.35231513357613,-42.18366865988362,True
0.906825701934739,14.334177372422504,5.185896467856112,130.64696365825162,-50.72919460463173,True
1.0033190082722587,15.73036947019104,4.908410045710085,114.90370225097955,-47.4697518805542,True
0.9255668805540486,14.903076352625483,5.158667251891282,139.61837805271657,-52.14035602485792,True
0.9723321846088586,15.86453212158908,5.007013584571806,137.97752067560276,-52.00140672211914,True
0.9975578010707012,14.451314396570353,4.822948253852736,81.22780806318845,-40.10203514459194,True
0.969659099363506,15.712858551157748,5.2793298451260995,148.35417299572535,-53.90855338845295,True
0.9917989721218681,15.311995674969051,5.02109910311467,112.95231872277203,-47.1125289402274,True
1.0186649235432181,13.66537511077643,5.294638886871766,69.23885929466778,-36.810577203351336,True
0.9980807510179107,16.474302685985364,5.1535257137287855,152.32239452434916,-54.45189477153476,True
1.007062395618339,13.592192998168686,4.987806427393753,63.409266258495386,-35.03013628377252,True
0.9065149983186838,16.330975552879085,5.353450255736331,219.6928420483198,-65.5643575019625,True
0.9921174213314085,15.454920144545966,5.077024741445931,119.11047433104108,-48.57416527944954,True
0.8889869739106862,15.640662922523259,5.140565319519964,185.1283157802875,-60.4659074014604,True
0.9802052817586576,14.507057156461299,4.911728263262818,92.2336044038856,-42.4979041192229,True
1.0920591578894157,14.631073755984017,4.862441879226408,58.82347230865585,-33.92280241215249,True
1.0468241888660226,15.003843122629217,5.056368433579265,85.93534279444508,-41.189602985899484,True
0.9286203385875085,13.71110379980278,4.732017602540096,84.13358278509305,-40.71912467682253,True
0.9728426949401755,15.575222451674714,5.046416628584837,129.02492268327882,-50.11294338889844,True
0.9912016212472499,14.641560860339924,5.061869582917551,97.16174481288955,-43.85671564626544,True
1.0253243737903097,12.880125374179727,4.692041943530045,38.92565494961727,-27.7770972926212,True
1.042529865548726,16.887360903495978,5.387049152968446,153.80289613768485,-54.77340624294213,True
1.0814697505887754,15.26511867208665,5.436936096477796,91.9977249594279,-42.2638774589357,True
0.9522769350916196,15.325534066618324,5.410810852252138,153.09390393199087,-55.0255517851627,True
1.0108991548825799,14.308983714146601,4.949111611992805,76.80369734119537,-38.82518874382897,True
0.9118404873502794,15.332334033205269,5.053825915065624,156.14415288929666,-55.50897524059969,True
1.0204900070721037,15.735743413471237,4.898398469818553,105.8571928017604,-45.59652032194114,True
1.0246331430725324,13.546027324652348,5.223025818403996,63.34107486789067,-35.06956744541785,True
1.0010024650896465,15.603609813710568,4.949707125256236,112.4832214030743,-46.935982147578834,True
1.0326787037118925,13.940664597595733,5.066311696295123,66.0309962094661,-36.11945894760536,True
0.9569412900030807,13.713590346360913,5.111308176974456,87.57846076860551,-41.464654390180726,True
0.934023145810554,14.119505790350466,4.673201663574756,90.3242671483394,-42.25621443110988,True
0.9524651389136052,17.100602209607988,4.990972553268597,186.31336044671005,-60.322773715848555,True
1.0185014801810282,15.783364316908253,5.276758935134147,126.17050254689092,-49.81223754639454,True
1.0655263156692314,14.982337352841812,6.148934651402257,115.22977753981087,-47.43151260177201,True
0.9570749548511593,16.70234136096573,4.471107275777903,137.63743849120883,-51.941495499357735,True
0.965829585502536,14.077407477144067,4.810423068902823,83.27563617178905,-40.65253413087728,True
1.0057632628116153,13.973295316853562,4.821378290472187,68.015703774463,-36.60385870236788,True
1.1723106344476995,14.083557932932113,4.628091914962226,29.174826075641015,-24.088708634137042,True
0.977617312078102,16.87797056332908,5.588928410115488,205.70421959175067,-63.71289299056514,True
1.0482023908818539,15.868627851532775,4.989793797735933,102.79780465915184,-44.96851585470776,True
0.9910734784329478,14.184243843778473,4.951604980884376,82.10188031055587,-40.27399888784171,True
0.9729833409387906,14.308291856080553,5.189894598653865,99.22011515264731,-44.19394393185559,True
0.9335312839612153,15.283153640140219,4.825284355479642,128.78498989402627,-50.0910239125617,True
0.9848024160447397,13.866377051841447,5.221613549077156,84.47175368118255,-40.85508598343215,True
1.0424635678441334,14.821908618994748,4.827745088392726,75.14528868206061,-38.461448112595534,True
0.9565075054856317,14.006803581036618,5.417494323821772,107.16035055813528,-45.75986563738237,True
1.0048172218625757,14.93095776514003,5.042132953329861,97.52655077467098,-43.66114690692725,True
0.9573120261494741,15.815564502713356,5.4173256234826965,167.84466818611693,-57.60211733548565,True
0.9791182327786057,16.742936192397686,5.185851117027065,171.80622059706073,-58.22992345991331,True
0.924278283449715,13.434705130128313,4.300314221581075,66.24381877401696,-35.8522426414078,True
1.115912041979393,15.59996347303559,4.636460923309394,64.24092615619226,-35.54752880088555,True
1.0153218253145782,15.677804407384963,5.494488434789143,134.06487685796102,-51.43230770329768,True
0.9836781162523844,14.768309863876409,4.90716721107826,97.56327517570884,-43.894387220449225,True
1.0645381161181438,14.40740836480494,4.4702583599778265,52.01982646657252,-31.801713467528987,True
0.9954756966829127,14.406259988451916,4.8533282766254215,82.56140807784398,-40.432000926106,True
1.0229562186337409,13.146986864745397,4.894773568983279,47.84554543735773,-30.71092253148238,True
1.078124674755835,15.778948620863925,5.383730557324134,104.96634167434411,-45.555024804773176,True
1.0736857045099062,14.235658943015816,4.753267805112787,53.697724413837705,-32.49631916224846,True
0.9428217444099284,13.331271026556932,4.9687282479698345,78.01077582059462,-39.173211466540856,True
1.000634813937429,15.322839400245861,5.332292721994105,122.93684619496202,-49.03831645702418,True
1.0638540496150204,15.313472590124135,4.862444377829148,80.75546304314867,-39.83025385330189,True
0.9459329692718915,15.846972807717764,4.748967936143733,133.75574354658167,-51.3879663397249,True
0.9871107203151818,16.81748566605242,5.1144047798834436,166.44737859662374,-56.956530929665476,True
0.9852866101824623,15.040234874256374,5.238444223667543,116.97790121179897,-47.88013041228843,True
1.0250547235802392,14.700661122525092,4.982668375720386,82.8071187061714,-40.127286278513694,True
1.040126072963616,14.609289179957754,5.190511657834549,81.99373135408234,-40.267908009516624,True
1.0575032269613247,14.705692824818641,4.842406540837181,68.29250066654916,-36.541657153584495,True
1.004132710711,14.262234012942043,4.410652934317736,62.98566750671599,-35.38476964125813,True
0.9479622954757193,14.566081343941333,5.264355722342374,122.2200901765654,-49.034918030561144,True
0.9822700233386997,14.278598418998202,4.69960831485798,77.35516164682959,-39.09876234663147,True
0.9471114648042313,13.961191204416759,4.820145250995452,87.14360437526335,-41.32206610819311,True
0.9658943244157321,16.736712199162483,5.0705235124075205,172.6912143191047,-58.28830859936598,True
1.035447059021537,16.385598965046533,5.291818738393397,136.26951508451552,-51.507295304763275,True
0.9282471865885824,13.137117695187175,4.976630960659318,78.3143420177042,-39.10896465233774,True
0.9723605054217819,15.3178543356218,4.849987716073419,112.25063676869395,-46.71215667874878,True
1.0445397281620932,14.935048188815129,5.4460421248340305,97.15274103366343,-43.7187565319878,True
1.034226976233888,15.144927946143047,4.908803561404018,88.40042441879535,-41.8000970573887,True
0.9598837562232655,13.549019377784116,4.923933107470078,75.89592596655484,-38.5299083942893,True
0.955008415162339,13.152614097205163,4.528017645591618,57.58211303539766,-33.47426511331769,True
1.0787713929999916,14.944859422875647,5.035026630095246,72.81663186717019,-37.94935720278911,True
1.0187394523931457,14.630246564861778,5.434529319829459,98.94974373540293,-43.86635833611374,True
0.9593554537329991,14.450593322305359,4.563963219777059,85.33494739653906,-41.073552901248355,True
0.9979458114716834,14.79312004060293,4.787383963380142,87.27442350584877,-41.171361844954085,True
1.0543240573539885,15.59971483847424,4.9888893741686156,94.00235189840683,-42.75930310479468,True
0.9552980197443344,15.881347228796452,5.161920660378115,156.13350572682586,-55.30712558605201,True
0.9542567266248109,14.018880949266531,5.09068365103982,95.06026982756669,-43.28695914727749,True
1.0110306280470962,14.112508068886145,5.011889751684576,75.27193672146434,-38.40038995237328,True
0.9323865587697545,15.150002452652343,4.801695046023727,125.43073959693321,-49.705153643404756,True
0.9663371584388059,16.222944027072305,5.410188417406616,177.3529069228651,-59.088472435929454,True
0.97824879981502,14.786195268959874,4.367251648404912,79.12472278304348,-39.44215895452603,True
0.8671530809221696,15.144889676535861,5.341170634047227,195.04504546993826,-62.05037292409649,True
1.004156423601739,13.636468642319754,5.607507789424317,83.30253672276903,-40.50236265544621,True
1.0306268079411949,12.804448278727293,5.222305512966525,45.622344087436176,-29.931301478140984,True
1.0975121776251469,17.313269225772377,4.822948594950874,112.81490823591943,-47.09718537646363,True
1.0298359835639521,15.277184855815605,5.086542404720289,98.81579227729678,-44.0256391734692,True
0.9486955952885918,13.981843933046992,4.651880501129383,81.77361677408845,-40.11305729648921,True
0.9774073308932283,12.857445729561634,4.71316452736722,50.599040833961205,-31.691439791509747,True
1.0930590543067098,16.445775182269777,5.161982389368988,108.56769303859494,-46.34966176026138,True
1.022694092631696,14.05582691542384,5.174826333709118,74.51759686630619,-38.40361029597728,True
1.0524065999119014,14.054699059858002,5.110419991972351,63.99730144576166,-35.208685068368204,True
0.9713311754629597,14.283259395740666,4.641822588014389,79.32692747816768,-39.532542477813415,True
0.989193421149493,15.137314537097733,5.7050874958943405,141.64389833377288,-52.783065846922426,True
0.9965510340262652,15.638654492259594,5.17140213298006,127.23298650405843,-49.851552575710286,True
1.0460173480602608,14.700293967427374,4.964772844856424,75.99315507312981,-38.62307378114871,True
0.9785764464905711,13.951480121141623,5.024919988881714,82.40981741476537,-40.327084913590554,True
1.0301354240991163,17.297665632097416,4.817045307210758,140.55182136079333,-52.46703451511973,True
0.9999655783277314,14.508471944871653,4.741635608367693,78.40515508913235,-38.99238600233715,True
0.9393435810943773,15.01071281688611,5.741653506173549,166.15214513403902,-57.22698536399391,True
0.999856021898768,13.499216510790557,4.745517203576282,57.311249034646174,-33.47898818442264,True
1.0552116739881723,15.57920832029397,4.801636361582558,87.6904730693733,-41.699809676417864,True
1.000305100396695,16.091589306464375,4.900984245662971,126.10068296096348,-49.86292779451972,True
0.9835678971049362,14.139857311955165,4.7866473081568355,77.08737356265543,-38.90478409456101,True
1.071185911436986,13.159662900203935,5.003523719212048,39.52720432973101,-27.721571229018195,True
1.0194945428880313,14.61821759307854,4.871988110753326,79.46715169883714,-39.612412338870456,True
0.9309188478859596,16.89614497847207,4.961710045481387,192.87745653236672,-61.30517246754725,True
0.9855572238373176,14.359382284837924,4.903410053362508,86.60781097750169,-41.184936535203754,True
1.0133929633323373,17.532766589944483,4.930330285311494,161.85823947836528,-56.11428168346147,True
1.0117667299547894,14.439301495352053,4.538426715004957,67.18572168319619,-36.10824788892044,True
1.0255481087701208,13.175311956356978,4.906434943247973,48.73031692153564,-31.073389519616132,True
0.9919335016790884,14.490014366348047,4.962878657434694,89.30562059709315,-41.737757239168914,True
0.9894059119399962,13.129059618072496,4.918110580153826,57.33352699973646,-33.39628523815803,True
1.0007040410510883,14.28081940198364,4.921866971016978,79.50053117684672,-39.72217764697965,True
1.0397241525602252,15.382162874581448,5.275936108302002,105.57879633091788,-45.685834022362805,True
0.9657796749044973,14.53509845154072,4.846539085772714,94.55272109741703,-43.25542578051658,True
0.9963969690032985,16.101105336174697,5.303703394819084,149.6808860806337,-54.321095759246475,True
1.0123970669891689,14.463978483382421,5.603651311512395,104.06894874015948,-45.33772245552603,True
0.9730930107631863,13.508297382572609,4.805039107252768,67.7694523246509,-36.659196106820055,True
1.0231197592844865,15.147795211865782,5.112728039982914,99.98392524370783,-44.41469706851774,True
1.0174455884236346,14.851623749001316,5.072647141055879,92.63497432022203,-42.78494789647321,True
0.8965576356177279,14.976396744281685,5.015694215965272,149.69446507730672,-53.964121474825276,True
1.0016955445231457,13.726584279864966,4.514913554626505,56.29678754228471,-33.29725913602816,True
1.0708629187781076,15.267776237208661,5.266362015965321,90.78392947366993,-42.15550650765123,True
1.0748224373353514,16.388878423345147,4.887414197351656,101.47412732201126,-44.47636428560168,True
1.034123836976885,13.68588976256167,5.348823447034083,66.11458681934168,-36.12557432541943,True
1.0635004919064106,13.089674768261583,4.995393802568473,39.18108994919685,-27.730479483656513,True
0.992350392242701,13.455825614475705,5.3405366242133985,74.1719563726691,-38.30940289943213,True
1.028476821845213,14.97129570946758,5.153962405417069,95.23192017703008,-43.00582045326241,True
1.0081914527331928,13.392316298700818,5.22914295814365,64.8204828596269,-35.719098253416284,True
1.0334347858289938,15.326471563830257,5.187878241401911,102.62014475153342,-45.015311421510226,True
1.0922412716129455,15.356618475029908,4.958565685510145,76.1368123187632,-38.59234495855333,True
1.050115922430458,15.367397525652132,4.891374849128342,86.39192540450473,-41.10839478881953,True
0.9828759300648235,17.589022369789042,5.134895746127055,195.59875439438093,-61.85535229494387,True
1.079017201968127,13.134365939290241,5.209485866020178,40.40211370958357,-28.30823366420938,True
1.0123980832319261,13.292659448805397,4.997924401519765,55.54384842289954,-32.941129120263625,True
1.0325913072792048,16.27857567583384,5.233502425053565,131.88067714678482,-50.6509004919336,True
0.988196053619606,15.532620949317325,4.778470534203536,109.05471617784627,-46.19684527434194,True
1.0368685855972934,16.147706484767212,5.07649390461268,118.99268345164941,-48.10498489562905,True
1.0199488535208565,12.958860911845155,5.343427997510048,53.669818767733624,-32.578595584062725,True
1.056584659394703,13.640166894025903,5.076191368066419,53.05067691739678,-32.260646247330165,True
0.9748816037565502,15.978708846143727,4.966512740739442,137.43158347853978,-51.95445174833359,True
1.0475313533664552,14.832884973041482,5.272632750062388,88.18313281274311,-41.69180441537451,True
0.8780642774082281,16.31418989715229,5.473110516159806,251.2211016937693,-69.97703072393868,True
0.9692036284567047,14.58308604078454,5.1788547693111315,108.59062659662003,-46.34539505179159,True
0.93273351560614,14.787979854173003,4.525875001363876,101.11963608117435,-44.60123802329915,True
1.0168705100338549,17.290368003272643,4.769495724889591,143.6388026780615,-53.27065144674061,True
1.0480683491368208,13.95941449636937,5.306236406804168,68.1879770294501,-36.65236912403261,True
0.9995408547445411,15.740684391595767,4.857609126995467,114.43537474421461,-47.42221663701113,True
1.0677860030685151,13.432596246485243,5.02637595372213,45.294591586246014,-29.666717319937757,True
0.9612826656999662,14.133852062903614,4.846234327057087,86.25695831228349,-41.0143797294261,True
0.9299278133790011,15.737380656589337,5.260898152955337,172.3480610138144,-57.94739019091661,True
1.0361572602458766,13.585276949066305,5.159016972261336,59.65187082587527,-34.33620038708091,True
1.0585215655238875,15.876473217898914,4.809949935705861,93.30641635978698,-43.01418672804262,True
1.0052722814354416,14.779293176586833,5.2575536614477105,102.9665242477758,-44.70555938430791,True
1.0911098885821493,14.024665681317833,5.27438306451181,56.010660682627936,-32.91903843681223,True
1.0254193328796888,14.892899293024831,5.180349279811555,94.35184336357547,-43.177676184517125,True
1.0198843185370075,14.41414160399271,5.072908093394184,80.99888997192578,-39.75511728336635,True
0.978483972092429,14.288493356266072,6.111572963990873,134.916832922194,-51.45748640619765,True
0.9348409211480693,14.505228128284108,4.576940560070873,95.49232199180939,-43.40223678556596,True
0.986664578050156,13.607297463536963,4.914826833530842,68.57093171104933,-36.7005151753224,True
1.0790448959668213,13.237493600795537,5.0025769873738914,39.194319154448635,-27.809172590934597,True
1.0095458337052807,12.87334526632979,5.38181588899658,55.75234487041046,-33.16524974094561,True
0.9804388720128783,15.503438384216148,4.922760612666671,118.54421901518032,-48.27586926996719,True
0.9547501526001213,15.432259895582968,5.344967228473616,149.82352805223408,-54.297901942726085,True
1.0269396953163636,14.206344409893841,4.831518373671842,66.73560855254031,-36.40220260169543,True
0.9437500378703445,14.870474808038214,5.142230059001648,126.67080894531053,-49.81601158854196,True
1.0178483326735157,16.385251693443948,5.265629076643145,144.92138989202863,-53.492468482650786,True
0.9769406230391128,14.37386477536602,4.821041788500659,86.49272550364799,-40.96576793739216,True
0.9869669169639143,14.732860600618409,5.2378110344003845,107.31565042064449,-45.727593379318776,True
1.0321059969481172,16.938590451539834,5.437206592298011,164.02447551441168,-56.72535929462309,True
0.9525034002303766,15.387955308116332,4.977588092137565,130.62152509297422,-50.67762007109618,True
1.000326804178451,15.905438751520357,4.7121312318693525,111.35957958096144,-46.60834819227142,True
0.923639971546282,15.710020746419056,4.915056072910011,152.91649747240996,-54.617869266817955,True
0.9943471603580892,15.505415254656329,4.9812176979435865,114.91687589629262,-47.60018416658196,True
1.0248495326553209,14.274558556226783,5.296123750194441,82.13052749325706,-39.975250770613954,True
1.0395699219810923,14.026690017302014,4.7389621693000255,57.14608422569782,-33.51878693356683,True
1.0567128981430955,15.67433529617713,5.200835879188266,104.672672265152,-45.24168919525434,True
1.0329286463783283,15.523394151427095,5.176080722469999,108.08927824488237,-45.94816916374278,True
0.979660538456012,15.232007535555724,5.150935380393264,122.96307947407453,-49.131596982386704,True
0.9094810848099119,15.291828518766271,5.3704288629643795,175.02116656848995,-58.808006985780914,True
1.0495328454198996,14.227709512641152,5.087635811910562,67.32532804074599,-36.320722784190885,True
0.9737700751131979,13.822214282387336,4.840323983471368,74.61834576512594,-38.0855009206248,True
0.9276691709540292,14.26685236235375,4.989530173265036,109.13927405072015,-46.21927013132016,True
1.0935781288049493,14.749230894326782,5.0211867354149735,64.46476388076894,-35.385491163461644,True
0.9969723640733207,14.405147488248204,4.857059216890865,82.02698513373818,-40.053421961520826,True
1.0244486253474914,16.56790888099698,4.569603496251419,110.97713196526999,-46.75993943786349,True
1.011405794284977,16.475688545436732,5.039724509167249,137.2073581257152,-51.64255844004864,True
0.9992793193524018,15.852514817448416,5.077219848601928,127.31905507776365,-50.05736694664956,True
0.9806490061670643,16.22060729558021,4.988877205613629,141.8609230025138,-52.67456995738159,True
0.9708105395258952,13.706044995183062,5.016228704486406,79.06190365301985,-39.55636238883794,True
1.1112744754595545,15.717829870617344,4.73218399706141,70.49320934380722,-37.292655203638844,True
0.9271202395805385,14.9644308443434,4.28143324883447,96.30129704289193,-43.40970618418436,True
0.9783478911554989,14.539315387774586,4.923801842728304,93.74508544938045,-42.6861079101239,True
0.9554862050109203,14.717265877574759,4.599410057134117,92.9118752041434,-42.452124324031786,True
1.0258903716867573,14.729726153145668,5.10991257028529,88.27549608887145,-41.814339173965344,True
0.9793010693461267,14.620930709480213,4.679290159544876,86.06488174322561,-41.17266440554909,True
0.9750514942937709,14.384736236439384,4.986907779662564,92.91838613749711,-42.484517684080174,True
1.0320886295716236,13.659403347241453,4.911678070248321,56.60754009583871,-33.56913926289558,True
1.0967560925995494,13.427821182522358,4.778818366836482,34.98507782178803,-26.089065644255136,True
0.958479396319799,15.40170797450798,5.300760219342596,146.72349712366974,-53.82389391415244,True
0.92243330944362,12.190660976983672,4.659274805528282,50.67898701635342,-31.571408926703587,True
1.0031268503512936,16.945402653880542,4.293723786571604,112.75334297690176,-47.043897065990166,True
1.0418806286091045,14.378336757482602,4.634157701207852,60.69082461046877,-34.4187858070313,True
0.9892350431251014,13.200212000390838,5.458209296489315,72.70663625416512,-37.95228068694919,True
1.0316444404312661,15.522173800958324,4.9192961520677585,98.38863146712231,-43.732552653505415,True
0.972587218287793,14.864655412141225,5.325545410307647,122.04465918523314,-48.70562226810031,True
1.1195937782006058,14.052224315849243,4.995484110275822,43.83993462966373,-29.45809428911909,True
1.0307134738575632,14.42583322820406,5.361010403824059,87.07472802470804,-41.160770542346675,True
0.9757766628682459,14.910909169523807,4.753304674563018,98.17993227852679,-43.88037541309815,True
0.9623988067278891,16.084186997194408,5.085415501232044,152.93409021647687,-54.5582362911874,True
1.013518738709139,12.355096125011835,5.238913503509023,40.765990116851626,-28.21493202132015,True
1.0336899453605781,15.318475274656306,4.620124373387992,81.81223042343522,-39.98164246309889,True
0.934617418521397,16.64573123440193,4.691174167912285,160.42590562571854,-56.084519331867334,True
1.0005560041834995,14.185233447649875,4.92482119694634,77.32666592704999,-38.71311363254257,True
1.037143253605391,15.748108231182236,5.143135615941151,110.31239359001576,-46.38877896481186,True
1.0166877028479555,15.671377670897144,4.76188619811351,101.44248716478667,-44.71307567516355,True
1.031195942726049,16.881344331140827,5.341738002717347,156.68571995528467,-55.643040807154385,True
1.0745458477763599,15.234729792301742,5.285885828115255,88.66206804931275,-41.59649392053479,True
0.8445305427154602,15.703518542868832,4.981193686266487,208.1324916394844,-63.98811947820998,True
1.0109205192870987,16.065290410287066,5.133953526349584,130.65325338116548,-50.59251680327554,True
0.8824298487525677,15.617253460000684,5.219054346780739,196.11835740815832,-62.08344052435635,True
0.9977468406945239,14.107090430333958,5.255623871752713,87.63200432313857,-41.31207702047468,True
1.0649549077066145,14.271391900533384,5.150573603722332,66.32168448572554,-36.26313602525404,True
0.9935703421822303,15.267331597007336,4.825239984569984,102.35862602447294,-44.66576679136446,True
0.9532784242477721,15.86750259611629,4.505782747430921,120.05327869392993,-48.36087546900367,True
1.041278613713844,15.338140412468693,5.047767368572359,94.20553169322459,-42.84248382312385,True
1.0069922768839406,13.963753441777245,5.374252559568426,83.610659455456,-40.38681787706476,True
1.0094547170556873,14.754667098683536,5.399161574160393,104.41466636273681,-45.167548570378024,True
1.1078709889193012,13.612926693630094,5.0956426118898674,40.358535685840145,-28.07642531089151,True
0.9246490415157079,15.587934283163163,4.863233841902934,145.40955114475761,-53.26323621008234,True
0.9681821192563398,16.979445340263524,5.276798515824272,194.02702888236112,-61.55901591467226,True
1.0188055473575854,15.52683394464496,4.670571591864816,93.17697360958256,-42.657404802093964,True
1.0609501244227393,13.04450846461178,4.814949430325954,36.635326301795025,-26.696670876220566,True
0.9519768059992382,15.105058694590179,4.570556115755152,103.65293277560427,-45.22209360476011,True
0.9794568341062705,14.985412698483817,5.299354366681788,120.252947892138,-48.40349815250879,True
0.996576814733714,14.469506379638839,4.509110789779577,72.1490454518451,-37.43310214565282,True
0.9923929378562931,12.955132684001684,5.122495420130711,57.25571801307566,-33.3221411597499,True
1.0348736520381807,15.478560411338279,5.697765752650719,127.48258008304006,-50.12334676686,True
0.997492347870434,15.947562476206427,5.12045107607221,133.5145235068896,-51.07958215398452,True
1.032479405753088,14.116013958120751,4.709295906971372,60.72218035920651,-34.629704621363196,True
0.9398556463691989,14.10626754796615,4.874566717717206,95.49155031945153,-43.19503476229821,True
1.0072325928350119,14.682544326793574,4.547131134094974,73.32690907929971,-38.15063131571121,True
1.0017287002377167,16.74274413109761,4.731518746184671,132.69698793029164,-51.08220825784354,True
1.0421839328574674,14.716562593810629,4.785607915300471,71.48641241274429,-37.67723758834382,True
1.1259902199187386,14.234200847617688,4.750009790349998,42.036257302362216,-28.591819257652446,True
1.0478144671967673,14.600585696244487,5.041095527411834,74.70335029663852,-38.522666602873464,True
0.9648228753965653,15.578936902131996,4.1657633249167585,91.9984603713155,-42.54535277278435,True
1.031663292819572,12.976892155311228,4.627212400373201,38.381990200604164,-27.34695473956054,True
0.9974910915796902,14.768175075592898,5.172152990654331,101.92740168915023,-44.65633460494732,True
0.9830649794697212,14.652190896808722,5.629795591359917,123.54856245401422,-49.20500652973663,True
0.9735562992270816,14.891878015476085,5.129236140874346,113.44888361835123,-47.2821910792016,True
0.9709008935513719,14.30434008245087,4.748503895369012,83.41231716782197,-40.380470069932215,True
0.9427803266895445,13.669130080354766,5.254873020994721,97.33113579962031,-43.819659748865625,True
0.9352269139756761,15.932273859713764,5.32810876847414,179.5790263882149,-59.44234069875524,True
1.0327516425861059,13.16164422957787,4.774314935467993,43.91566415202331,-29.570104143261908,True
0.9821858546174108,16.564744888778897,4.742014840751677,136.83466158336194,-51.8348773132134,True
1.0091032880695452,15.347794176813025,5.483818533981301,126.61576073339492,-49.76463450503981,True
0.9565097890912004,15.681224767003716,4.675999426902716,121.53313880808376,-49.00570112070879,True
1.0289530067121908,15.063144895035974,5.525880947415596,110.99455410563849,-46.77242198079296,True
0.964817445110367,16.1783027868473,5.168659442377535,160.80576255809783,-56.031085648111834,True
0.9330560922018166,15.53628647308003,5.385291539689057,169.2981713732587,-57.72527662189044,True
1.0784060039427013,16.304767870887037,5.304106416438112,117.10722538340362,-48.113126057044354,True
1.010387262564374,15.84599349878792,5.313850425958376,134.37205851885207,-51.473473132397885,True
0.9843888930223634,16.117854015684166,4.656458926141507,120.99695784506102,-48.61272916071944,True
0.9903917545057115,14.28523144241898,5.21720904391161,93.49187970733922,-42.97595005738447,True
0.9820384255760385,14.619341298241102,5.380825153656579,112.32503470501125,-47.14165576164177,True
1.024661918672255,15.016091512582495,4.927986114338377,88.6662894034066,-41.74583889726399,True
0.9226286466681626,15.003462301712894,4.403579092832541,105.89336840958106,-45.35566632823668,True
0.909738996389133,15.575287982954347,4.606683083597151,137.93931891525608,-51.84315622150751,True
1.0056277833585827,14.250306195620585,4.526934189311176,65.20380491821017,-35.5859639725093,True
0.9128734960314802,14.993748289982644,4.8851140916601405,132.95702249150474,-50.97256753393852,True
0.904670022708178,15.62708022023387,4.580123969520819,139.04771306495624,-51.994564837236965,True
1.04514725257047,13.084555395626595,4.811619748790111,40.667873929928696,-28.06169361868572,True
1.0083392430633937,16.05673309443304,5.607376299519929,158.40823914139682,-55.70824186749648,True
1.0090140513682417,17.044996061662477,5.25289474877474,171.30123698438018,-58.1090618556941,True
0.9440585182519149,14.08463556823316,5.185271315095451,105.05522943816136,-45.53545221818566,True
1.069508094373821,16.47966718852876,5.340100531497558,125.85144510180086,-49.508266069252,True
1.0502975544266604,15.226603988697208,4.614363946235784,74.8943228810699,-38.535000465698936,True
0.9320438077641414,14.114489184316579,4.717136751862165,92.88588228919069,-42.844948022385694,True
0.9945622249566267,15.827745253323448,5.030982089260021,126.2731453113327,-49.61536808648973,True
0.9795196508568033,16.939648580912902,4.799822997622427,151.98652500020103,-54.820104938238444,True
0.9977680234247407,14.596901761405958,4.8884917461069275,86.28571013832207,-41.130182535728814,True
1.0543834771102367,13.933697759242412,5.186245979786983,62.015838847351965,-34.777400825457214,True
0.9809556679175251,12.765384879456228,5.283084080703901,59.68212240227215,-34.034972022337826,True
1.049186206210654,14.855299299715867,5.160974155527967,84.86323586157563,-40.660335358055704,True
0.9134718752969966,15.16324664305086,5.3447795283476935,164.41823817111697,-56.87076356701291,True
0.9692423005816259,16.814256579900746,4.20137920117938,120.38721368972452,-48.40619653893988,True
0.9799127792436283,16.860501387572803,5.604847598191665,207.0566637700856,-63.66939594787512,True
0.9729717789698866,14.33688316020568,5.2450633117247545,101.95394167241255,-44.774973014778524,True
1.0012181278386336,15.807631518361672,4.8930733605605,115.5115475243636,-47.71434377431081,True
1.0078953091782628,13.849084889588493,4.557010762765838,58.24945872392983,-33.91224636995645,True
1.0115212966135854,15.072936362861943,4.9473179469214585,94.74848658426511,-42.97778978529405,True
1.0443129359827759,14.87004114237719,4.760978947311532,74.06164613663935,-38.090981718767374,True
1.036672845003788,14.123866215580431,5.363294750567543,77.23381945140198,-38.753673936879196,True
0.9248964021771704,14.879662637822193,5.203773258132208,141.88664277609416,-52.87840120398424,True
1.007495916940755,15.843116212041343,4.806393685713572,111.52344372251993,-46.848080612613096,True
0.9693972132413571,16.096389384688276,4.579918235466719,121.67794912790588,-48.69664171179799,True
1.0409808184152614,14.855048395201475,4.925699731435271,79.4880695210891,-39.72480115345494,True
1.0647767065011957,14.912939275825256,5.30107957181543,85.72915468362598,-40.82752430633818,True
1.0420810257778457,13.160640507743722,5.163759572461448,49.07028626981893,-30.956705823357353,True
1.0953015445314611,15.273862884954989,4.579042995760151,62.188621230926756,-34.93449201634872,True
1.0376522909230979,14.734510448199986,4.842370351901637,74.73698014775061,-38.059710837445536,True
1.0499448574167365,14.909620911571494,5.294003475745836,89.26272109264396,-41.967460976588285,True
0.9602979082868874,14.518596977393019,4.960471750374845,102.27399818439307,-44.5782658977238,True
0.9987560748597752,14.051097555228946,4.98447770796031,76.34407445780491,-38.54801081116473,True
1.034495995150246,14.126603756239614,5.566872221506663,83.93615673515671,-40.758463470320265,True
1.0144278482917106,14.323315436740346,4.679649349039804,68.51288079499736,-36.642880046328315,True
0.9543221274501548,13.673243500288857,5.337137324416439,94.43087223670075,-43.02879179869888,True
0.9538244023796866,15.291426586694916,4.872939759599771,122.06396231745,-48.9746704363318,True
0.909476425943871,15.5604633194726,4.889899802887301,152.8288480595478,-54.976154640403585,True
1.018602945536406,14.862249876494952,5.055635504465773,92.47728034232965,-42.81632978262096,True
0.9484782578641808,15.176719639658131,5.095015530974122,131.3321238369439,-50.829259941654676,True
1.0335831995231404,14.770498854388533,5.183549091242069,88.24829083991004,-41.44700686634974,True
1.0362061454685914,16.14231848251844,4.95231535632504,114.50255587479448,-47.18605652077519,True
1.0110911697066478,15.054054412280797,5.202767677663315,106.23450921518237,-45.439175847629436,True
1.0197461528371612,15.277661659966101,5.041022125065449,100.71693328861768,-44.51426763680428,True
1.0509271035517536,15.803586693434122,4.835194680219875,94.25296383808175,-42.824877232383635,True
1.0575028635336965,14.976132328055003,4.627147650535237,67.92157615606686,-36.66218155543937,True
0.888466962055305,16.393119996275054,5.190064489630023,219.73473523291779,-65.42920589088237,True
1.0352608504573255,14.335340116085728,5.091643700064541,74.1086063109713,-38.27089052735757,True
1.0243512948234013,16.726053986641826,4.801106257229574,127.6094271777045,-49.80858811014077,True
1.0147958295124733,14.803254630462607,4.574965097359899,75.1622811668858,-38.35536051560537,True
1.023651850745943,14.347381473082656,4.824150882653078,70.67730538702085,-37.48048213621761,True
0.984224872115973,13.431211542919508,4.413396084043949,52.843468465139765,-31.97763456578745,True
0.8801385104267354,15.871532259438949,5.2925710185698875,212.30180821643145,-64.32813311428518,True
0.9697200891921754,14.634519000686131,4.966948892298512,101.56322463278093,-44.71506045743364,True
0.9085938625706225,15.143572437257435,5.07901866907389,151.5109621561027,-54.30008372961581,True
0.9174083763596866,15.261248647383633,4.878631261984445,138.94406778697427,-52.394143780940524,True
1.05347982249199,14.512313516490927,5.531144489168435,85.76556765112807,-41.265436469774414,True
0.972766391730428,16.073398902301648,5.210285336284935,155.83495898361105,-55.49720016393365,True
1.0134409309593149,15.454878543061126,4.888822981115487,101.52278162119931,-44.466962488657124,True
1.000218888035741,14.148322169763794,4.897265242418009,75.04640807013467,-38.59839284970063,True
1.066941494453177,13.655861764587833,4.812507121777729,45.869935305493804,-30.13849735756573,True
1.003735476270052,15.78124578248442,4.955511800287582,118.45246864026082,-48.4269264904505,True
0.9701226023866893,14.758920563895465,5.115517787661016,111.12829844532754,-46.72818547308748,True
1.074045036132348,15.697905153931702,5.104746816304198,94.95197160395469,-42.93971635216573,True
0.9750619331955845,14.750373749207828,4.9190894712294835,100.46434494299322,-44.30974370038967,True
1.0208618499374698,15.212146658644686,5.435078498029397,114.85654413843578,-47.29903258766922,True
1.0248852171377223,15.805420467360536,4.397061053606624,85.39681548681341,-41.03574275411358,True
0.9379001593630464,13.498787605930332,4.82400932008601,79.07616011951696,-39.57756699584748,True
1.0460235129575108,16.686099018353207,5.206661440284197,137.6403095871911,-52.120841595391276,True
1.0676979379424345,15.375629619200197,5.422332080655452,100.08308316432006,-44.14102204446789,True
0.9433147209879554,12.955971722048965,5.059013016699108,71.45828425255863,-37.373465190697594,True
1.001477194166253,16.34812117699121,5.449127547000983,160.98181277114412,-56.22215940611897,True
1.0669938912751769,15.98866621037266,5.513432092185532,121.74181583043448,-48.778984064836,True
0.91873198970773,14.810098580805793,4.893015299861684,124.48114228320668,-49.52225914965212,True
1.0314282567670845,16.39576453643882,4.7470544220849735,111.25719202164265,-46.62766659969007,True
0.9375407069630944,14.361219984648795,4.741004167709682,97.02714415853082,-43.488144721083,True
0.9840248741295083,14.869766838084713,4.572057783291851,86.39706692684791,-41.34161949175961,True
0.9894442699643294,17.344447432473494,4.631404074858234,149.1315767175843,-53.8658997137359,True
0.9410932629995687,15.520880883403418,4.715772977279798,126.73968037933543,-49.68162850369007,True
0.9544650199967174,16.08390025802769,4.650106030616894,133.59368345802025,-51.272264898162355,True
0.9963664670016005,15.816848982524647,5.307625032036426,140.44662547122715,-52.41126658812876,True
1.068839465447167,13.614233686803258,4.866094135231692,45.63280734621099,-29.800749720710627,True
1.0240490120110453,15.299066567943498,4.583479783478569,82.65436021940566,-40.16801371017869,True
0.9180421663183701,15.207161125874938,4.883388386882206,136.93019057428612,-51.75810676836287,True
1.0232854253745396,16.18581957374471,5.0751192361712025,125.97481044011856,-49.80373824843724,True
1.002050344572209,16.500923407261606,4.921661650089504,136.90676229333124,-51.903557727635636,True
0.9683467021745742,16.289778263351984,4.934863770998571,147.31944391580348,-53.57932184736604,True
0.9781376350161463,14.526922593077012,4.451394976086565,77.28270320278035,-39.11573700485678,True
1.0248777113243561,13.562917006835072,5.2730163513837685,64.86778901968624,-35.80942703470702,True
0.92140002663629,15.499723730700358,4.894508058462623,144.34705963436213,-53.44105905701047,True
0.9676528573249608,14.91132311474479,4.609795692821944,95.0997413566639,-43.121496728667225,True
0.942727356502521,13.948242025117342,4.967945251025366,93.99449526258192,-42.760866614411576,True
0.960041863805781,14.303736763595605,4.851186174623748,92.78957700735539,-42.75252723470245,True
1.0164673989660182,14.941016146641264,5.036742322539698,93.41139032246146,-42.99973954010664,True
1.0024381664918043,15.258168400342168,5.766695582949284,141.2161909062507,-52.491369809670644,True
1.0335594498274638,14.443986259277732,4.7756277972552015,68.35395507773418,-36.41553275079457,True
0.8873226764836268,14.98410135556484,5.223641078388373,167.88653162718066,-57.512940370752936,True
0.9865045428040058,14.927065483736445,4.901583824002408,100.55717180007427,-44.29171906794674,True
0.9946539296024852,15.27484659719017,4.883114490821232,104.24718268949731,-45.413965035502876,True
0.9180871480048173,14.024113815046125,5.376740987195,124.0809257166015,-49.45754354295167,True
0.9655809638514822,14.301870096454339,5.054532760495182,98.21122118534822,-43.65196450524671,True
0.9989355391363302,16.34859883496397,5.4837106409427445,165.43132547968278,-57.13689097592477,True
1.0160359021022372,14.740938355806014,4.98455727141319,86.8564949047888,-41.25457540414588,True
1.0173669485433734,15.476448444262322,5.409681151610787,124.41250829916521,-49.5281942088408,True
0.9014405615851137,13.781987341983125,4.899602333921961,102.51025232640634,-44.76664689344804,True
0.9684879299630995,16.187742586809588,4.794441062711275,135.52338985612238,-51.71514244915627,True
0.9235187150746197,16.15158435754003,5.1312967101346345,181.55430303397097,-59.53322681303461,True
0.9997067820813825,15.298894316862075,5.0354693277479114,109.2755358257306,-46.323923210143796,True
0.9784486402484,14.386014345010988,4.5986868039944175,77.58731473938968,-38.805245412155266,True
0.9687344281235619,13.563725993775513,5.0597230844715675,77.80379484561492,-38.95489791627197,True
1.158358830936312,17.274325270094092,4.771515570624948,89.3614192133399,-41.72426016136616,True
0.9474082952239972,14.594529673997041,5.245069951112926,121.07459201653515,-48.61738535419013,True
0.9991742234868634,13.566297395027508,4.800851264556078,61.33033319045648,-34.70157949059156,True
1.0239289762393364,14.403327719576032,4.89082921129414,73.27906625415707,-38.002045627506654,True
1.017894557970357,15.39929592159361,4.6925053732949,90.59251428762485,-42.201189376897474,True
1.0289215892094399,13.752580019011866,5.30133078937116,69.34047123406002,-36.892326905639145,True
1.017767643910225,14.409605340234135,5.1282717565892355,83.22004754078117,-40.39154174416883,True
0.9834821971194616,13.559057215404955,5.682909132426116,90.79367891198488,-42.07832774647637,True
1.0005522402344762,16.443219605699632,5.3780723245689375,161.79593866694793,-56.4436223451465,True
0.9671994623425939,14.917130389207179,4.8676104731178835,105.94046709076788,-45.58073372686863,True
0.9628969092680776,13.5476684018101,4.534767201072196,63.24240371432676,-35.063875596629025,True
0.9340877804049369,14.099911932503176,4.811729777902338,95.64365997469412,-43.528993074318,True
1.0393782754675023,14.3548296605173,4.952784651124636,70.41160905988787,-37.38361401991429,True
1.055192167930217,15.023037596864258,4.459330774098113,65.05877481862242,-35.50386261552695,True
0.9706402144911163,14.088447388644314,4.745185240050259,78.52931664957708,-39.456184591488814,True
0.9961259501220651,14.634857650153341,5.304780507148,104.63331037835499,-45.49550740591493,True
1.0799894873407736,14.362678664408563,4.742329873519571,53.359304019591875,-32.47769653837243,True
1.056094026149411,13.563371200194304,4.73781615163376,44.796844049351954,-29.73844959757097,True
1.044553027265048,14.084874603272056,5.155521005057123,68.27893383923801,-36.811594731660136,True
1.0134666391171467,14.22838874153701,4.837481649678543,71.18901936138003,-37.36676791969336,True
0.9686076054928017,13.780673358342328,5.003605475936248,81.69203637863944,-39.98612262945012,True
0.9742317169324187,13.556516278983123,5.117703654549074,77.2199699213235,-38.69981685866877,True
1.0117608492327983,14.404824934929811,4.8144487222809405,75.57422547975382,-38.368200982662245,True
1.021926492656392,15.86463440250504,5.231522770574352,124.62192341804311,-49.4612283477117,True
0.9515557605926348,14.852073051355273,5.20726858893751,127.1358511057322,-50.00144763378569,True
1.0623064744723718,11.816956734342993,5.097545382617672,19.378064854410198,-19.2957744637488,True
1.0703760516754819,16.01010810937906,5.453388123137964,118.70975145375935,-48.206964185998295,True
1.0396958305481716,14.306983646760717,5.263772468278589,77.8372688724226,-38.90207981729371,True
1.0751769717515762,16.43794917701659,4.9183486319060545,104.60658188958124,-45.47493678293688,True
1.0319126001505423,15.806741447082054,4.771317286822856,99.07734437937864,-44.19404544248695,True
1.0137075942180125,14.6933438323402,5.046489089458298,88.2633122689054,-41.57898236991811,True
1.002560772383586,14.804961170822974,4.97924188849536,93.27891502120825,-42.903270642545614,True
0.9841529403791639,13.859104557873328,4.982371887688411,76.66359308731273,-38.97016458025398,True
0.9997400698669581,15.651513985705428,4.832189415067863,109.72089484638403,-46.204920783701105,True
0.9479569895034099,16.616553624200915,5.012311435253785,175.8707882116014,-58.62953258283046,True
0.9958199342753865,14.273077570835653,5.468661821774276,99.95388435110986,-44.28405272964739,True
0.9415826003037446,14.397030178376033,5.2066412464391805,117.71841109544465,-48.23720520802796,True
0.9599589496733949,16.973584919946003,5.041118277278015,180.91202650159536,-59.82005280278847,True
1.0614275801915354,15.086312779045835,5.3713994336167685,93.01794992596281,-42.93056586810479,True
1.0591084383041336,13.475966640631572,5.218124815664591,52.08661162549611,-31.79014008916763,True
0.9581383744225824,13.636143333658316,4.901868383554826,78.59608865005728,-39.424023691477196,True
1.0435052145848016,16.70427234096057,4.984071643750454,126.42152282425457,-49.94326249792868,True
0.9705811844934845,15.473698628809334,5.270242260325669,139.98295834082757,-52.35311366680705,True
0.966806693801239,13.94974072933861,5.0718078858903235,88.34596179233209,-41.68125139852621,True
1.0696152931491048,15.337295210958084,5.127868534325985,87.79327545291763,-41.42125748425909,True
0.9452807562930454,14.167845688283805,4.623957229593144,85.52930875777167,-41.15890963379757,True
0.9106346870954234,13.07991856183505,4.842086162393418,78.41408889483655,-39.227933213864574,True
0.9667247425842221,14.654500207281934,4.982768210019086,103.32083358699627,-44.8684146244983,True
0.9699032174405344,14.991274498840097,5.339507315052104,127.32258442478823,-49.74291575221069,True
0.9813451889547486,13.432883834398053,5.5672629924210755,84.85379069573855,-40.57538244860927,True
0.9139643146947622,13.74311079569712,4.729852279903521,90.38470539200819,-41.88063665469223,True
1.0175633021007158,13.998264368490023,4.813690799857074,65.0920564801288,-35.79473716360711,True
1.0948210668482072,14.795664080216977,5.13414148185394,67.67251316645418,-36.349713740787976,True
1.0150806237701029,15.128675850499164,5.638062018918337,123.52630506684143,-49.20887737967972,True
0.9889371772048172,13.557122846547092,4.701132632479222,61.46555952734429,-34.94529187591902,True
1.033407875543401,14.41791176843723,4.411167812739119,58.326273809051216,-34.05243931486559,True
1.0037461821109754,14.52930688068859,5.049232712651115,87.7739521164488,-41.67784300677801,True
1.0028548706452896,13.262389003286396,4.5952939306028,48.70202378131447,-30.890181839155595,True
0.9958843022572331,15.224805791422297,5.170267701568135,115.41277713663749,-47.54332766757691,True
1.0108780874160945,15.596821031680532,5.234362073193074,121.79233927826121,-48.980338180838714,True
0.9794599640809225,15.311915583400777,4.933954583819782,113.68700527262816,-47.20355920877256,True
0.9185863601207424,13.678340215004232,4.865118559458518,92.58396421865264,-42.793856438461795,True
1.0924373349704688,15.597950628140936,4.786283029478362,74.9192504643946,-38.39402722089737,True
1.0264990532310376,14.89874409662067,5.019492107923755,88.75017230559621,-41.97112680695028,True
0.964921719116876,15.98250234036093,4.6045179768965,123.27952483194049,-49.038121651902586,True
1.017557653631666,15.47826701795816,4.861814491159424,100.54221283887475,-44.65664871436588,True
0.9435011073570797,15.312129533500666,4.780908339267798,122.33596215215158,-49.140045311827755,True
1.019021299020933,14.717958201197757,5.082885064473662,88.71520836891946,-41.60703098112172,True
1.0371262544423407,15.956154831229592,5.104536393264971,115.94870984117614,-47.806911847058856,True
1.0516470558969768,13.856552774543196,5.4229417790531205,67.14576473691803,-36.100534839800446,True
1.0284398746712717,13.736112913230105,4.706067792071088,54.47108684008243,-32.695753209736026,True
0.9905025336152032,17.74201676005601,4.896307436007453,177.59954138830906,-58.89003028751976,True
1.051211327836364,13.057450711047379,5.280667931875879,46.44121215280546,-30.304911128145935,True
0.9723994860110065,13.808670799595394,5.142141612326617,84.28564640789949,-40.662832365734815,True
1.0149125791031939,15.803719323515386,4.801854435541883,107.56049691585292,-46.122186301742275,True
0.9635246386896267,13.372919728707265,4.603158177295345,62.24389521556994,-35.03337171398357,True
1.0114886276409982,15.736466157853984,5.555094474642178,142.931622388564,-53.15971647924867,True
1.0747074716533556,16.22682579788616,4.522203967377072,84.26172109049664,-40.68182187568494,True
1.0386426437265641,16.346120966902497,4.625602219782594,102.81802782895748,-45.028965470105334,True
1.046102973474043,15.06671666102061,5.056126533937476,87.69316710791533,-41.323184343570496,True
1.0556848910410395,13.827067789560893,5.288267761220645,61.65456280348634,-34.56807055288448,True
0.9964931369240378,14.085593554215523,4.736903620605301,70.30712139080723,-37.334472721166954,True
0.9563487785187607,16.26511004004888,5.204674095313092,171.9664047186724,-57.86058004328107,True
0.907320385613429,13.134100200082514,4.6971903646024336,76.0445233564492,-38.40269708055757,True
0.9457984257582648,15.823346957406368,5.240336776486927,162.6435348510708,-56.37372679510689,True
1.0058503166589234,13.3920388167782,5.243959817388904,65.54439413541718,-36.048729081018436,True
0.8983550520031481,14.904829390844203,4.736671796986488,129.38555639081065,-50.19308293967949,True
1.008852228554993,14.377043984962908,5.2633752540222805,90.60785175147245,-42.19027328328905,True
1.024695196391814,14.556919430841752,4.7057231632074235,71.82049994920195,-37.48803890017736,True
0.9217909431642324,16.341493571982543,4.25580001176742,132.2883231215138,-50.80917588950861,True
1.0439616826586118,14.460976283422635,4.955824633859366,71.34514253305723,-37.17840873594379,True
0.9789288960679721,16.042812431339257,5.115712305529859,145.73016024446977,-53.43163880256695,True
0.9182342384877604,14.280291031140113,5.227673427387284,125.44971212895973,-49.80650225807721,True
0.9153587230831108,15.262137714796218,5.32204286231943,166.94577571524727,-57.45683582574253,True
0.9972181430127108,14.872710111396941,4.688042115236223,85.70959236106592,-41.24676337988149,True
1.0042406504556693,13.627032957927238,4.9966840173255695,65.00568010148572,-35.64805251943828,True
0.9992613491360963,13.64967518275401,4.867568200065516,64.35631175783176,-35.58165159820992,True
1.0518487980480944,14.737353012116957,4.99620005471341,74.99984055613926,-38.345977717591516,True
1.0031038171014506,14.606301003747074,5.690242467126868,114.56383593092671,-47.47469583450189,True
0.970979425197595,15.676611185424806,4.942542241234908,127.7359859326598,-50.06399364023717,True
0.9839757405004026,13.144877479925588,4.705930686163163,54.52332256618024,-32.68301278873657,True
1.0540764403181486,14.171290983708637,4.923303366406714,61.02184186359059,-34.493850729397565,True
0.9439713370878,15.430504203631543,5.253648335828364,152.9744053907737,-54.6282420419799,True
1.0079509688918662,14.750834463188895,5.145421823449563,95.4454923454169,-43.333447579330006,True
1.010253011939399,13.545235620711876,5.312100741103517,70.37391469738571,-37.15945382851922,True
1.051141657134448,15.360084643125516,5.554520717242476,112.17788364821563,-46.6795233215899,True
1.0055845597790245,15.848713398930133,5.541740349060461,147.24421007011333,-53.792132508924624,True
0.9521712883143985,14.002228332999147,4.759190550388358,84.54242810172279,-40.75672971691669,True
1.0096089425133992,15.96681754087305,5.224792461120573,133.41206381031435,-51.369019006783816,True
1.035966124657139,14.403795924521182,4.475361019815166,58.74883539537815,-34.06170354051443,True
1.006988251410867,14.643700436807821,5.327538663337476,100.39205567218764,-44.33438939577378,True
1.054819521411789,14.467290075833251,4.535502913454427,56.521912622799526,-33.242350579805034,True
0.9346618770572228,16.014107613889625,4.536880917767254,132.40308105185696,-51.043693619140306,True
0.9921209716458809,14.83690611879406,4.943114678518078,96.08536064006097,-43.20356224949287,True
1.0003002576726696,15.773093162946251,5.2793536311841205,134.51639066753927,-51.31519946084432,True
1.0386210627346446,14.514484547380691,4.7182852597012355,66.93307384280436,-36.13436958118088,True
1.0449745632321503,15.35920526011041,4.841209175848666,86.14038712993303,-41.03841502475607,True
1.0012115623322968,13.912552629458423,4.749521513848747,65.2916296208465,-36.01934376532269,True
0.9819565241209787,16.001171884020795,5.044338766471183,137.36406344708433,-52.10627120562656,True
1.0094055706736842,14.69333062290868,5.276527837733886,98.92006351403538,-44.00447827482578,True
0.9429690586113352,16.24918614160599,5.00519892244916,166.2429076091231,-57.18570352612226,True
0.9755359442572866,14.947669393968486,4.813804640398687,101.26935296206544,-44.38677612387079,True
1.028498859164803,15.09568180860565,5.46017792565473,110.14974239667823,-46.31383928827792,True
1.0176789058673879,17.286498843219757,5.3054779007661,177.8301460046181,-59.21682257505775,True
0.9668859213077938,15.745396582175037,4.765043870820967,123.81917210847112,-49.363691101619494,True
0.960906778213503,15.194505074265717,4.731985638829141,109.15502843525147,-46.043301238631784,True
0.9600290140220398,13.780817440017577,4.878167071472972,79.8351136760023,-39.53453678814768,True
0.9634735679912075,14.24474603846391,5.294096817592667,105.30549162722055,-45.246658849348265,True
1.0073638601323784,15.785388794063827,4.222685545207019,84.53881822127472,-40.82201221047856,True
1.0600590991371495,14.667536229300874,5.392859018576808,82.80573261698386,-40.550254798581975,True
1.0661040180551027,14.79291342509997,4.892597445893792,69.03959996478243,-36.97618995200394,True
0.9539066340499345,13.917873876907297,4.632710462239002,76.8692581964921,-38.59316669641479,True
1.0164976668504264,15.405031498561902,5.042545308840187,105.29067138716678,-45.601703511855305,True
1.0140863372131377,15.104203548974251,5.084385050829709,100.394473104304,-44.211080076462984,True
1.010591239546775,15.712884848580147,5.261254627002037,127.73493854255754,-50.029486832457536,True
0.9511595593645142,16.23794931041053,5.34399791357383,180.85557783216376,-59.74018754403541,True
0.962890739448694,15.448702596489369,5.103772195184741,135.2113248748359,-51.27945301284851,True
1.0172441532289778,13.827147581156812,5.151740029290244,70.86468755912743,-37.227689176404915,True
0.9807595554316045,13.4880096113215,5.019289232871463,70.48096047868955,-36.98778890578255,True
1.00452689780031,15.73079033129201,5.199514841102293,126.25418509148497,-49.53202225476242,True
0.9493192012112016,15.120118491265089,4.816888287223365,116.81552784175167,-47.829958194173976,True
0.9755191687300047,16.751261489690275,4.882427868687507,154.69911892915277,-55.160976501362754,True
0.933303001476972,15.024915249076894,4.5298543005169805,106.82710501569649,-45.94265768928912,True
1.0132152617789274,13.272608221847992,5.495350256847673,66.43826709937295,-35.86277768319721,True
0.9825913120792082,13.734164090592728,4.810613860857581,69.83952980757113,-37.17615448720643,True
1.0132864355818239,14.249792752599564,5.322652247894915,87.25478911882381,-41.50223717623524,True
0.98166951030589,16.741319752572096,5.377627070493713,183.60833350232903,-59.96379647905174,True
1.0117831821455812,16.16883694709549,4.536323480234997,104.05124547548351,-45.00856398534299,True
1.0902576232674124,14.463917650190481,5.040953494247562,59.60744409093365,-34.04710602536431,True
0.9738111531807555,14.806304060482876,5.196933241951205,113.04136728125808,-46.99514067922224,True
1.0245723133616944,13.637544343552785,4.83458104808901,55.863439115451044,-33.05369539386727,True
0.9670350262047672,13.603032074765576,4.589802567875379,64.57932850536676,-35.35498748412477,True
0.993397657542193,16.11886698930654,5.445068495375415,157.60734241693007,-55.7753186639793,True
1.0236461819990628,15.940887879300021,5.194463016675317,123.67914651784156,-49.49519885148162,True
1.014162279458705,14.723968422366926,5.012399583970259,88.85571450368887,-41.94980515076995,True
1.0345410748193313,16.843095160439738,4.686185108087173,118.61101448540275,-48.06751790220954,True
1.04782180061743,15.434370466002953,4.695550237005657,81.59575353909858,-40.15070030918549,True
1.0332396916594744,15.211764257360668,5.050218532210065,95.87760940076284,-43.616778653509705,True
1.0460120270488642,15.217580578649548,4.860438450883792,84.3584314631332,-40.54787430815892,True
1.0106501966148165,13.938252829188464,5.065734445999558,72.79458718537494,-37.574002770729756,True
0.9635704455578201,15.94433066629976,5.111885603098576,150.70248477174513,-54.57475249643517,True
1.0400326179407329,15.951940969828586,4.864625083034005,103.76016727618871,-45.016673727045216,True
0.980930141069916,15.24062155651302,5.508066212054456,139.6940431990718,-52.58165946682131,True
1.0346955369886623,13.88167874033122,4.773435887293186,56.81742976616729,-33.21175634343304,True
0.9372481328946892,16.089185563643444,4.715321119443638,145.2246328798073,-53.347053297511316,True
0.982211314837891,13.199683472070499,5.125945051695322,65.92304778576826,-35.75748382538486,True
0.9654399939268913,14.226123014550865,5.144492123946188,98.11318162383172,-43.79480453906179,True
1.0196231300144214,15.58026811951883,4.699543789012456,94.1166101317851,-42.95903313933968,True
0.9711447630354161,14.591715092756306,4.897034816186383,95.89534891099697,-43.60566277615823,True
0.9992384446783055,14.01023184481453,4.53787696029935,62.2989632895429,-34.79536157893112,True
0.9927334290377797,16.38413218009702,4.83048884190191,132.45582615051035,-50.91880849556337,True
1.051327866472345,16.133419764601758,5.240866042309962,119.3419442327434,-48.43628674415295,True
1.0235424114420684,16.066452344629642,4.611823287164332,101.83955283356768,-44.72937199341809,True
1.0144861974034767,15.33209593399644,4.672582718208492,90.23936240100494,-42.273630789537464,True
1.0010171885679122,15.03482926587449,4.751313354333594,91.88442363592279,-42.68315256123393,True
0.9616455509419942,16.73795784338622,5.342228573005196,192.86708472630693,-61.38787356966063,True
0.9561649127229142,16.435290207465115,5.299866476927002,181.58774730484677,-59.483066444551305,True
1.0138618491409517,14.915727138143033,4.370747378411419,71.15889340713453,-37.292104364083556,True
0.9292965133978983,17.711277187636586,4.4639452124257595,181.9326850235637,-59.91389613535684,True
0.998118609571337,14.87489766836639,5.026514724068825,98.65908066229541,-43.93167365780672,True
1.0053654566578625,15.385466583822852,4.517655468262543,88.7055437290899,-41.713225264772944,True
0.9294666653548282,16.390479061483397,5.362130297931642,205.06618511505076,-63.206366887537136,True
0.9971907243770234,15.371574315626985,4.340181924611433,83.32956414961576,-40.36477652696435,True
1.0003133905118946,14.735695695204413,4.77443134825569,85.13079229830178,-40.634320249056636,True
1.1039349469401434,15.381702074016674,5.062360286038923,76.1690026964971,-38.811036856364275,True
1.0004710044450678,14.994745321367624,5.442048095221855,117.48315338683827,-47.809111002350285,True
1.0437596024884412,12.86945987690575,4.998732042085227,39.59263857426418,-28.1119599803274,True
1.0223265161966593,16.003384773103292,5.094939786518417,121.27559525770509,-48.67617125422326,True
1.012898178821334,14.37759379349104,5.053244396983747,82.50846612736309,-40.422996657541326,True
1.0414992267607217,13.84942200590898,5.282193367747983,66.39987493988437,-35.96131216798139,True
0.9278360107930759,16.204938874895447,5.09235580750581,177.25041057415226,-59.057944739593424,True
0.9955690998507226,15.378180508029462,5.221321091742293,122.31557831290453,-48.887729502140765,True
1.014067355310232,15.679574479063332,5.22725463510675,122.77360223029729,-49.297163322071235,True
0.9518744433857641,14.873667227231687,5.326874451836405,132.57324555490788,-50.79971443505844,True
0.997664356407114,15.224287875736179,4.347993748009348,80.21169194853553,-39.56730609814448,True
1.0047030168713496,14.699277399208853,4.543630705802506,74.41937430896378,-38.398361264674726,True
0.9915648946080096,14.138627474049368,5.202993126610902,89.11949908086453,-41.879760183827095,True
0.9556248865444472,15.685332263699403,5.589097920513184,173.25167820564184,-58.176326508647556,True
0.962310820643588,15.237931243182722,5.097565796469162,126.47339963224846,-49.71588112207071,True
0.9839670439503523,16.721513563665454,4.922665360809877,152.46849318721672,-54.6913125922595,True
1.019231281435348,12.764345953529325,5.295610049808566,48.655583110129406,-30.744434397544442,True
1.0047546875224083,16.17881326833327,5.39643382187188,150.58727098214464,-54.31183870734494,True
1.0099632771767022,14.612089074181768,5.20206061879901,94.67324442194891,-43.234809917264926,True
0.9884388967995504,14.517007280886,4.989308723638611,91.26734776407055,-42.32398537405619,True
0.9579794752334163,15.584457536992707,5.0148444081546595,136.56215278275673,-51.752849951665446,True
0.9846573001646096,14.111786616853289,5.078916175912603,85.9089260117398,-41.194966799646735,True
0.9583591647399197,14.550422131729066,5.397594650142476,121.23530097037262,-48.97724432240124,True
0.8486036405874134,15.594516243058083,5.126232650137282,212.81205318635497,-64.77260593101335,True
0.999322698504226,14.464902177703104,5.13016287075097,91.27477738005477,-42.194264523989034,True
0.9869863568779708,14.294274062637854,5.286743597052646,96.89240344447674,-43.41393894792719,True
1.0618267843388396,14.292120532853817,4.985160174102719,62.60127443484959,-35.21482012917727,True
1.0344518956140043,15.35087239577165,5.077311483462561,98.94877943410056,-43.99994117215449,True
1.0238084471948334,13.795365167330747,5.589402532147343,78.92637812743558,-39.31948140975683,True
0.9500246139589137,15.7556724404867,4.809267498531008,134.69877761037606,-51.509729980804124,True
1.0509830580360504,17.11557810109979,4.828925143417419,126.42750487901155,-50.017777897520055,True
1.0070613292718038,15.003339696592318,4.7422465632007365,87.17487793483664,-41.55833960106461,True
0.9821440080739154,15.435247622149117,5.094716832640555,123.04787266906446,-49.34106263661073,True
0.9608569287214381,15.264727887216038,5.112664829687412,130.5002457536732,-50.619126825448085,True
0.9672527761722088,14.066266793376473,4.42493913565075,69.46315958158877,-36.81940584331296,True
0.9871720343973962,15.316409538646166,5.289258394162214,126.74057106609476,-49.71266225919739,True
0.9486642899233664,15.222347023162696,4.675393364043004,112.66434598372254,-47.208404510099044,True
1.0019162701096116,16.771944490371475,5.135046729294397,156.818933666007,-55.54418811838589,True
0.9917394493116239,15.247857999452117,5.038176623675736,111.21398446171025,-46.943942692275854,True
1.0343299096536902,16.24187852160102,4.149958144260278,81.22772241359174,-39.800368700309534,True
0.9925390507276574,15.429156700721379,4.28988181722508,84.021240427786,-40.57540579084793,True
0.9089524484228855,14.490939217552327,4.663522029736181,110.07677137193615,-46.71443196740545,True
0.9845233253272576,13.814804628350673,5.353376214943796,88.05170986035827,-41.45684629644613,True
0.9435457031293937,15.308147193366795,4.437847677170704,105.03206875365208,-45.522908979873385,True
0.9701684469504992,15.760294738943204,5.33357113836427,152.50119040595874,-54.844255579683995,True
0.9528059178807597,14.910972403257121,4.470136465801351,94.3234855704509,-42.88257907198965,True
1.1045063473204553,14.366965075666318,4.3442465392787835,40.117100287963176,-28.27348603112139,True
0.9830076480733113,16.406938015236033,5.089003056463619,152.2452715584428,-54.670696480254186,True
1.0358791819833475,14.55860325802846,4.9895811624257105,76.01091112821972,-38.619275694498484,True
0.9846814767223465,13.848115062640609,4.472093309383745,61.741078454627825,-34.81403468529523,True
0.9886572001573333,14.935001166965948,4.639396070982851,88.17654631627448,-41.589474986335155,True
0.9762388811875349,15.077693911198237,5.091512542750839,115.37198542137929,-47.78114878148319,True
0.9651970130372005,14.264568605763799,4.888677450299433,89.86931604397626,-41.86979623472561,True
0.9662590313395298,14.908545749755215,5.186203912212345,119.4896149683171,-48.279472651422914,True
1.0187235899505216,13.304802432292403,4.899119768288069,51.950513150142434,-32.14269002450497,True
0.9970063624957645,15.42381850049303,5.296108919081888,125.3657335809573,-49.46230854481092,True
1.066457103048646,13.950115076237012,4.656002416940356,48.17373494011786,-30.734226766848998,True
0.9889891588374258,14.618126142761636,5.176276956753847,101.26325148706879,-44.78344469147009,True
0.9861869727199165,14.323269871132396,4.619629022571556,75.4543510704186,-38.41191734716077,True
1.0020338551558916,16.401607715234814,5.09227418536045,142.31266263280426,-52.88058365978168,True
1.030292726398106,14.696600215544159,5.191871814940845,87.57345436069399,-41.58265238981025,True
1.0058010956114465,14.15660491000767,4.681128725114002,67.58763208318618,-36.36221266670034,True
1.0672862767159212,17.090412816137814,5.113401591880741,134.27356252082544,-51.439754269944345,True
1.1288990401900332,16.794629157795498,5.169115154851459,103.89248973009535,-45.26460858197242,True
1.0409616008052,15.836354567440022,5.14992859438199,111.12102633473121,-46.72953216023493,True
1.0188000504046821,15.562043451886783,4.776076243764225,98.02908076421657,-43.91009984941544,True
0.8999573638810131,14.134550040120946,4.890908899883093,113.31834797352472,-47.13808177236746,True
1.069240457363131,16.087178147121644,5.512753999309246,123.66628131942925,-49.42338585749052,True
1.0613643429808417,15.364750923690675,4.734543727579689,77.6860710676459,-39.14702772738801,True
1.076730277971569,14.36316964792859,5.042069962705643,61.20321404844088,-34.65893355208258,True
1.0398148543011112,15.140832005828068,4.938016559154235,86.39746224185633,-41.2281314965245,True
0.9525377229287996,14.53571754397956,5.101273919160564,112.42781109200878,-46.97904383632863,True
0.9517396448287376,13.477618887343578,5.421329345029112,93.2812886062508,-42.99485658131052,True
0.9454768979647004,16.365425508933185,4.822514475689806,155.62478067621012,-55.352499077038935,True
1.0040184739137408,13.186288249584933,5.109585766412555,59.00678884877682,-33.89591538400543,True
0.9649469886084652,17.156660460283923,5.212630889434041,199.070733636598,-62.63452773382625,True
1.0429501312050373,14.786150316448765,4.900513123928524,77.32399933494128,-38.71368099256571,True
0.9714098349189583,15.45207931381395,4.745378361507511,111.5271803458485,-46.57691956152364,True
0.9837098258844635,15.534306543766247,5.030251121925556,122.78156372494949,-49.254153799116146,True
1.0132172011014735,14.010315144772898,5.006846830753816,72.21174485517592,-37.590354379309595,True
0.9760946191408865,14.789581558959885,4.5086278715878265,85.40633062967568,-40.93135144638409,True
0.9545946494611243,14.8985734730461,4.764040197476482,106.2525028715309,-45.74832002458736,True
0.9093520869458488,14.396424686823687,5.21782268070394,133.9238970407299,-51.28152614688371,True
1.0465393720078358,16.03727768914768,4.864854832267854,103.40633573149222,-45.08439268296796,True
0.9539412798796169,13.79043603004115,5.138437205286776,90.80014222445666,-42.28919155510865,True
0.9808383831093892,15.198713974142455,4.684849510404502,99.19699345519675,-43.909513604887316,True
0.9814501696658104,13.289833245825788,5.0376121572169055,65.6722502673892,-36.094365108451875,True
0.896949418245877,15.239264396058125,5.037078219361292,158.5670486000936,-55.954471999984825,True
1.014343517704439,15.169709174619404,5.089744042605837,102.0114156937428,-44.88198503469038,True
1.0702497687821937,16.907674856340197,4.886842409655369,115.76350649302148,-47.667899724788626,True
1.047978824343789,14.385161447527693,5.047643592724755,69.88263531829833,-37.11928894103335,True
0.9811940286883267,14.830578993324428,5.56855894853252,128.16273986111526,-50.24446311397157,True
1.0527284187055872,14.760067665431942,5.125836857221718,79.81059322182435,-39.62701182878661,True
0.9133066406760044,16.68134523265229,5.441691536947513,233.7825186575577,-67.7174468030326,True
1.04160863441749,14.4241452911658,4.94810151599875,69.83485768189904,-36.9101427373558,True
0.9634470629721068,15.22528308723653,4.222833273914736,87.18855610039454,-41.23806253183094,True
1.0484048581641991,14.706613531359682,5.225416077523982,83.11461915863099,-40.15105221252431,True
1.0017801864337108,14.84831330853536,5.589581405903028,118.73923140296189,-48.45120592018288,True
0.9397918601853499,15.011191330521953,5.041409363891504,127.95636797185021,-50.300409127745525,True
1.0123574789874292,16.0981102372564,4.828787741726532,116.13563800357541,-47.95470862319714,True
1.0000475186523088,16.453820420409876,5.026679154527245,142.07105215890905,-52.78065509934296,True
1.011915024628956,13.612100113918205,5.349929004937079,71.46991017313883,-37.41425587674437,True
0.9598993284025146,15.78123301249749,5.040928521609,141.69455242432412,-52.843932365659754,True
0.9414423863613318,16.254851374748434,4.797525764357386,151.172967199437,-54.463673493869294,True
1.030680898150109,15.339985546503314,4.703876746364178,86.83419799954733,-41.13808288669129,True
0.996643590728297,16.184123596950645,5.214365876067619,146.65361748322886,-53.55870785401171,True
1.028633277262169,13.751088614223741,5.939470627424127,85.83486678060423,-41.12155499405742,True
1.027727627522944,15.50803906605342,4.649062592918653,87.79968741855505,-41.667177851844315,True
1.0353975206065937,16.248627241874537,5.187899379498713,127.24343639142138,-49.84972726787398,True
1.0809252865943808,14.36987866700223,5.206324108332769,65.06969063166059,-35.66371874851989,True
1.0099626523961884,13.711884598642019,4.663611060077235,57.57695689340298,-33.79936062433466,True
0.9501407743998774,16.141841911321862,5.241668054420733,171.33518406958254,-57.95830091944449,True
0.9613156524670763,14.577214858339605,5.610787806668209,132.09272250043207,-50.68343262704534,True
0.9854922398276519,14.421708327828107,5.2865486995294075,101.07195242087447,-44.57421992021337,True
1.01056338129835,13.119620085646943,4.89004825305075,50.404860204167086,-31.542842185300163,True
1.0689483408147227,14.486463288541438,4.59155542625349,54.69436174980578,-32.81747564421948,True
0.9929760312825275,14.301478469932368,5.134343086167573,89.41913608452649,-42.074892783094725,True
1.0839709799679886,13.197288177535071,4.956389006833684,36.68961978020342,-26.924769857663552,True
1.088388253288759,14.414854791001453,5.197260598853187,62.68778008606584,-35.11604969806425,True
1.0215273776228058,16.185175811124353,4.910170895979973,119.39745958961564,-48.61123462006988,True
1.0314983234129735,15.342166123093754,4.725611893762364,86.61118278911937,-41.18406540430529,True
0.9770327503688471,13.362930027557248,5.0217973144594765,68.74931008124761,-36.878875537500555,True
1.0840268730647553,15.389993520134922,5.3494053768396554,90.86316767022444,-42.25623412470806,True
0.9681400359488802,15.726709107114466,5.244098337502326,146.83222639092602,-53.52918572050803,True
1.0600984810640857,15.103988460381808,4.915511985599899,78.96385253977027,-39.34577605536805,True
0.9483771980700809,14.964790296330984,4.646252618267455,103.8094766780633,-45.32695113047312,True
1.0320075109445699,14.207005915390912,4.912940577682231,68.01962537858638,-36.33292688121656,True
1.0557189044801953,15.418300882361805,4.905177171841878,87.45044140243748,-41.50347114235968,True
1.0454210240080168,15.585094852668622,4.984851920920142,96.84058605823465,-43.67069979148086,True
0.9766498993113526,15.280549808589642,5.593880140226053,145.9460031903115,-53.647056621989904,True
0.9865207047033104,16.745354533753602,4.906949401589604,151.86993516996208,-54.7894368573832,True
1.076908844715914,14.79454779787084,5.039674291688157,70.14456715261069,-37.061721504920754,True
0.9747095527371016,13.696581068875753,5.23317614971141,83.74108353527872,-40.51370233973905,True
0.9764192318224579,16.674274227109112,5.1521294221771265,171.0300393058277,-57.859297018404924,True
1.07522445878236,13.110479717780823,5.43970033490241,43.99599185667467,-29.19429213415443,True
0.9968668620635673,14.601315239635582,4.8368980451500425,84.94597801536577,-40.79504624679878,True
0.9972411239801032,14.079014595141075,4.801149144395001,72.91992737387498,-37.96637310464289,True
1.091937440384616,14.898045568289382,4.889672117814972,64.01150083053527,-35.66046552444911,True
0.9677352172794399,14.863795389449148,4.721066419739348,98.02004268091193,-43.78203115229464,True
0.9634290429832699,14.043700699580434,5.016300879180799,90.3182664168209,-42.14522171663581,True
1.0089613504139932,16.067413527394176,5.046878784298487,126.5705425155435,-50.05323141317809,True
1.0016205252113148,14.865268356167839,4.900129872969825,93.25326526722714,-42.78447194655457,True
0.9610808843194393,16.218910983908557,5.164096154025132,164.33393997333656,-56.94386917417598,True
1.0403015333877652,13.830932795457212,5.172735082955662,63.85894069347893,-35.34188063424208,True
1.000764006949484,13.920293452465486,4.780968693421014,66.96641371352507,-36.23860142067234,True
1.003245744880539,13.893545437765182,5.172369517710475,77.0822392067268,-38.840298580586946,True
0.999796363102763,15.518985396400879,4.653909144298573,99.8293440985568,-44.27541249289521,True
0.9476972749327279,16.747467027491716,4.721702364250049,159.76831631262502,-55.85169898183459,True
0.9591443034795397,14.696129382012417,5.429244291299912,127.86151177450147,-49.91041607336179,True
0.9208953279436218,12.686382969849461,4.931818190529755,68.23526866332536,-36.775106963705504,True
1.056946600833409,15.474556005448248,4.939280262648016,88.32993424239486,-41.81448280767454,True
1.000085384812312,15.66470037064878,5.500088764321127,143.94082792083046,-53.35133558674905,True
1.049738649416159,13.965929539535555,5.052616184010495,61.63061523144026,-34.66309651852797,True
0.977488349008486,15.565620986198358,4.922357834162362,121.59280261743965,-48.70571124010093,True
1.0574060387742767,15.810796535300604,4.730116427162566,88.42575338095138,-41.79092713794818,True
0.9191597727993386,12.950744229168851,5.139601941195151,81.5160147926467,-39.762215668198614,True
1.0486026451352264,16.11610788259602,5.434844229928833,129.34724927448568,-50.14475443543347,True
0.9960994285421921,16.178770408123412,4.979864122015697,133.12145472926466,-51.224380133460635,True
0.9307242072578745,14.691794628418732,5.386608758253315,140.188101215311,-52.58968389701903,True
0.8588740045981367,15.64514225661183,4.95648697228469,195.11017013105112,-61.956620644863186,True
1.0250852647357527,16.976437656932198,4.773418060763444,131.2927207532658,-50.9801972483378,True
1.0494841620091129,14.342561564304908,4.854209375631864,64.49632783270424,-35.54964792395336,True
1.0030983775451638,16.16071007181322,4.776536425644975,119.20805855702774,-48.2361947841045,True
1.0301561568814321,15.24516198630722,5.413211995348289,111.7733129938522,-46.8760794556632,True
1.0223199225832815,13.860215560944997,5.3393455833999,74.12317202812721,-38.319782547207005,True
1.0027752734527182,13.179368876484412,5.1169557507915,59.214557146047376,-33.84759717533787,True
1.0479618760643326,15.721873293468922,4.288751988954274,73.41374583188211,-38.00446704364248,True
0.9261259340295623,13.693745687075651,5.443343241653426,111.38864148018232,-46.94601973087591,True
1.0049226475324218,15.967929586582867,4.885583390365655,118.22267389220708,-48.19892029366079,True
1.0341382067944616,12.815459463676826,4.813429391873075,38.370632362436346,-27.205835847990198,True
0.9776978524628818,15.149044876299852,4.900094071466732,110.00280392073539,-46.417190855937285,True
1.0127892489676815,14.679561779943972,5.0119630363576375,88.25168828271406,-41.581330649956776,True
0.9411474978617981,16.676919578095127,5.129123229023456,189.46931753000143,-60.798171477036696,True
1.0037783617745837,15.225673699792962,5.326312834386847,118.5742547173887,-48.341262550466276,True
0.9639511963694749,15.612659147279839,5.158491747887843,142.56136552128265,-53.11807271610328,True
0.9741413124317025,14.569170118904415,5.00864749880747,100.03681294558214,-44.15465282610056,True
1.0285876472731936,14.821393284807868,4.88849411484823,81.10563896747912,-39.75614254656528,True
0.911923367404945,16.052351135461645,4.736597581920141,157.74920566215337,-55.688978754121315,True
0.945460142000546,15.016321944413207,5.114009116438863,130.3811110955891,-50.63984589641926,True
1.0362419495815411,14.081018341810056,5.158882359645688,70.76346034566161,-37.2495761414786,True
0.992158219533251,16.140365107852144,4.770919668584764,123.37193204381582,-49.44391353474151,True
0.9632670212256781,16.685874604697204,4.683759099489312,146.50923984093333,-53.473303402374064,True
1.022524419017754,16.50282792465353,5.235094883024824,143.50498671641438,-53.09917721393088,True
0.9446329684957122,16.290272812073155,4.873412337855164,156.91011254389016,-55.291599183175606,True
0.9430195406566683,14.717242484831397,4.64967387793116,99.69688604814527,-44.16873543601084,True
0.989600270177402,14.018667537368977,4.715983129637114,70.96321138043153,-37.18804747101525,True
0.9930776363440355,13.813573220830408,5.15486364937177,78.59893206102694,-39.50271579873781,True
0.9628639307328375,13.692758159854842,5.471483445260482,96.71411353460738,-43.42924142878326,True
0.9868088461738114,14.906480967703068,5.30467845664475,116.70402845891638,-47.69527415154659,True
1.0666604903665393,16.77130659006045,4.436560659155092,93.84185409826425,-42.846800184027686,True
0.9981909821458494,13.345973245710868,4.971133950232686,60.654812250123406,-34.6826994797403,True
0.9424945693086888,15.01677261790217,5.2448014875906885,137.05401839084323,-51.72971298460281,True
1.001217542281188,14.67986819604375,4.5572718245865325,76.72731373545653,-38.99322377367071,True
0.8940320774482549,13.824354824263924,5.485647682348768,134.77243424716764,-51.31288873465519,True
1.0806001529725289,14.746594894807528,4.459546630004888,54.040955576685036,-32.76597998094787,True
0.9406693594076456,16.289715136834555,5.181449815707937,179.17055807361137,-59.06280485572441,True
1.010320312982318,15.227332925927952,4.894845248159733,97.05204725282009,-43.86824192062656,True
1.0081083574062673,15.627200813906517,5.065478971454336,116.9632459263484,-47.98180390473331,True
0.9609634086968065,16.068994888615677,5.025752030730306,150.2307193280538,-54.36663617572881,True
1.0649699190759598,15.386696219029128,4.737395852497933,77.06077216270634,-38.79145170375952,True
1.10288094009402,14.63171982690005,5.160735977766355,63.20771379930073,-34.99855055383037,True
0.9625953565032633,15.100384401344058,4.931988134510474,115.14175062472252,-47.426073279867424,True
1.0355613735163613,13.926719001057084,5.174938290108251,67.44024081543472,-36.506441256257546,True
0.9506188362119438,15.057214854939787,4.8048785762976784,114.5002638026184,-47.27549744395954,True
1.0660687932033819,15.121966767893163,4.926780315865595,77.49984433580765,-39.16676716259411,True
1.0632411718664079,16.31714437529075,5.166981581947344,117.10444314906117,-47.72764377392554,True
1.0504701516510826,14.675788602669474,4.783051509996944,68.26246986316231,-36.43620737555658,True
0.9171775637913168,14.675717485041108,5.351413043870001,147.23020681258873,-53.87783970406711,True
0.9728714623460071,13.48434746143621,5.088593638800565,74.42460290094043,-38.203170502472666,True
0.9735740126261253,15.648480472821893,5.594863414960251,160.91146401823562,-56.15890368341393,True
0.9702054375522229,13.530721645204942,4.950781295539299,73.50456471068775,-38.17878060309457,True
1.0664271224004733,14.502147835983635,5.081949945574367,68.3069363195506,-36.594030647613145,True
0.9094439087520089,14.289786919649076,4.9323421535110095,115.82987857822815,-47.79031127004986,True
1.0194863304382344,15.89068940410878,5.001704530736994,117.04572548445768,-47.83486809373495,True
1.0372096970854843,15.487940049592215,5.166669643187895,105.41722747154954,-45.46747136684514,True
0.9648805934504213,15.707736730974108,5.485522330512194,162.38380321189467,-56.631960280487036,True
1.0252443950896586,15.945597362325795,5.429298452309332,135.2228644197389,-51.595302640722174,True
1.0220837128565867,14.360528168407345,5.234312069700902,83.69696770093151,-40.52270557123846,True
0.9864137553330571,14.132300889852697,4.679778253672932,72.86359140991742,-37.63033339007354,True
1.0543394232689238,13.316171152838782,4.889451436201009,43.58515505597919,-29.346630953295733,True
0.9728434704832462,15.127566329836643,5.175340409414038,123.00975096358282,-49.123299828696375,True
1.0544604375961175,14.217501320153579,4.761226636754344,58.16018461292759,-33.871138416065286,True
1.0065929903715187,15.451207417160758,4.995057021268789,108.36073264870366,-45.874975089445286,True
0.9844180686715399,16.160399848422745,5.048149422605213,140.96402086605562,-52.47621077881414,True
0.9888083230688431,15.930167439362265,5.546109889516489,159.35843588772934,-55.77488804917642,True
0.9305730040676601,15.120867128261638,4.952839436715955,133.3195775416613,-51.19007315295904,True
0.9818951027065095,15.07797472635072,4.52803309232888,89.86605957243967,-41.964229985063966,True
0.9438926714744721,14.990768966817894,5.2311938080715485,135.4699255240536,-51.507747773666004,True
1.0132378686778523,17.1248614976001,5.3134647370869095,174.842228989841,-58.6909726733066,True
1.0450261736898385,14.417633073127064,5.683587527203776,91.07826786864851,-42.513834711372276,True
1.0228490892849738,15.07920814508695,4.867943679710164,88.98702073507263,-41.55844249034057,True
0.9643474070275925,14.819004747570661,4.588154818450725,92.09552228403533,-42.61788126212481,True
0.9867325522802984,14.216860294804889,5.105782181527658,89.55756142181133,-42.047207715637725,True
1.013833610651257,14.62018575586412,5.157305500380294,91.63607261594,-42.2418835590169,True
1.016473903920878,15.027922120753107,5.173520515415938,101.35807143311239,-44.76529733337562,True
1.0818567720895151,13.815229848521263,4.878959893483979,46.258382708203854,-30.13186746287804,True
1.031167151202236,16.648575233688415,5.1284793997357685,138.27544379610416,-52.229344271846706,True
1.007401873044245,15.726229135701242,5.031994478276012,117.70466082698273,-48.20556166782128,True
1.0052106113223191,16.091961940909467,4.831042414643822,118.9694828013627,-48.41704403611585,True
0.982600977865336,14.838677940462377,4.670929251219968,89.97046952800979,-41.8382883019467,True
1.0000079031943865,14.686948101934702,4.902931448853719,89.45145179170599,-42.077181456221005,True
1.0358537511884238,14.786093049218666,4.9797470616457336,81.20192230284731,-39.971971769037225,True
0.9646602129809942,14.30363628782539,5.206050720976064,104.52061359518018,-45.27037951034334,True
1.0205184240665932,16.299838702721217,4.990550864283069,125.41218897146884,-49.63141973840551,True
0.9945571528130062,16.396708701130308,4.8463854641477635,131.9644980670295,-51.004256857907876,True
1.0858891541020812,15.5496822165657,5.161047632553602,89.00353285000942,-41.78569942713378,True
1.0147636451500126,16.698077664679076,4.9782339044017405,139.33303219752696,-52.121300902548555,True
1.0163857604687268,17.396397816829033,4.791533006546876,146.84846269311555,-53.711987415378076,True
0.9571919768257996,16.846801447887973,5.102222903049137,185.34846643005451,-60.432802040593195,True
1.0732156705916351,14.530844438428566,5.200436637070161,70.93884459600464,-37.31792508782512,True
1.02534861492128,12.581088620290355,4.973284803679511,38.46300003152696,-27.4302019784035,True
1.0682126880890617,15.74280382265426,5.494987010297075,111.96645618671721,-46.96415046394254,True
0.9907994992252022,15.426857281105347,5.3706721894347265,133.29709263893673,-51.299405508266055,True
0.999917984323154,15.108938538643955,5.156405144220701,110.37611602304244,-46.50457538745761,True
0.931471322978288,14.76810177261549,4.890508636190285,117.28065671314118,-47.88047822591026,True
1.0922402932668196,16.350669341542325,4.453968816814504,79.72510166507438,-39.56469153187581,True
1.0184698314678116,13.453590356188236,4.635043268530367,49.4931562555462,-31.279808542899758,True
1.0927856177230253,16.531995703316255,5.26706287219601,115.19348346804058,-47.34997584288857,True
0.9825386493684561,16.73372137739443,4.722865365496698,141.42865013973204,-52.51823929235344,True
1.0235923543086751,15.150176941159126,5.123032369419738,99.86317693452118,-44.43791789720747,True
1.0496383001691325,15.284222508303857,4.73182950385068,79.56389186210045,-39.72426236976586,True
1.0164910349261338,13.814253083640812,4.9457529622431995,64.15837299565257,-35.24331863735172,True
0.9833612791026989,16.00448696251998,4.855880339837785,128.77146600260096,-50.23359409645796,True
0.9762683026467533,16.271256889545132,5.2509193686084945,163.61685156464387,-56.85402328397735,True
0.9826497407890529,15.764323559807632,5.271958030099864,143.15672117136097,-52.804359556620554,True
1.1335200481679628,13.760485359336345,4.5148361532614345,29.843725380041178,-24.225798394017588,True
0.9689251872559006,13.390588054456105,5.404839843838155,83.90119346317402,-40.43876394683353,True
0.9006802378447224,14.75968948601891,4.921477926809,134.6086226270986,-51.31801765050019,True
1.001861850908385,15.079199200255486,5.325755145250815,115.08379796037754,-47.49670757470672,True
1.0012325000864923,16.015200882036506,5.394615276040596,147.0493141224426,-53.90737320449911,True
0.9842574444977792,14.759486560309092,4.830874758594306,93.22955670957087,-42.539058658085835,True
0.9689616496756034,16.062616820368486,5.486012557271075,172.95963115994363,-58.42820786820779,True
0.9863065029776177,16.12917739214328,4.463466249466737,110.43629126045614,-46.58351113545854,True
0.9340156794581065,15.473566317861001,4.689286505466191,126.03067752707454,-49.666465914426034,True
1.088925322812213,15.869038154992547,4.8745032278475025,84.9478375604052,-40.91621760406112,True
1.012250603936994,14.583932997513681,4.690100840090608,74.57655822486899,-38.23306377598495,True
1.0058940296552448,13.858366788915163,4.5660630562140225,58.94830533820837,-34.23454662557887,True
1.0525552067897646,14.431063750474769,5.307838102735622,78.0189013294623,-38.97329659802869,True
1.1354954606100738,14.167267442241554,4.865780515239183,40.71951697560306,-28.135035238250893,True
0.9799109356373003,16.21063887216033,5.023511105744668,144.7811673675133,-53.30749293874773,True
1.0153348848189852,15.86260871789037,5.2029586947594355,127.58355833150165,-49.923585507564916,True
1.040096860716516,12.969554480841397,5.327136246443844,48.38059705679296,-30.897332034507773,True
1.0345531824435585,15.178833066375642,5.4654624275150105,109.98353042249649,-46.34419763972667,True
1.0452388796622625,13.214231293266108,4.738128407465586,41.180026757866166,-28.239039531235726,True
1.0458809055328595,13.916076768429386,5.464170819548215,71.71249921594568,-37.672180060117334,True
0.9794403433837975,15.83202412935462,5.048505483490083,133.5130142186869,-51.295493238157405,True
1.059760083600493,13.275700999668416,5.050481570973465,45.124885893969356,-29.797384051831642,True
0.9943971521491876,13.635798830055824,4.916435356178176,66.83565152496242,-36.10848842135679,True
1.0140360268701925,13.975908872750592,5.092644330133461,72.58432625890352,-37.61946459266955,True
1.030739366343656,13.415041740638372,5.4631108310850935,64.31293628393452,-35.346666014600146,True
0.9644419872849274,13.579750801043856,5.19724698048236,82.87183914244022,-40.08730222719176,True
1.0216863437702544,14.943879928242472,5.329648056461443,102.78153131412304,-44.86275824261827,True
1.0310225263221944,13.315232674251991,4.738987918145261,46.10839515596009,-29.88869996001028,True
0.9053431842736248,14.75098475396343,4.870376164990297,129.27103324918053,-50.145564625695016,True
1.070082684186184,15.009089419145708,5.024775726056045,76.86854299886689,-39.04018234066663,True
0.959054183106453,15.751902137807408,5.151297810767856,149.72443386839063,-54.38555161332392,True
1.0136502136373668,15.929328968434135,5.1037191070000425,125.43867667170956,-49.54168554483013,True
1.0764504334635274,13.623784220687833,5.539356143677427,56.5552817789306,-33.2535268684249,True
1.0326943034404241,13.676207831842767,4.800241650723234,54.51124684315978,-32.88933613581472,True
1.052019444538092,13.620429618848625,5.13991100492844,54.90275034552422,-32.8947737272562,True
1.0555076866015383,15.790859677211138,5.152793409484121,106.19606548034488,-45.81171070791644,True
0.9753928287052056,15.345583039946739,4.879748162211115,114.03147554623652,-47.496668102076185,True
0.948152375968233,14.646806911059072,4.9805048418250815,110.97431070665448,-46.85782358945959,True
1.0207600083909678,13.807949949434741,4.801078609796828,60.285623813714956,-34.45543557324357,True
1.0356358291094798,15.15528506928946,5.088649643263606,93.58256535216256,-43.08763244292364,True
1.0551817826364975,16.368828242663117,4.60444428190263,97.49647135990534,-43.623461116850414,True
1.0390410770404752,16.30370842262412,5.507466060681416,144.88022321734866,-53.19733635781163,True
0.9754152168570874,13.526763909568974,4.926801423918911,70.2747288324442,-37.3028935927902,True
1.0439856161220968,16.071052434326443,4.7859742737129185,100.94531075537698,-44.31958570626788,True
0.8949197689745305,13.513663376209553,4.478774865170263,82.4557872044864,-40.4486150364735,True
1.063612531610119,14.597709162731597,4.893682661392524,65.74988702081546,-35.754217622414615,True
0.9555325936318941,14.479955231668963,4.928907503218544,101.13169094696904,-44.670661952044824,True
0.9544678778616944,15.266302361471334,5.091721539729187,131.13901942071712,-50.8626979358065,True
1.1244134372586219,13.997531136691986,4.937105029807474,41.026434500017736,-28.14023434210063,True
1.002853829665246,15.1028909838664,5.868924189501758,140.27631508823305,-52.41051590396189,True
0.9872283237358617,13.919088430499977,4.61892752995788,66.64844983911844,-35.972413830087746,True
0.9423408697427905,15.171986587344675,5.184201153056185,139.57988727212575,-52.14685235913485,True
1.0221314297778525,13.682709729094041,5.121792260163042,64.72218314318098,-35.53629030490319,True
1.0396628840183937,14.602262870668065,4.595671478017327,64.15551378398783,-35.45412543064616,True
0.9824410955239457,15.003685899617107,4.902311809113592,104.17113787409745,-45.06737850017191,True
0.8926076437323606,14.749809247876188,5.704729593733042,186.97166830543136,-60.47317745508353,True
1.0813309119286847,15.844886170239828,4.843021564979502,85.08394702039038,-40.76630270408536,True
0.9855511245150607,12.74110858606091,5.606182407124076,65.58352910705625,-35.84835236803127,True
0.9844373812546071,15.174624798149633,4.966801095613425,110.08151612294292,-46.533424907359446,True
0.9982320941582279,14.169779957345408,5.009744177471513,80.90599887995404,-39.659380441676255,True
0.9597431861495634,15.590927701931275,4.887623864929241,127.92635476466052,-49.89201237627124,True
1.0636923701455425,15.030600851523888,4.702172492171984,70.21044777175734,-37.356197129942196,True
1.0363226011122777,16.08788712735039,4.635883247545825,97.75972142541607,-43.571332391006706,True
1.024391051254743,14.767136108183463,4.818007905735164,79.59959628165416,-39.46619759964808,True
1.1155724037210848,16.23423145943444,5.225785394161478,96.95267391023732,-43.772514774711205,True
0.965130229953018,15.156628535104328,5.162367945658021,127.57394602315442,-49.79199632783327,True
1.0638382587914266,13.706726753472578,4.888790953494716,48.474005720073045,-31.043319315704935,True
0.8888010355847507,14.186599406241836,5.563784043945015,156.9415718211328,-55.313089435393955,True
1.0321880826857392,14.41337964716608,4.747105705135505,66.70618169199338,-36.185935979092434,True
1.1129167733900553,15.114629552462,5.137322252669973,69.23670729458748,-36.986355539651115,True
0.9475112213631507,15.899773887363368,4.607534104166656,128.90940086812424,-50.481371527765575,True
1.0821999564577296,15.610762899920251,5.090607108387172,88.25372462576996,-41.69986555821932,True
0.9308637757848142,15.664636093195849,5.154510877558927,162.76728172442367,-56.70106217795666,True
1.103908308163851,14.253584589263435,4.941021663904504,50.021501501001474,-31.24295641950586,True
0.9769711775185475,15.882340382169266,5.013415460491011,136.22725408305482,-51.81009759264014,True
0.9629718216414241,15.10396534337482,4.856973686790086,112.76376342065149,-47.24126029383225,True
0.9732229544902463,15.794637122515214,5.279160082378792,149.1556434764055,-54.268201065076596,True
1.0015936526138363,13.522548956152583,5.262498871963649,71.34694640326491,-37.33552510199679,True
0.9923987073621684,15.452464050606386,5.131495907774363,121.26136883785622,-48.81176449323995,True
0.9973825608093999,14.38917874093445,5.210096595087753,93.57545367679556,-42.959563004549885,True
1.0158067174899015,13.734675827585644,5.165847628740193,69.15409396238435,-36.62003957106356,True
1.0119800343924334,15.646515968437898,4.876854626181322,106.92979739446956,-45.88368295839438,True
1.000310839555865,14.570984742847473,5.106781705807536,93.66042813495082,-42.70274690397015,True
0.9778864330556667,15.530373543112457,5.226155557637015,135.46114715790856,-51.50924834907542,True
1.0214182068831652,14.021750576489938,4.9386793365092165,67.16823752155959,-36.52424999515518,True
1.0187902138599896,17.031624444204574,5.171013789790511,159.14966938106303,-55.80450487951179,True
1.016441217879653,14.880988970131796,4.603525264731186,77.93641809076011,-39.342175415052175,True
0.9999148146149149,14.530782174450717,4.644446536688238,75.62639005794439,-38.374106580671594,True
0.9653556535648331,15.989985754048899,5.024910543963353,145.4131369271576,-53.20216467880701,True
1.00369743039759,14.914271498124098,4.906263446780552,93.70154643787333,-42.69481571242532,True
0.9861210245162793,18.16572027859845,5.330166270567129,231.422620189313,-67.23456187900487,True
0.8966884017750879,16.165062664363486,4.944703926414445,185.00760547542657,-60.36630598857163,True
1.049965193073629,14.526594741105585,5.344588432284417,81.24610113658716,-39.77708739451813,True
1.0129916078020786,15.07427222503071,4.992150282165962,96.1550749629296,-43.31527586937348,True
0.9989874273852625,15.066284536190471,5.105324885922084,107.47603860296924,-45.9359881115945,True
1.0262384276877008,13.944715216056833,4.873642349606959,62.82806118570951,-34.95140492815969,True
0.9622561030086954,16.283549478767647,4.963916931604594,153.3613107825716,-54.69069211713108,True
1.0679711049419738,14.570428455837858,4.7808830927341015,61.413980867088966,-34.575156522318395,True
1.0603356150984729,14.752690535315462,4.681935515664627,64.27885501436327,-35.65083121055188,True
0.9418939747740454,15.21863150191333,5.279018411927866,146.8372840546954,-53.66736476465912,True
0.9683809738182291,14.084341035057275,5.322518763615801,100.45211236040178,-44.32295002659012,True
1.0337548227077233,15.21133779859124,5.279271166592423,103.32623196800006,-45.127868347298545,True
1.012335108064179,14.49713248529624,5.33255491285632,94.23208795261047,-43.067390688813504,True
0.9991182662046848,14.523448165340817,5.064808043334004,91.07923850669867,-42.11354706334356,True
1.02198526917309,14.837858869543629,4.868130885274209,83.66034543989014,-40.69255534924558,True
0.9064075036849615,14.265047722180539,4.790308495174636,109.55758629815699,-46.59206595339773,True
0.9539103741088703,13.435292160503266,4.473402755104873,62.13826520719879,-34.72002598646186,True
0.9699016906701422,15.173804329826615,5.160689192022682,125.80471540492637,-49.61114926785433,True
1.0381427344369514,12.710444700029063,5.038444528368247,38.727207264298826,-27.441596772552977,True
0.8923053760829951,12.74651576707172,5.113193017324302,86.41321847882345,-41.2096339839136,True
1.0090546545959653,15.04472707498172,5.180659955544874,104.7917510567016,-45.58493172644099,True
0.9811650947074159,14.818129753144351,5.4162213334750176,121.00966465870445,-48.654408909963806,True
1.0325607370329404,15.259323188788791,4.901472610394295,91.69199552199095,-42.606225895601796,True
1.040406293992844,15.664369163974632,5.143277720590763,106.77223283216976,-45.5770405921178,True
1.0849060127176005,13.02273498007349,4.850884200617478,32.222999048360116,-25.058053461458158,True
0.9413139435236038,14.385300406299091,4.488300092652028,86.31343726567215,-41.10232727420479,True
0.9589254858498468,14.55232870417856,4.946891367933294,101.69250542432454,-44.562474918399104,True
1.0024370838056547,15.3122783533472,5.438028169783424,126.3803099063982,-49.67646784236549,True
1.0705043275692132,15.228241197589517,4.944879943218013,78.44211727820908,-39.456783557827855,True
1.0218619667034412,14.594961809045927,4.73371898470585,73.46587267762985,-38.10511040052094,True
1.0052734666570735,15.044155761220315,5.115452829519898,104.29257116549496,-45.06352902537828,True
1.0612210535896356,14.725138120399398,5.266999969115769,80.76833422449145,-39.764523994924076,True
0.9801337564172898,14.087301621029148,5.1534891545839585,90.38550153361739,-42.00025342614579,True
1.058476763596269,15.053929448788166,5.406608759703012,95.00026216614293,-43.151694775741746,True
1.0867528506923017,12.855784298942702,4.71936688190955,27.47615069556968,-23.270693822218025,True
0.9923457912328547,15.245294732250544,5.416714752555035,129.14993454436262,-50.17877421648916,True
0.9225210426856125,16.41235263052622,4.384104887873847,140.10527123726578,-52.193645673200685,True
1.0072825358573583,14.653072552164643,4.3908404284501605,68.00155719502104,-36.545116833521185,True
1.0822140340235074,17.0620048122057,4.561096136886391,101.27040157231033,-44.70667210397825,True
1.0246780363271413,15.603046440172593,5.1440592179267535,111.51230590852383,-46.65707297990297,True
0.9312059819612376,16.45840215608907,4.547353005215514,146.66509531950487,-53.48849231872792,True
1.0635134689121897,15.385798014758231,4.808503708552119,80.77300038891174,-39.70728412865017,True
1.0397698292447506,15.551572394695691,4.87297171887818,94.20558349836993,-42.96044855753831,True
1.0499806742251125,15.143233669708714,5.223901333316461,93.45369103742355,-42.98343803187773,True
1.0566471135967073,13.43220475109594,5.383442934633919,54.830599874263264,-32.88815500017238,True
0.9728731497902284,13.03466342693441,5.270622741554824,68.82972082597882,-36.90000637683524,True
1.052927762447018,14.758697486824381,4.570764934929379,63.59758854782176,-35.094134257819505,True
0.9677231723145521,14.397296430477281,5.053603612923818,99.94840559612614,-44.29727669640076,True
0.940918219043237,14.4294000425621,4.888854577478429,103.69671771900668,-45.02881718296523,True
0.9585545070679999,13.735793840516497,4.950886602881519,82.52611972797347,-40.18552440871019,True
1.034639066926305,16.108559993935806,4.980286968206783,114.25753071745874,-47.23122244839467,True
0.979542595484871,13.968815130988833,4.8607552373403795,77.67120005965502,-39.014310147667395,True
1.0737790289837978,13.904137622051431,4.782274773499111,47.73065174372602,-30.550314842362848,True
1.0557231830627487,15.038369696744892,4.865508626783143,77.30618025493125,-39.09238925028209,True
1.0336977614269336,16.083433317851714,4.792599360331876,105.04617042094277,-45.48869704862339,True
1.0690027763317906,15.84832028631965,5.304878934636881,108.4732953538469,-46.25247771225053,True
0.9412472379390876,14.350394946337019,4.980810150590286,105.60991056491928,-45.4132586606788,True
1.0478270042637254,14.787620732749085,5.303089572769374,88.584489150164,-41.72679716996722,True
1.0287107225015981,16.64030373883228,5.327890751348646,150.22557284180255,-54.2325288062109,True
0.936328951408594,16.10606794175101,5.41570502444037,192.47684317972485,-61.25095720004006,True
0.9639957725415443,15.876668454880976,4.622646898432248,120.87802882400443,-48.493649304726446,True
0.9920630807793926,15.385257914362917,5.078827697285754,117.1559058843921,-47.9469333240919,True
0.9906316043317251,15.100167781723512,4.627657619735536,91.27007043437125,-42.42568970727118,True
0.9979452623503983,17.008572721176584,5.55107567138777,197.06015506587806,-62.00638013489113,True
0.9690291264329335,16.12857419733817,5.176659853774724,156.76666437145835,-55.695913353982526,True
1.0739569525694665,15.122101525411168,4.859164770832579,73.59309085264323,-37.933406371006974,True
0.9382804600805046,15.723232244198446,4.905435488894215,145.39604378937935,-53.409388535103396,True
0.9397506331039469,14.750741604525668,5.251803352657752,132.28679041993067,-50.71535572190029,True
0.9528744664225446,13.39561945793079,4.889491744573441,73.08605779633089,-38.044233268561584,True
0.9682300484403747,13.97760354222603,4.5928457385674175,72.03054691209154,-37.579285606236546,True
0.964329462070341,14.539275205088654,5.134907290039182,107.35280053200447,-45.95902326504588,True
1.0839850387051309,14.474540072153234,5.369874186411197,70.31558095205723,-37.274862363196334,True
0.9670727488218147,14.276916875733733,4.97806070818646,93.1753185792949,-42.92388684989158,True
0.9939211923512438,14.322377429459271,5.225040780710919,93.12114893798285,-42.55814236510142,True
0.9368857022427526,16.306106400005252,4.822542268981286,158.4729068290672,-55.870765027569725,True
0.9765402603964399,16.832649909640406,5.037764685240404,166.4060079343354,-57.16001843553765,True
1.0300685292498746,16.312357317629072,5.029956402184068,124.04484077518916,-49.51925826987797,True
1.034023849428302,12.842607178572713,4.89491182749168,39.67075399402333,-27.92235324661636,True
1.0492080722576578,16.077906287902177,4.716634010688659,97.16818289540616,-43.46021625833542,True
0.9501180716268601,15.73650554932368,4.781104667584884,131.3389861292303,-50.97211595995973,True
0.9663312405563109,14.962771937738484,4.794443329390776,103.17620507209999,-44.86780819862802,True
1.040881144873536,14.503024141464746,4.86212686851771,70.31029150436812,-37.183789170305396,True
0.9987912395114978,14.69508521796395,4.958973044121402,91.91575513964408,-42.684152233237384,True
0.996977189566217,15.989986891001843,5.043341864508769,129.8471436105123,-50.459735893823904,True
1.0295059531951214,15.3856829902748,5.042873720831312,99.74590118931248,-44.21114054576457,True
1.0498322647864438,16.219563078708305,4.969238252663161,111.02633267887705,-46.848145082999594,True
0.9650685438409857,15.814675917406577,5.004445267214087,140.09678101187285,-52.62313881154691,True
0.9948149107569967,16.440519853440932,4.743013686151343,127.6401535139399,-50.011503802842455,True
0.9940069121556975,15.633965297124357,5.057301077525167,123.40233156191064,-49.278047722326946,True
0.9515625202450345,13.862773021800175,4.530190519245432,73.1491269504054,-37.69963845546548,True
1.014984158985517,13.399927318879072,4.696564865221217,50.423799428214416,-31.635607062084485,True
0.9730443592035625,15.646041254891376,4.687853778583447,113.50183121928495,-47.051473261528365,True
0.9997400690865103,15.600583586160615,4.828685930409357,108.41138885906997,-45.961497385081124,True
1.0324737499172512,14.382853373208203,5.086773974173658,76.09643359402655,-38.82655965903178,True
1.0134293367138616,15.247304411753042,5.05233030826002,104.42186554678406,-45.40369136553856,True
0.9556492269327507,14.545565919186808,5.081969659802427,109.17649651461191,-46.47137971821171,True
1.0101880577574878,14.50683306896141,5.242683536376297,91.80445208607729,-42.327232260182704,True
1.006937810189962,13.566741802589128,5.054160721292318,65.4318823338363,-35.762839143276835,True
0.9719385492565487,15.044777692047859,4.697914881179098,98.8036550576249,-43.98701870785716,True
0.9568424942485941,14.483123071065561,5.008935911571025,104.79578861887657,-45.20532597735682,True
1.0076991753665472,15.378368071667362,4.720087078894509,95.66275863050089,-43.26885827389983,True
0.9301399445981638,13.246688686240567,4.899581029173886,77.23731543512879,-39.1071196930206,True
0.9466023543923343,15.601883874658748,5.119382203071389,148.65571967739578,-53.92928775780391,True
0.935833427149128,14.484730143388001,4.9493231631396375,109.56016529952494,-46.49992704681777,True
0.939400579730105,13.933388212846484,5.192837141711194,102.66399027208575,-45.00699947448608,True
0.9760562594909443,14.560089829324278,5.002503656371188,99.03174319756766,-43.859312000472286,True
1.0531006494661113,13.401792391555839,4.545722527024224,39.15754871538952,-27.934055146468676,True
1.0309167278930607,14.709076858258369,4.881576627502109,77.84092917746632,-38.97800445401793,True
1.0561579195204864,15.12319351015463,5.190599044335226,88.98530200392813,-41.7893639188084,True
0.9694604735902592,15.072674623683682,5.1369555641670726,120.58839035660935,-48.441439222034035,True
0.8994489809161998,15.45996018897089,4.678515489740638,142.787494773006,-53.12169237906275,True
0.9701321037280124,14.432332231152188,4.86190172078792,92.24329923920816,-42.37183181121445,True
1.0563823744018122,15.779370824657624,5.062030820480221,101.53118214268508,-44.483395762165514,True
0.9803218283454392,15.266168498758153,4.843346740102485,107.5885309292524,-46.11684648966619,True
0.9989087390467722,15.815933709767867,4.898262011535533,116.70696659405269,-47.98526180930542,True
0.9892670669482515,16.65910393826505,5.0746564883732965,156.93797487735512,-55.380791184360554,True
1.0348696372879056,13.448768959087639,5.549797640850146,64.99513987161008,-35.784328288780465,True
1.0415190610453582,14.617372416224642,5.092994666175575,78.60324499268431,-39.276202117950426,True
0.9225438031394089,14.23715084674191,5.207951195924124,121.89645062526186,-48.96191139375892,True
0.8784900318359534,17.138242258824473,4.733896835030571,217.58810991642466,-65.27443830972686,True
1.0327432689824003,15.597293049288409,4.626524516313446,88.09601671762888,-41.60607902729302,True
